<?xml version="1.0" encoding="utf-8"?>
<COLLADA xmlns="http://www.collada.org/2005/11/COLLADASchema" version="1.4.1">
  <asset>
    <contributor>
      <author>Blender User</author>
      <authoring_tool>Blender 2.78.0 commit date:2017-02-24, commit time:14:33, hash:e92f2352830</authoring_tool>
    </contributor>
    <created>2020-06-15T10:49:53</created>
    <modified>2020-06-15T10:49:53</modified>
    <unit name="meter" meter="1"/>
    <up_axis>Z_UP</up_axis>
  </asset>
  <library_cameras>
    <camera id="Camera-camera" name="Camera">
      <optics>
        <technique_common>
          <perspective>
            <xfov sid="xfov">49.13434</xfov>
            <aspect_ratio>1.777778</aspect_ratio>
            <znear sid="znear">0.1</znear>
            <zfar sid="zfar">100</zfar>
          </perspective>
        </technique_common>
      </optics>
      <extra>
        <technique profile="blender">
          <YF_dofdist>0</YF_dofdist>
          <shiftx>0</shiftx>
          <shifty>0</shifty>
        </technique>
      </extra>
    </camera>
    <camera id="Camera_001-camera" name="Camera.001">
      <optics>
        <technique_common>
          <perspective>
            <xfov sid="xfov">49.13434</xfov>
            <aspect_ratio>1.777778</aspect_ratio>
            <znear sid="znear">0.1</znear>
            <zfar sid="zfar">100</zfar>
          </perspective>
        </technique_common>
      </optics>
      <extra>
        <technique profile="blender">
          <YF_dofdist>0</YF_dofdist>
          <shiftx>0</shiftx>
          <shifty>0</shifty>
        </technique>
      </extra>
    </camera>
    <camera id="Camera_001-camera" name="Camera.002">
      <optics>
        <technique_common>
          <perspective>
            <xfov sid="xfov">49.13434</xfov>
            <aspect_ratio>1.777778</aspect_ratio>
            <znear sid="znear">0.1</znear>
            <zfar sid="zfar">100</zfar>
          </perspective>
        </technique_common>
      </optics>
      <extra>
        <technique profile="blender">
          <YF_dofdist>0</YF_dofdist>
          <shiftx>0</shiftx>
          <shifty>0</shifty>
        </technique>
      </extra>
    </camera>
  </library_cameras>
  <library_lights>
    <light id="Lamp-light" name="Lamp">
      <technique_common>
        <point>
          <color sid="color">1 1 1</color>
          <constant_attenuation>1</constant_attenuation>
          <linear_attenuation>0</linear_attenuation>
          <quadratic_attenuation>0.00111109</quadratic_attenuation>
        </point>
      </technique_common>
      <extra>
        <technique profile="blender">
          <adapt_thresh>0.000999987</adapt_thresh>
          <area_shape>1</area_shape>
          <area_size>0.1</area_size>
          <area_sizey>0.1</area_sizey>
          <area_sizez>1</area_sizez>
          <atm_distance_factor>1</atm_distance_factor>
          <atm_extinction_factor>1</atm_extinction_factor>
          <atm_turbidity>2</atm_turbidity>
          <att1>0</att1>
          <att2>1</att2>
          <backscattered_light>1</backscattered_light>
          <bias>1</bias>
          <blue>1</blue>
          <buffers>1</buffers>
          <bufflag>0</bufflag>
          <bufsize>2880</bufsize>
          <buftype>2</buftype>
          <clipend>30.002</clipend>
          <clipsta>1.000799</clipsta>
          <compressthresh>0.04999995</compressthresh>
          <dist sid="blender_dist">29.99998</dist>
          <energy sid="blender_energy">1</energy>
          <falloff_type>2</falloff_type>
          <filtertype>0</filtertype>
          <flag>0</flag>
          <gamma sid="blender_gamma">1</gamma>
          <green>1</green>
          <halo_intensity sid="blnder_halo_intensity">1</halo_intensity>
          <horizon_brightness>1</horizon_brightness>
          <mode>8192</mode>
          <ray_samp>1</ray_samp>
          <ray_samp_method>1</ray_samp_method>
          <ray_samp_type>0</ray_samp_type>
          <ray_sampy>1</ray_sampy>
          <ray_sampz>1</ray_sampz>
          <red>1</red>
          <samp>3</samp>
          <shadhalostep>0</shadhalostep>
          <shadow_b sid="blender_shadow_b">0</shadow_b>
          <shadow_g sid="blender_shadow_g">0</shadow_g>
          <shadow_r sid="blender_shadow_r">0</shadow_r>
          <sky_colorspace>0</sky_colorspace>
          <sky_exposure>1</sky_exposure>
          <skyblendfac>1</skyblendfac>
          <skyblendtype>1</skyblendtype>
          <soft>3</soft>
          <spotblend>0.15</spotblend>
          <spotsize>75</spotsize>
          <spread>1</spread>
          <sun_brightness>1</sun_brightness>
          <sun_effect_type>0</sun_effect_type>
          <sun_intensity>1</sun_intensity>
          <sun_size>1</sun_size>
          <type>0</type>
        </technique>
      </extra>
    </light>
    <light id="Lamp_001-light" name="Lamp.001">
      <technique_common>
        <point>
          <color sid="color">1 1 1</color>
          <constant_attenuation>1</constant_attenuation>
          <linear_attenuation>0</linear_attenuation>
          <quadratic_attenuation>0.00111109</quadratic_attenuation>
        </point>
      </technique_common>
      <extra>
        <technique profile="blender">
          <adapt_thresh>9.99987e-4</adapt_thresh>
          <area_shape>1</area_shape>
          <area_size>0.1</area_size>
          <area_sizey>0.1</area_sizey>
          <area_sizez>1</area_sizez>
          <atm_distance_factor>1</atm_distance_factor>
          <atm_extinction_factor>1</atm_extinction_factor>
          <atm_turbidity>2</atm_turbidity>
          <att1>0</att1>
          <att2>1</att2>
          <backscattered_light>1</backscattered_light>
          <bias>1</bias>
          <blue>1</blue>
          <buffers>1</buffers>
          <bufflag>0</bufflag>
          <bufsize>2880</bufsize>
          <buftype>2</buftype>
          <clipend>30.002</clipend>
          <clipsta>1.000799</clipsta>
          <compressthresh>0.04999995</compressthresh>
          <dist sid="blender_dist">29.99998</dist>
          <energy sid="blender_energy">1</energy>
          <falloff_type>2</falloff_type>
          <filtertype>0</filtertype>
          <flag>0</flag>
          <gamma sid="blender_gamma">1</gamma>
          <green>1</green>
          <halo_intensity sid="blnder_halo_intensity">1</halo_intensity>
          <horizon_brightness>1</horizon_brightness>
          <mode>8192</mode>
          <ray_samp>1</ray_samp>
          <ray_samp_method>1</ray_samp_method>
          <ray_samp_type>0</ray_samp_type>
          <ray_sampy>1</ray_sampy>
          <ray_sampz>1</ray_sampz>
          <red>1</red>
          <samp>3</samp>
          <shadhalostep>0</shadhalostep>
          <shadow_b sid="blender_shadow_b">0</shadow_b>
          <shadow_g sid="blender_shadow_g">0</shadow_g>
          <shadow_r sid="blender_shadow_r">0</shadow_r>
          <sky_colorspace>0</sky_colorspace>
          <sky_exposure>1</sky_exposure>
          <skyblendfac>1</skyblendfac>
          <skyblendtype>1</skyblendtype>
          <soft>3</soft>
          <spotblend>0.15</spotblend>
          <spotsize>75</spotsize>
          <spread>1</spread>
          <sun_brightness>1</sun_brightness>
          <sun_effect_type>0</sun_effect_type>
          <sun_intensity>1</sun_intensity>
          <sun_size>1</sun_size>
          <type>0</type>
        </technique>
      </extra>
    </light>
    <light id="Lamp_001-light" name="Lamp.002">
      <technique_common>
        <point>
          <color sid="color">1 1 1</color>
          <constant_attenuation>1</constant_attenuation>
          <linear_attenuation>0</linear_attenuation>
          <quadratic_attenuation>0.00111109</quadratic_attenuation>
        </point>
      </technique_common>
      <extra>
        <technique profile="blender">
          <adapt_thresh>9.99987e-4</adapt_thresh>
          <area_shape>1</area_shape>
          <area_size>0.1</area_size>
          <area_sizey>0.1</area_sizey>
          <area_sizez>1</area_sizez>
          <atm_distance_factor>1</atm_distance_factor>
          <atm_extinction_factor>1</atm_extinction_factor>
          <atm_turbidity>2</atm_turbidity>
          <att1>0</att1>
          <att2>1</att2>
          <backscattered_light>1</backscattered_light>
          <bias>1</bias>
          <blue>1</blue>
          <buffers>1</buffers>
          <bufflag>0</bufflag>
          <bufsize>2880</bufsize>
          <buftype>2</buftype>
          <clipend>30.002</clipend>
          <clipsta>1.000799</clipsta>
          <compressthresh>0.04999995</compressthresh>
          <dist sid="blender_dist">29.99998</dist>
          <energy sid="blender_energy">1</energy>
          <falloff_type>2</falloff_type>
          <filtertype>0</filtertype>
          <flag>0</flag>
          <gamma sid="blender_gamma">1</gamma>
          <green>1</green>
          <halo_intensity sid="blnder_halo_intensity">1</halo_intensity>
          <horizon_brightness>1</horizon_brightness>
          <mode>8192</mode>
          <ray_samp>1</ray_samp>
          <ray_samp_method>1</ray_samp_method>
          <ray_samp_type>0</ray_samp_type>
          <ray_sampy>1</ray_sampy>
          <ray_sampz>1</ray_sampz>
          <red>1</red>
          <samp>3</samp>
          <shadhalostep>0</shadhalostep>
          <shadow_b sid="blender_shadow_b">0</shadow_b>
          <shadow_g sid="blender_shadow_g">0</shadow_g>
          <shadow_r sid="blender_shadow_r">0</shadow_r>
          <sky_colorspace>0</sky_colorspace>
          <sky_exposure>1</sky_exposure>
          <skyblendfac>1</skyblendfac>
          <skyblendtype>1</skyblendtype>
          <soft>3</soft>
          <spotblend>0.15</spotblend>
          <spotsize>75</spotsize>
          <spread>1</spread>
          <sun_brightness>1</sun_brightness>
          <sun_effect_type>0</sun_effect_type>
          <sun_intensity>1</sun_intensity>
          <sun_size>1</sun_size>
          <type>0</type>
        </technique>
      </extra>
    </light>
  </library_lights>
  <library_images/>
  <library_effects>
    <effect id="black-effect">
      <profile_COMMON>
        <technique sid="common">
          <phong>
            <emission>
              <color sid="emission">0 0 0 1</color>
            </emission>
            <ambient>
              <color sid="ambient">0 0 0 1</color>
            </ambient>
            <diffuse>
              <color sid="diffuse">0.0784 0.0784 0.0784 1</color>
            </diffuse>
            <specular>
              <color sid="specular">0.05625 0.05625 0.05625 1</color>
            </specular>
            <shininess>
              <float sid="shininess">6</float>
            </shininess>
            <transparent opaque="A_ONE">
              <color>1 1 1 1</color>
            </transparent>
            <index_of_refraction>
              <float sid="index_of_refraction">1</float>
            </index_of_refraction>
          </phong>
        </technique>
      </profile_COMMON>
    </effect>
  </library_effects>
  <library_materials>
    <material id="black-material" name="black">
      <instance_effect url="#black-effect"/>
    </material>
  </library_materials>
  <library_geometries>
    <geometry id="wheel_front_left_caliper_brakedisk-mesh" name="wheel_front_left_caliper_brakedisk">
      <mesh>
        <source id="wheel_front_left_caliper_brakedisk-mesh-positions">
          <float_array id="wheel_front_left_caliper_brakedisk-mesh-positions-array" count="6180">-0.05943453 0.03423154 -0.02748966 -0.05943453 0.03423154 -0.01476758 -0.05232352 0.03372448 -0.02054357 -0.05430251 0.03360748 -0.02892661 -0.05943453 0.03423154 -0.03119564 -0.05430251 0.03360748 -0.03153264 -0.06462252 0.03389447 -0.03085654 -0.06462252 0.03389447 -0.0260536 -0.06462252 0.03389447 -0.01259058 -0.0670275 0.02215749 -0.01826167 -0.06706851 0.0223875 -9.00626e-4 -0.06664252 0.02901053 -0.009124636 -0.0666325 0.02895355 -0.02374655 -0.0670275 0.02215749 -0.02891564 -0.0666325 0.02895355 -0.03028661 -0.06763154 0.01518249 -0.02754455 -0.06763154 0.01518249 -0.01277661 -0.06773054 0.01550942 0.007354319 -0.0935865 -0.02256339 -0.0238946 -0.09467655 -0.01514142 -0.03190451 -0.09416151 -0.01511746 -0.03296959 -0.09318155 -0.02245348 -0.02529054 -0.09041553 -0.03037548 -0.01539361 -0.09012651 -0.03015249 -0.01715767 -0.09041553 -0.03037548 -0.01081657 -0.0935865 -0.02256339 -0.01840162 -0.09467655 -0.01514142 -0.02552759 -0.09306055 -0.008458495 -0.01064556 -0.08953255 -0.007954478 -0.01064556 -0.08966153 -0.007968544 -0.02832663 -0.0931465 -0.008467555 -0.02832663 -0.09476655 -0.009238481 -0.01061356 -0.09478855 -0.009240508 -0.0282635 -0.0947535 -0.009236454 0.01243537 -0.09300655 -0.008452534 0.01243537 -0.08945053 -0.007946491 0.01243537 -0.0730015 0.001400411 -0.03433352 -0.0730015 0.001400411 -0.02770662 -0.07007855 0.007358551 -0.02724266 -0.07007855 0.007358551 -0.03367567 -0.07108855 0.001341462 -0.03544664 -0.06818652 0.007300496 -0.03478854 -0.0753535 -0.004295468 -0.0361045 -0.07748252 -0.004220485 -0.03499162 -0.07747352 -0.004219532 -0.02817159 -0.07901251 -0.02359652 -0.02630954 -0.06801354 -0.02534866 -0.02536666 -0.07202255 -0.03389638 -0.01712262 -0.08135551 -0.03107166 -0.01877558 -0.08791655 -0.02227044 -0.02691251 -0.08671253 -0.02791166 -0.02120357 -0.08765953 -0.01518249 -0.03361356 -0.07690453 -0.01579749 -0.03346264 -0.06418353 -0.01656854 -0.03322654 -0.05158853 -0.008227467 -0.03669458 -0.0516895 -0.01017946 -0.0365675 -0.06253153 -0.009800553 -0.0365675 -0.06176447 -0.007888555 -0.03669458 -0.05118352 -0.005662441 -0.03652656 -0.06025952 -0.004953503 -0.03648865 -0.04284352 -0.006366491 -0.03657162 -0.04284244 -0.008481502 -0.03669458 -0.04293054 -0.01043355 -0.0365675 -0.06496453 -0.04213255 -0.007834672 -0.06496453 -0.04213255 -0.004072666 -0.0747075 -0.03919959 -0.005143642 -0.0747075 -0.03919959 -0.00903666 -0.06477451 -0.04171341 -0.009830594 -0.0745055 -0.03883147 -0.01099658 -0.05512851 -0.04392457 -0.009190678 -0.05530148 -0.04438346 -0.007169604 -0.05530148 -0.04438346 -0.003478646 -0.04857552 0.005737543 -0.03528755 -0.04909354 0.002643406 -0.03550267 -0.05537152 0.005887508 -0.03524559 -0.05439949 0.009489536 -0.03502762 -0.04836255 0.007610559 -0.03485858 -0.05395048 0.01349151 -0.03474259 -0.04271847 0.003505468 -0.03512459 -0.04297554 0.001745462 -0.03559565 -0.04312551 -7.9453e-4 -0.03580558 -0.05015748 -0.001597464 -0.03602159 -0.0577265 3.55482e-4 -0.03586864 -0.04300945 -0.00365144 -0.03620362 -0.09518754 -0.01108253 -0.03482866 -0.09479653 -0.009241461 -0.03511458 -0.09432351 -0.009674549 -0.03582257 -0.09463453 -0.01106148 -0.03584659 -0.09518754 -0.01108253 -0.02807259 -0.09518754 -0.01108253 -0.01051753 -0.09518754 -0.01108253 0.01243537 -0.09467655 -0.01514142 -0.009066581 -0.09467655 -0.01514142 0.01243537 -0.08274453 -0.03437846 -0.01490962 -0.07389855 -0.03772759 -0.01301258 -0.0834285 -0.03529453 -0.01291561 -0.08926153 -0.02948451 -0.01893258 -0.05180245 -0.0124064 -0.03618562 -0.06284755 -0.01204043 -0.03618562 -0.04303056 -0.01266139 -0.03618562 -0.04445546 -0.01764541 -0.0330215 -0.05333155 -0.01718044 -0.03309059 -0.05943453 0.03423154 -0.03343456 -0.05430251 0.03360748 -0.03341656 -0.05566149 0.03327155 -0.03426361 -0.05946248 0.03375053 -0.03456366 -0.06462252 0.03389447 -0.0334506 -0.06330651 0.0334835 -0.03427863 -0.0670275 0.02215749 -0.03345656 -0.0666325 0.02895355 -0.03345656 -0.06491255 0.02890551 -0.03456962 -0.06530755 0.02210944 -0.03456962 -0.06763154 0.01518249 -0.03345656 -0.06588751 0.0151335 -0.03456962 -0.09317952 -0.008470535 -0.03521054 -0.08971154 -0.007973551 -0.03521054 -0.08793056 -0.008596539 -0.03637564 -0.09313255 -0.009103536 -0.03619652 -0.06846851 0.01110148 -0.03345656 -0.06664955 0.01104748 -0.03456962 -0.06846851 0.01110148 -0.0270875 -0.005639553 -0.03069758 -0.02427661 -8.27551e-4 -0.03088253 -0.02427661 -0.001135528 -0.04237866 -0.01518052 -0.006580531 -0.04213762 -0.01518166 -0.01068949 -0.03044646 -0.0242775 -0.01207554 -0.04179447 -0.01518261 -0.009300529 -0.01902943 -0.03295457 -0.004695475 -0.01918852 -0.03295457 -5.17547e-4 -0.01931744 -0.03295457 -0.05954653 0.03230953 -0.0349406 -0.05975252 0.0287624 -0.0349406 -0.0647065 0.03245246 -0.03456962 -0.05438649 0.03216546 -0.03455758 -0.05459147 0.02861845 -0.03455656 -0.08365654 -0.03560066 -0.01099854 -0.08365654 -0.03560066 -0.006894588 -0.06119251 0.01088452 -0.0349406 -0.06251055 0.007124543 -0.03515952 -0.06065255 0.01498556 -0.0349406 -0.06535053 0.001164495 -0.03581762 -0.06896454 -0.004518449 -0.03647559 -0.006935477 -0.04734349 -0.01069658 -0.001275539 -0.04760354 -0.01069658 -0.001317501 -0.04917138 -0.008560657 -0.006981551 -0.04891055 -0.008561611 -0.01258355 -0.04696965 -0.0106976 -0.01263445 -0.04853647 -0.008562564 -0.07622355 -0.01151752 -0.03618562 -0.08768153 -0.01108646 -0.03618562 -0.07533454 -0.009238481 -0.0365675 -0.06642651 0.0325005 -0.02557557 -0.06642651 0.0325005 -0.01186555 -0.06642651 0.0325005 -0.03074353 -0.06642651 0.0325005 -0.03345656 -0.06014651 0.0219655 -0.0349406 -0.05498647 0.02182245 -0.03455567 -0.0730015 0.001400411 -0.0107966 -0.07745254 -0.004217505 -0.01068359 -0.0731495 0.001326501 0.01137638 -0.07747554 -0.004234552 0.01217132 -0.07031053 0.007306456 0.01055032 -0.07007855 0.007358551 -0.01091063 -0.08365654 -0.03560066 0.00165838 -0.09041553 -0.03037548 -6.00576e-4 -0.0747075 -0.03919959 0.002666354 -0.0747075 -0.03919959 0.01243537 -0.08365654 -0.03560066 0.01243537 -0.09041553 -0.03037548 0.01243537 -0.0935865 -0.02256339 -0.004968643 -0.0935865 -0.02256339 0.01243537 -0.06846851 0.01110148 -0.01094859 -0.06865751 0.01125848 0.0101903 -0.06496453 -0.04213255 0.003283381 -0.05530148 -0.04438346 0.003625333 -0.05530148 -0.04438346 0.01243537 -0.06496453 -0.04213255 0.01243537 -0.05943453 0.03423154 0.01451933 -0.06462252 0.03389447 0.01598334 -0.06462252 0.03389447 0.04345238 -0.05943453 0.03423154 0.04307132 -0.05216652 0.03402739 0.01304233 -0.05216652 0.03402739 0.04267442 -0.06719052 0.02307742 0.02376234 -0.06802552 0.01649039 0.02935743 -0.06832754 0.01749747 0.04695528 -0.06731653 0.02378547 0.04537439 -0.06667351 0.02918344 0.01829433 -0.06670451 0.02936053 0.0440284 -0.0935865 -0.02256339 0.04876542 -0.0935865 -0.02256339 0.04327231 -0.09041553 -0.03037548 0.03568726 -0.09041553 -0.03037548 0.0402643 -0.09326153 -0.02244442 0.05016034 -0.0901885 -0.03014057 0.0420264 -0.09424155 -0.01511347 0.05783939 -0.09467655 -0.01514142 0.05677533 -0.09467655 -0.01514142 0.05039829 -0.09306651 -0.008458495 0.03551638 -0.09476852 -0.009238481 0.03548443 -0.09479051 -0.009240508 0.05313432 -0.09315651 -0.008468508 0.05319738 -0.08954155 -0.007955551 0.03551638 -0.08967655 -0.007970452 0.05319738 -0.07421255 8.44479e-4 0.05804133 -0.07778751 -0.004360437 0.05957138 -0.07568454 -0.004430532 0.06074035 -0.07240051 8.02517e-4 0.05937927 -0.07197952 0.007001519 0.05620634 -0.07025051 0.006981492 0.05768442 -0.07171553 0.007006466 0.04933333 -0.07404452 8.94546e-4 0.05112338 -0.07773751 -0.00434643 0.05267935 -0.09228652 -0.0220856 0.05130332 -0.0929355 -0.01502752 0.05836337 -0.0895065 -0.02943849 0.04379642 -0.08706051 -0.02786248 0.04606342 -0.08839851 -0.02221751 0.05177736 -0.08813655 -0.01515942 0.05848234 -0.002068459 0.03066146 0.05508935 8.18461e-4 0.03058052 0.05508935 8.57443e-4 0.03202348 0.05464833 -0.002026498 0.03210347 0.05465036 -0.005648553 0.03076446 0.05508935 -0.005601525 0.03220653 0.0546543 -0.005800545 0.02770739 0.05528843 -0.002189517 0.02760446 0.05529034 7.36445e-4 0.02752345 0.05528533 -0.004211485 -0.00959444 0.06156533 -2.59548e-4 -0.00970447 0.06156533 -1.79559e-4 -0.006705522 0.06122541 -0.004074454 -0.006598472 0.06122839 -0.008648514 -0.009467482 0.06156533 -0.008461534 -0.006472468 0.0612263 -0.008713543 -0.01141953 0.06143832 -0.00426954 -0.01154738 0.06143832 -3.12537e-4 -0.01165741 0.06143832 -0.006996512 -0.04943245 0.03138428 -0.001331508 -0.04969358 0.03138428 -0.001317501 -0.04917138 0.03343141 -0.006981551 -0.04891055 0.03343236 -0.0126515 -0.04905837 0.03138542 -0.01263445 -0.04853647 0.03343337 -0.0126515 -0.04905837 0.02776539 -0.006996512 -0.04943245 0.02776437 -0.001331508 -0.04969358 0.0277633 -0.003067553 0.01056349 0.05778336 2.8044e-4 0.01047343 0.05775237 4.29451e-4 0.01603651 0.05673635 -0.002754509 0.01612353 0.05676835 -0.006999552 0.01067352 0.05776739 -0.00655353 0.01623046 0.05675137 -0.007483482 0.005096495 0.05892336 -0.003399491 0.004982471 0.05893433 1.30445e-4 0.004887461 0.05891233 -0.003768444 -0.001238465 0.06021636 -3.55542e-5 -0.001340508 0.06020534 -0.008021533 -0.001118481 0.06021142 -0.09518754 -0.01108253 0.05969935 -0.09518754 -0.01108253 0.05294328 -0.09468352 -0.01106041 0.06071734 -0.0943495 -0.009674549 0.06069338 -0.09479951 -0.009241461 0.05998533 -0.09518754 -0.01108253 0.03538942 -0.09467655 -0.01514142 0.03393834 -0.004334509 -0.0137754 0.06105637 -0.004695475 -0.01918852 0.05782526 -5.17547e-4 -0.01931744 0.05782526 -3.71546e-4 -0.01388543 0.06105637 -0.008786559 -0.01364737 0.06105637 -0.009300529 -0.01902943 0.05782526 -0.05943453 0.03423154 0.05358934 -0.06462252 0.03389447 0.05360138 -0.05946248 0.03375053 0.05471432 -0.06330651 0.0334835 0.05442827 -0.05219352 0.03354752 0.05470943 -0.05216652 0.03402739 0.05356734 -0.06736654 0.02406549 0.05358338 -0.06844455 0.01790648 0.05387139 -0.06569153 0.02406847 0.05480742 -0.06679254 0.01793754 0.05520832 -0.06500852 0.02939546 0.05474138 -0.0667175 0.02943146 0.05359929 -0.0931915 -0.008472442 0.06008136 -0.09319055 -0.009103536 0.06106734 -0.08799254 -0.008596539 0.06124639 -0.08972954 -0.007975459 0.06008136 -0.07001954 0.01245349 0.05478036 -0.0698015 0.01222348 0.04810941 -0.06834656 0.0124675 0.05623036 -0.0441215 0.0337975 0.01251536 -0.0441215 0.0337975 0.04250031 -0.03657847 0.03358054 0.01246941 -0.03657847 0.03358054 0.04244339 -0.03660053 0.03309953 -0.0171085 -0.04414552 0.03331649 -0.01708364 -0.05768853 -0.02678561 0.04968142 -0.05333244 -0.01718354 0.05795836 -0.06426554 -0.01656854 0.05809336 -0.06810152 -0.02535367 0.05022132 -0.06220251 -0.03621357 0.04101443 -0.07209551 -0.03390544 0.04196935 -0.05274254 -0.03797054 0.04052537 -0.04852652 -0.02787566 0.04940932 -0.04445654 -0.0176475 0.05789041 -0.05954653 0.03230953 0.05508935 -0.05227452 0.03210538 0.05508935 -0.0647065 0.03245246 0.05471837 -0.05987548 0.02925646 0.05518436 -0.05264645 0.02905339 0.05524635 -0.08365654 -0.03560066 0.0358693 -0.0747075 -0.03919959 0.03390634 -0.07451552 -0.03883266 0.03586333 -0.08346253 -0.03528946 0.03778338 -0.08365654 -0.03560066 0.03176534 -0.0747075 -0.03919959 0.03001439 -0.06324851 0.01231253 0.05711436 -0.05606651 0.01207345 0.05750942 -0.05476254 0.01760554 0.05648034 -0.06178653 0.01781445 0.05607026 -0.06497555 0.006794452 0.05846238 -0.05749851 0.006528437 0.05874443 -0.06691151 6.14524e-4 0.05997329 -0.05909448 3.51548e-4 0.06011939 -0.06935656 -0.004656553 0.06116729 -0.06060153 -0.004954457 0.06120336 -0.06420952 -0.0404675 0.0367434 -0.0739395 -0.03773355 0.03786736 -0.06477552 -0.04171651 0.0346983 -0.05512851 -0.04392552 0.0340594 -0.05460947 -0.04255455 0.03614836 -0.09317052 -0.01099348 0.06105637 -0.08797454 -0.01107949 0.06105637 -0.0441215 0.0337975 0.05353236 -0.04414552 0.03331649 0.05470037 -0.03657847 0.03358054 0.05349636 -0.03660053 0.03309953 0.05469143 -0.06642651 0.0325005 0.01647138 -0.06642651 0.0325005 0.04357928 -0.04574251 0.02351653 0.05570536 -0.04464751 0.02882349 0.05524337 -0.05354946 0.02374249 0.05571842 -0.04705554 0.01737838 0.05645936 -0.03965646 0.01716351 0.05628836 -0.03831946 0.02330148 0.0556004 -0.03712052 0.02860653 0.05521738 -0.06642651 0.0325005 0.05360537 -0.06064254 0.02394354 0.05546939 -0.07359355 0.001106441 0.03379333 -0.07100754 0.007148504 0.03237336 -0.07760155 -0.004291534 0.03508538 -0.08365654 -0.03560066 0.02321332 -0.0747075 -0.03919959 0.02220433 -0.09041553 -0.03037548 0.02547127 -0.0935865 -0.02256339 0.02983939 -0.06922453 0.01172846 0.03156137 -0.006997525 -0.04943245 0.02090835 -0.006997525 -0.04943245 0.01243537 -0.001331508 -0.04969358 0.01243537 -0.001331508 -0.04969358 0.02090835 -0.0126515 -0.04905837 0.02090936 -0.0126515 -0.04905837 0.01243537 -0.05266553 0.03211849 -0.0334075 -0.05266553 0.03211849 -0.03164267 -0.05287152 0.02857148 -0.03163951 -0.05287152 0.02857148 -0.03340363 -0.04821354 0.008191466 -0.03369253 -0.05224752 0.0141685 -0.03347456 -0.04815649 0.008160471 -0.0319305 -0.05223345 0.01416051 -0.03171151 -0.04242748 0.003965497 -0.0321846 -0.04251348 0.004018545 -0.03394556 -0.05326652 0.02177453 -0.03340256 -0.05326652 0.02177453 -0.03163862 -0.05266553 0.03211849 -0.02941256 -0.05055451 0.03205752 -0.02756965 -0.05085247 0.02835839 -0.02759557 -0.05287152 0.02857148 -0.02942061 -0.04821848 0.008194446 -0.02971261 -0.05224955 0.01416945 -0.02949553 -0.04780751 0.01095646 -0.02784359 -0.05094856 0.01509547 -0.02817857 -0.04191845 0.007308483 -0.02806454 -0.0425235 0.004023492 -0.02996659 -0.05326652 0.02177453 -0.02942359 -0.05153155 0.02110755 -0.02762866 -0.04632753 0.01910746 -0.02712553 -0.04479449 0.02772152 -0.02701359 -0.03972953 0.0169354 -0.02725058 -0.03747349 0.02701538 -0.02704763 -0.04421854 0.03187549 -0.02696359 -0.03666454 0.03165739 -0.0269736 -0.0140565 -0.009311437 -0.03669458 -0.01983851 -0.009145498 -0.03669458 -0.01952248 -0.007024526 -0.03669255 -0.01371049 -0.006752431 -0.0367245 -0.008648514 -0.009467482 -0.03669458 -0.00833851 -0.006518483 -0.03675454 -0.008713543 -0.01141953 -0.0365675 -0.01413148 -0.01126444 -0.0365675 -0.01992154 -0.01109755 -0.0365675 -0.0182895 -0.04867547 -0.006516516 -0.0243175 -0.04824161 -0.006529569 -0.02428752 -0.04772162 -0.008576631 -0.01826947 -0.04815357 -0.008563637 -0.0126515 -0.04905837 -0.006515622 -0.0126515 -0.04905837 -0.00289458 -0.0182895 -0.04867547 -0.002895534 -0.0243175 -0.04824161 -0.002907574 -0.01167154 0.004199445 -0.03661561 -0.01773744 9.0754e-4 -0.03639662 -0.01780349 0.002509415 -0.03580158 -0.01172649 0.005768537 -0.03599053 -0.006473541 0.007111549 -0.03681653 -0.006169557 0.01077347 -0.03618967 -0.006741464 0.003977537 -0.03702366 -0.01194047 0.001419544 -0.03682559 -0.01796644 -0.001472473 -0.03660762 -0.01281255 -0.002702414 -0.03681457 -0.01872944 -0.004291534 -0.03668463 -0.00753355 -0.001301527 -0.03693366 -0.01421445 -0.01349151 -0.03618562 -0.02001452 -0.01332443 -0.03618562 -0.008786559 -0.01364737 -0.03618562 -0.01475954 -0.01884537 -0.03295457 -0.02058351 -0.01864755 -0.03295558 -0.05768251 -0.02677464 -0.02482259 -0.04852449 -0.02787065 -0.02454453 -0.05273956 -0.03796267 -0.01566362 -0.06219446 -0.03619766 -0.01616054 -0.06420451 -0.04045552 -0.01188457 -0.05460751 -0.04254961 -0.01128357 -0.0182895 -0.04867547 0.003961324 -0.0243175 -0.04824161 0.00395441 -0.0126515 -0.04905837 0.003961324 -0.0182895 -0.04867547 0.01243537 -0.0243175 -0.04824161 0.01243537 -0.04421854 0.03187447 0.05508935 -0.03666454 0.03165739 0.05508935 -0.05158752 -0.008227467 0.06156533 -0.04284155 -0.008481502 0.06156533 -0.04258054 -0.005492389 0.06118732 -0.05121749 -0.005241513 0.06120234 -0.0617665 -0.007888555 0.06156533 -0.06254553 -0.009800553 0.06143832 -0.0516895 -0.01017946 0.06143832 -0.04293054 -0.01043355 0.06143832 -0.06496453 -0.04213255 0.03270536 -0.05530148 -0.04438346 0.03204029 -0.06496453 -0.04213255 0.02894228 -0.05530148 -0.04438346 0.02834933 -0.04813653 0.01183348 0.05749237 -0.04052948 0.01161456 0.05732935 -0.04915946 0.006272554 0.05873334 -0.04120844 0.006045401 0.05861932 -0.05029749 8.54731e-5 0.06011438 -0.04196453 -1.53542e-4 0.06005626 -0.05180245 -0.0124064 0.06105637 -0.04303056 -0.01266139 0.06105637 -0.06289654 -0.0120384 0.06105637 -0.0105865 0.03282845 0.01228535 -0.01601052 0.03298747 0.01233637 -0.01600253 0.03298747 0.04228633 -0.01055544 0.03282952 0.04224133 -0.005649507 0.03268754 0.01223838 -0.005602538 0.03268754 0.04220026 -0.005483508 0.03237646 -0.0212506 -0.01063156 0.03235149 -0.01724153 -0.01603752 0.03250747 -0.0171886 -0.01621854 -0.03017759 0.04914939 -0.02209651 -0.02988553 0.0491544 -0.02361452 -0.04105252 0.04006433 -0.0176745 -0.04144144 0.04005444 -0.01068949 -0.03044646 0.04914844 -0.01207554 -0.04179447 0.0400533 -0.01475954 -0.01884537 0.05782526 -0.02058351 -0.01864755 0.05782634 -0.01821154 -0.0465874 0.03557038 -0.02419853 -0.04616165 0.03558242 -0.02428752 -0.04772162 0.03344738 -0.01826947 -0.04815357 0.03343439 -0.01258355 -0.04696965 0.03556829 -0.01054447 0.03283041 0.05337238 -0.01600044 0.03298747 0.05339837 -0.01601952 0.0325064 0.05466634 -0.01056247 0.0323494 0.05466037 -0.005586445 0.03268754 0.05334842 -0.01112252 0.02252948 0.05577135 -0.01665854 0.02268844 0.05564737 -0.01717948 0.01653552 0.05636334 -0.01158452 0.01637554 0.05656838 -0.006127536 0.02238655 0.05588334 -0.01077848 0.02785044 0.05526036 -0.01626354 0.02800846 0.05522942 -0.06496453 -0.04213255 0.02158737 -0.05530148 -0.04438346 0.02124536 -0.01182746 0.006260514 -0.03475463 -0.01792144 0.002998471 -0.03457558 -0.01799553 0.002964437 -0.03280866 -0.01189053 0.006237447 -0.0329886 -0.007226467 0.01165539 -0.03475666 -0.007264554 0.0116415 -0.0329886 -0.01183152 0.00625956 -0.03077566 -0.01792746 0.002996385 -0.03059566 -0.01762145 0.006307423 -0.02862465 -0.01161944 0.009132504 -0.02879166 -0.007223546 0.01165056 -0.03076452 -0.008264541 0.01290452 -0.02924054 -0.01122444 0.01766252 -0.02771258 -0.01697951 0.01610749 -0.02758353 -0.01635456 0.02636945 -0.02715557 -0.01084649 0.02665644 -0.02724266 -0.006891548 0.01914244 -0.02844458 -0.006626546 0.02695649 -0.02795761 -0.01068347 0.03092348 -0.02708566 -0.01609545 0.03106844 -0.02702164 -0.006510496 0.03081744 -0.02778458 -0.03629553 -0.008671522 -0.03669458 -0.03634446 -0.006786465 -0.03660553 -0.03084653 -0.00882852 -0.03669458 -0.03076553 -0.007002413 -0.03663456 -0.03093153 -0.01078045 -0.0365675 -0.03637945 -0.01062345 -0.0365675 -0.04659646 -0.04593348 -0.006814599 -0.04646044 -0.04544854 -0.00884962 -0.03861945 -0.04697847 -0.006652593 -0.03852856 -0.04647558 -0.008693575 -0.03861945 -0.04697847 -0.003016591 -0.04659551 -0.04593348 -0.003161609 -0.03685653 -3.66449e-4 -0.03582257 -0.0366525 0.001333475 -0.03531861 -0.03046554 -0.001043379 -0.03601062 -0.0303635 6.24537e-4 -0.03547561 -0.03058356 -0.003199458 -0.03622162 -0.03691953 -0.002617478 -0.03603261 -0.03665047 -0.004763484 -0.03633964 -0.03068047 -0.005156517 -0.03645265 -0.03647446 -0.01285052 -0.03618562 -0.03102654 -0.01300752 -0.03618562 -0.03194755 -0.01822853 -0.03296864 -0.03766649 -0.01797848 -0.03298461 -0.02819353 -0.02956366 -0.02429759 -0.02209651 -0.02988553 -0.02428358 -0.02361452 -0.04105252 -0.01519358 -0.03013354 -0.04060357 -0.0152195 -0.03450947 -0.02916264 -0.02433264 -0.03713744 -0.04000854 -0.01528161 -0.0262835 -0.01844644 -0.03295958 -0.03092551 -0.04565453 -0.01074355 -0.02419853 -0.04616165 -0.01071161 -0.03108853 -0.04719758 -0.008611559 -0.03825551 -0.04496544 -0.01081967 -0.04659551 -0.04593348 0.003808379 -0.03861945 -0.04697847 0.003891289 -0.03861945 -0.04697847 0.01243537 -0.04659551 -0.04593348 0.01243537 -0.02114951 0.03121054 0.05508935 -0.01607954 0.03106451 0.05508935 -0.02108854 0.03265243 0.05467343 -0.02602344 0.03135049 0.05508935 -0.02596253 0.03279238 0.05467844 -0.02635049 0.02829754 0.05521333 -0.0213955 0.02815544 0.05521643 -0.0253995 -0.008985519 0.06156533 -0.01983952 -0.009145498 0.06156533 -0.01960152 -0.00615251 0.06119436 -0.02515852 -0.005993485 0.06118732 -0.03084653 -0.00882852 0.06156533 -0.03061151 -0.005836427 0.0611853 -0.03093153 -0.01078045 0.06143832 -0.0254845 -0.01093745 0.06143832 -0.01992255 -0.01109755 0.06143832 -0.03114354 -0.04771161 0.03143632 -0.0243175 -0.04824161 0.03140032 -0.03108853 -0.04719758 0.03348129 -0.03861945 -0.04697847 0.03152239 -0.03852856 -0.04647558 0.03356337 -0.03861945 -0.04697847 0.02788734 -0.03114354 -0.04771161 0.02781033 -0.0243175 -0.04824161 0.02777832 -0.02329051 0.01113539 0.05732327 -0.01774048 0.01097953 0.05739939 -0.02266854 0.01668947 0.05628335 -0.02879953 0.01128745 0.05730527 -0.02810955 0.01684039 0.05626326 -0.02939856 0.005714476 0.05860233 -0.02390754 0.005561411 0.05861437 -0.01835548 0.005406439 0.05866742 -0.02459549 -6.45518e-4 0.06005328 -0.01904147 -8.03471e-4 0.06008034 -0.03006553 -4.915e-4 0.06004732 -0.02557951 -0.01316452 0.06105637 -0.02001452 -0.01332443 0.06105637 -0.03102654 -0.01300752 0.06105637 -0.03194755 -0.01822948 0.05783838 -0.0262835 -0.01844644 0.05783033 -0.03081554 0.03341448 0.01243335 -0.03081554 0.03341448 0.04239934 -0.02594155 0.03327339 0.0124033 -0.02594155 0.03327339 0.0423634 -0.02596253 0.03279352 -0.01714456 -0.03083544 0.03293347 -0.01712763 -0.04104346 -0.02863448 0.04926627 -0.04453051 -0.03918457 0.04026639 -0.03450947 -0.02916353 0.04920232 -0.03713744 -0.04001045 0.0401504 -0.03766649 -0.0179795 0.05785441 -0.04605454 -0.04399466 0.0358324 -0.04646044 -0.04544854 0.03371942 -0.03825551 -0.04496765 0.03568935 -0.03081554 0.03341448 0.05346935 -0.03083544 0.03293347 0.0546844 -0.02594155 0.03327339 0.05344527 -0.03237348 0.02313256 0.05557334 -0.03355652 0.01699149 0.05624437 -0.02716952 0.02298539 0.05558538 -0.03130745 0.02843952 0.05521035 -0.03114354 -0.04771161 0.02093541 -0.0243175 -0.04824161 0.02091634 -0.03861945 -0.04697847 0.0209794 -0.03114354 -0.04771161 0.01243537 -0.0364995 0.001824498 -0.03412759 -0.03643751 0.001767516 -0.03236556 -0.0303145 0.001113474 -0.03427267 -0.0303055 0.001064479 -0.03250956 -0.03650951 0.001827478 -0.03014862 -0.03590351 0.005369544 -0.02822363 -0.0303235 0.0011155 -0.03029358 -0.02981555 0.004717469 -0.02835357 -0.03381252 0.01575756 -0.02734261 -0.03166645 0.02659654 -0.0270726 -0.02822953 0.01532238 -0.02741652 -0.02661556 0.02638244 -0.02709257 -0.03089749 0.03149145 -0.02698159 -0.02602344 0.03135049 -0.02698862 -0.01621854 -0.03017759 -0.02427864 -0.0176745 -0.04144144 -0.0151835 -0.01821154 -0.0465874 -0.01069957 -0.01061546 0.03090751 0.05508935 -0.01405745 -0.009311437 0.06156533 -0.0138365 -0.00631839 0.06121128 -0.01413148 -0.01126444 0.06143832 -0.0182895 -0.04867547 0.03138726 -0.0182895 -0.04867547 0.02776628 -0.01210045 0.01081955 0.05759328 -0.01267451 0.005244493 0.0588023 -0.01331448 -9.67503e-4 0.06014943 -0.01421445 -0.01349151 0.06105637 -0.0182895 -0.04867547 0.02091038 -0.004211485 -0.00959444 -0.03669458 -0.004001498 -0.006563544 -0.03677552 -2.59548e-4 -0.00970447 -0.03669458 -1.79559e-4 -0.006707549 -0.03678351 -3.12537e-4 -0.01165741 -0.0365675 -0.00426954 -0.01154738 -0.0365675 -0.006996512 -0.04943245 -0.006514668 -0.001331508 -0.04969358 -0.006513595 -0.001331508 -0.04969358 -0.002893567 -0.006996512 -0.04943245 -0.002893567 -0.002770543 0.007606506 -0.03695857 -0.002681553 0.01153939 -0.03653264 1.93447e-4 0.007210493 -0.03701561 2.99454e-4 0.01117748 -0.03658163 1.08451e-4 0.004062533 -0.03721964 -0.002964556 0.004414558 -0.03716361 -0.003480494 -0.001101434 -0.03701663 -3.65376e-5 -0.001347482 -0.0370506 -0.004334509 -0.0137754 -0.03618562 -3.71546e-4 -0.01388543 -0.03618562 -0.006997525 -0.04943245 0.003962397 -0.001331508 -0.04969358 0.003962397 -0.002054512 0.03259253 0.01221132 -0.002022445 0.03258645 0.04217243 8.70466e-4 0.03251641 0.01220238 8.70466e-4 0.03250747 0.04216235 8.7145e-4 0.03252947 -0.01797056 -0.00209254 0.03259938 -0.0179606 -0.005639553 -0.03069758 0.0491473 -0.006580531 -0.04213762 0.04005241 -8.27551e-4 -0.03088253 0.0491473 -0.001135528 -0.04237866 0.04005241 -0.006935477 -0.04734349 0.0355674 -0.001275539 -0.04760354 0.0355674 -0.002012491 0.03258448 0.05333137 8.70466e-4 0.03250449 0.05332541 -0.002439558 0.02228146 0.05589437 5.94467e-4 0.02219748 0.05587428 -0.002479553 0.01927942 -0.0360136 5.09441e-4 0.01904445 -0.03606057 -0.004734516 0.01956951 -0.03555965 -0.004532516 0.02706938 -0.03513556 -0.002273559 0.02697348 -0.03559058 7.19458e-4 0.02686953 -0.03563755 -0.005527496 0.01965844 -0.03438067 -0.005551517 0.01964855 -0.03260362 -0.005342543 0.02709239 -0.03216856 -0.005323529 0.02710044 -0.03395658 -0.005503535 0.01964044 -0.03034961 -0.005284488 0.0270735 -0.02988362 -0.00217247 0.0307694 -0.03544962 8.22455e-4 0.03070855 -0.03549659 -0.004429519 0.03080046 -0.0349946 -0.003822505 0.03181844 -0.03471058 -0.002138555 0.03215456 -0.03506267 8.59439e-4 0.03209352 -0.0351085 -0.005213558 0.03081148 -0.03381353 -0.005226552 0.03080749 -0.03201866 -0.004420459 0.03218448 -0.03203165 -0.004411518 0.03218644 -0.03383362 -0.005175471 0.0307945 -0.02971857 -0.004385471 0.03218048 -0.02971959 -0.002138555 0.03261643 -0.03389966 8.7145e-4 0.03255444 -0.03394454 -0.002142548 0.0326144 -0.03208756 8.7145e-4 0.03255146 -0.03212666 -0.002124488 0.03260755 -0.02975159 8.7145e-4 0.03254151 -0.02977466 -0.02539855 -0.008985519 -0.03669458 -0.02518254 -0.007095456 -0.03666251 -0.0254845 -0.01093745 -0.0365675 -0.03114354 -0.04771161 -0.006566584 -0.03114354 -0.04771161 -0.002939522 -0.02404755 -7.29442e-4 -0.03619855 -0.02404844 9.05514e-4 -0.03563356 -0.0242235 -0.002915441 -0.03640955 -0.02469551 -0.005054414 -0.03656566 -0.02557951 -0.01316452 -0.03618562 -0.04104346 -0.02863264 -0.02439856 -0.04453051 -0.03918045 -0.01539951 -0.04605346 -0.0439915 -0.01096361 -0.03114354 -0.04771161 0.003935337 -0.03089749 0.03149145 0.05508935 -0.03629446 -0.008671522 0.06156533 -0.03606545 -0.005680382 0.06118434 -0.03637945 -0.01062345 0.06143832 -0.04659646 -0.04593348 0.03168433 -0.04659551 -0.04593348 0.02803242 -0.03431451 0.01143956 0.05728733 -0.03489351 0.005867481 0.05859041 -0.03553754 -3.36528e-4 0.06004035 -0.03647446 -0.01285052 0.06105637 -0.02106851 0.03313344 0.01237326 -0.02106851 0.03313344 0.04232633 -0.02108854 0.03265243 -0.01716065 -0.02819353 -0.02956455 0.04916828 -0.03013354 -0.04060459 0.0400893 -0.03092551 -0.04565542 0.03561335 -0.0210675 0.03313344 0.05342233 -0.02196949 0.02283954 0.05559742 -0.04659551 -0.04593348 0.02106326 -0.02410244 0.00139451 -0.03441858 -0.02414554 0.001351416 -0.03265357 -0.02411055 0.001393496 -0.03043866 -0.02370446 0.004933476 -0.02848267 -0.02263355 0.01538348 -0.0274915 -0.0215615 0.02629256 -0.0271126 -0.02114951 0.03121054 -0.02699559 -0.09196555 -0.02212262 -0.0264346 -0.09261751 -0.01504343 -0.03349357 -0.09297555 -0.01099842 -0.03618562 -0.08288151 -0.03435564 0.03976827 -0.08160752 -0.03103661 0.04362833 -0.07933753 -0.02356863 0.05116832 -0.07722353 -0.01578348 0.05833035 -0.07641851 -0.01151144 0.06105637 -0.07539051 -0.009238481 0.06143832 -0.07260954 -0.007446527 0.06156533 -0.08098953 -0.007076442 0.06119436 -0.08377754 -0.006952524 0.06008136 -0.08374255 -0.006948471 0.05319738 -0.08365255 -0.00693953 0.03551638 -0.08359152 -0.006932497 0.01243537 -0.08364653 -0.006938457 -0.01064556 -0.08373254 -0.006947517 -0.02832663 -0.0837655 -0.006951451 -0.03521054 -0.08097851 -0.007075548 -0.0363236 -0.07260352 -0.007446527 -0.03669458 0.06118136 0.03100138 -0.02748966 0.05602335 0.03065252 -0.02892661 0.05405336 0.03087544 -0.02054357 0.06118136 0.03100138 -0.01476758 0.06634342 0.03038638 -0.0260536 0.06634342 0.03038638 -0.01259058 0.06634342 0.03038638 -0.03085654 0.06118136 0.03100138 -0.03119564 0.05602335 0.03065252 -0.03153264 0.06811642 0.01853752 -0.01826167 0.06808644 0.02534544 -0.02374655 0.06809943 0.02540254 -0.009124636 0.06817042 0.01876538 -9.00626e-4 0.06834745 0.01154142 -0.01277661 0.06846344 0.01186245 0.007354319 0.06834745 0.01154142 -0.02754455 0.06811642 0.01853752 -0.02891564 0.06808644 0.02534544 -0.03028661 0.09224444 -0.02754044 -0.0238946 0.09184646 -0.02740854 -0.02529054 0.09321743 -0.02013564 -0.03296959 0.09372943 -0.02018761 -0.03190451 0.09224444 -0.02754044 -0.01840162 0.09372943 -0.02018761 -0.02552759 0.08865946 -0.03517144 -0.01081657 0.08865946 -0.03517144 -0.01539361 0.08838343 -0.0349335 -0.01715767 0.09247446 -0.01342743 -0.01064556 0.09255945 -0.01344043 -0.02832663 0.08910644 -0.0127564 -0.02832663 0.0889784 -0.01273542 -0.01064556 0.09242045 -0.01341849 0.01243537 0.08889746 -0.01272249 0.01243537 0.0941224 -0.01429539 0.01243537 0.09413641 -0.01429742 -0.01061356 0.09415745 -0.0143004 -0.0282635 0.07297146 -0.002508521 -0.03433352 0.07037144 0.003597438 -0.03367567 0.07037144 0.003597438 -0.02724266 0.07297146 -0.002508521 -0.02770662 0.07714545 -0.008361458 -0.03499162 0.07713645 -0.008360505 -0.02817159 0.07501542 -0.008322477 -0.0361045 0.07105845 -0.002465486 -0.03544664 0.06847941 0.003640532 -0.03478854 0.07763546 -0.0277915 -0.02630954 0.07957541 -0.03538155 -0.01877558 0.07010543 -0.03770256 -0.01712262 0.06655943 -0.02895355 -0.02536666 0.07594841 -0.01989048 -0.03346264 0.06320446 -0.01998049 -0.03322654 0.08672142 -0.01985347 -0.03361356 0.08659845 -0.02694344 -0.02691251 0.08509343 -0.03251355 -0.02120357 0.05107444 -0.01097655 -0.03669458 0.06125336 -0.0111835 -0.03669458 0.06191742 -0.01313346 -0.0365675 0.05107045 -0.0129314 -0.0365675 0.04232746 -0.01076245 -0.03669458 0.04231035 -0.01271653 -0.0365675 0.04244041 -0.008650541 -0.03657162 0.05080646 -0.008394479 -0.03652656 0.05990737 -0.008171439 -0.03648865 0.06261545 -0.04554963 -0.007834672 0.07250243 -0.0431416 -0.00903666 0.07250243 -0.0431416 -0.005143642 0.06261545 -0.04554963 -0.004072666 0.05284643 -0.04727953 -0.007169604 0.05284643 -0.04727953 -0.003478646 0.05269843 -0.04681253 -0.009190678 0.06244844 -0.04512041 -0.009830594 0.07232046 -0.04276347 -0.01099658 0.04881238 0.003129482 -0.03528755 0.05482935 0.006564438 -0.03502762 0.05560737 0.002915441 -0.03524559 0.04916441 1.2517e-5 -0.03550267 0.04300743 -5.56469e-4 -0.03559565 0.04302144 -0.003101468 -0.03580558 0.04284441 0.00121349 -0.03512459 0.04870045 0.005011558 -0.03485858 0.05459541 0.01058548 -0.03474259 0.04999935 -0.004279494 -0.03602159 0.05766236 -0.002734482 -0.03586864 0.04275244 -0.005948543 -0.03620362 0.09445744 -0.01616144 -0.03482866 0.09390646 -0.01611149 -0.03584659 0.09367042 -0.01470947 -0.03582257 0.09416544 -0.01430249 -0.03511458 0.09445744 -0.01616144 -0.02807259 0.09445744 -0.01616144 -0.01051753 0.09445744 -0.01616144 0.01243537 0.09372943 -0.02018761 -0.009066581 0.09372943 -0.02018761 0.01243537 0.08078545 -0.03875756 -0.01490962 0.08141946 -0.0397095 -0.01291561 0.0717734 -0.04162853 -0.01301258 0.08755445 -0.0342195 -0.01893258 0.05106335 -0.01516044 -0.03618562 0.06211245 -0.01538646 -0.03618562 0.05233544 -0.02001047 -0.03309059 0.04344743 -0.0199995 -0.0330215 0.04229038 -0.01494544 -0.03618562 0.06118136 0.03100138 -0.03343456 0.06118345 0.03051948 -0.03456366 0.05736237 0.03024441 -0.03426361 0.05602335 0.03065252 -0.03341656 0.06634342 0.03038638 -0.0334506 0.06500744 0.03004646 -0.03427863 0.06811642 0.01853752 -0.03345656 0.06639641 0.01858246 -0.03456962 0.06636643 0.02538955 -0.03456962 0.06808644 0.02534544 -0.03345656 0.06834745 0.01154142 -0.03345656 0.0666024 0.01158547 -0.03456962 0.09259241 -0.01344645 -0.03521054 0.09251141 -0.01407545 -0.03619652 0.08734345 -0.01329052 -0.03637564 0.08915543 -0.0127635 -0.03521054 0.06896442 0.00742048 -0.03345656 0.06714546 0.007464528 -0.03456962 0.06896442 0.00742048 -0.0270875 0.003987431 -0.03095555 -0.02427661 0.004315376 -0.04242849 -0.01518166 0.003661394 -0.01941245 -0.03295457 0.008268415 -0.01950049 -0.03295457 0.009044408 -0.03097558 -0.0242775 0.009821414 -0.04238057 -0.01518261 0.06118941 0.0290755 -0.0349406 0.06635046 0.02894246 -0.03456962 0.06120538 0.02552247 -0.0349406 0.05602937 0.02920854 -0.03455758 0.05604541 0.02565544 -0.03455656 0.08163142 -0.04002666 -0.01099854 0.08163142 -0.04002666 -0.006894588 0.06168735 0.007594466 -0.0349406 0.06280142 0.003768444 -0.03515952 0.06136745 0.01171749 -0.0349406 0.06531846 -0.002335548 -0.03581762 0.06862342 -0.008203506 -0.03647559 0.004391372 -0.04764652 -0.01069658 0.004353463 -0.0492146 -0.008561611 0.01005035 -0.04757547 -0.0106976 0.0100184 -0.04914355 -0.008562564 0.07549744 -0.01558053 -0.03618562 0.0747314 -0.0132575 -0.0365675 0.08696246 -0.01576352 -0.03618562 0.06807041 0.02889841 -0.02557557 0.06807041 0.02889841 -0.01186555 0.06807041 0.02889841 -0.03074353 0.06807041 0.02889841 -0.03345656 0.06123644 0.0187155 -0.0349406 0.05607545 0.01884847 -0.03455567 0.07297146 -0.002508521 -0.0107966 0.07711541 -0.008357524 -0.01068359 0.07037144 0.003597438 -0.01091063 0.07060045 0.003532469 0.01055032 0.07311546 -0.002590537 0.01137638 0.07713741 -0.008375525 0.01217132 0.08163142 -0.04002666 0.00165838 0.08865946 -0.03517144 -6.00576e-4 0.08163142 -0.04002666 0.01243537 0.08865946 -0.03517144 0.01243537 0.07250243 -0.0431416 0.01243537 0.07250243 -0.0431416 0.002666354 0.09224444 -0.02754044 -0.004968643 0.09224444 -0.02754044 0.01243537 0.06896442 0.00742048 -0.01094859 0.06916141 0.007567465 0.0101903 0.06261545 -0.04554963 0.003283381 0.06261545 -0.04554963 0.01243537 0.05284643 -0.04727953 0.01243537 0.05284643 -0.04727953 0.003625333 0.06118136 0.03100138 0.01451933 0.06118136 0.03100138 0.04307132 0.06634342 0.03038638 0.04345238 0.06634342 0.03038638 0.01598334 0.05391246 0.03118646 0.01304233 0.05391246 0.03118646 0.04267442 0.06832945 0.01944845 0.02376234 0.06849342 0.02014851 0.04537439 0.0691654 0.01381552 0.04695528 0.06881046 0.01282542 0.02935743 0.06813943 0.02557349 0.01829433 0.06818044 0.02574849 0.0440284 0.09224444 -0.02754044 0.04876542 0.08865946 -0.03517144 0.0402643 0.08865946 -0.03517144 0.03568726 0.09224444 -0.02754044 0.04327231 0.09372943 -0.02018761 0.05677533 0.09372943 -0.02018761 0.05039829 0.0932964 -0.02013564 0.05783939 0.09192645 -0.02740448 0.05016034 0.08844542 -0.03492546 0.0420264 0.09248042 -0.01342839 0.03551638 0.09256941 -0.01344245 0.05319738 0.09416043 -0.01430147 0.05313432 0.09413743 -0.01429742 0.03548443 0.08898645 -0.01273751 0.03551638 0.08912146 -0.01275849 0.05319738 0.07415044 -0.003128468 0.05804133 0.07233941 -0.003073394 0.05937927 0.07533842 -0.008474469 0.06074035 0.07744246 -0.008517503 0.05957138 0.07398545 -0.003070414 0.05112338 0.07739245 -0.008501529 0.05267935 0.07198745 0.003157496 0.04933333 0.07225042 0.003139436 0.05620634 0.07052242 0.003211498 0.05768442 0.09097141 -0.02699351 0.05130332 0.09199744 -0.01998049 0.05836337 0.08708244 -0.0269165 0.05177736 0.08719843 -0.01985543 0.05848234 0.08544445 -0.03248262 0.04606342 0.08780241 -0.03418755 0.04379642 0.003706455 0.03050649 0.05508935 0.003741443 0.03194952 0.05465036 0.003663361 0.02744746 0.05529034 0.007274389 0.02735739 0.05528843 0.007287442 0.03041756 0.05508935 0.007317364 0.03186047 0.0546543 0.003691375 -0.009806513 0.06156533 0.003714442 -0.006806433 0.06122839 0.003644466 -0.01175945 0.06143832 0.008089423 -0.01186949 0.06143832 0.008129417 -0.009916543 0.06156533 0.008102416 -0.006916463 0.0612263 0.00434041 -0.04973644 0.03138428 0.004353463 -0.0492146 0.03343236 0.00434041 -0.04973644 0.02776437 0.01000744 -0.04966545 0.02776539 0.01000744 -0.04966545 0.03138542 0.0100184 -0.04914355 0.03343337 0.003628373 0.0103845 0.05778336 0.003613412 0.01595354 0.05676835 0.00366044 0.004793465 0.05893433 0.007744431 0.004688501 0.05892336 0.007560372 0.01028347 0.05776739 0.007412433 0.0158565 0.05675137 0.003697395 -0.001438498 0.06021636 0.007950425 -0.001546502 0.06021142 0.09445744 -0.01616144 0.05969935 0.09445744 -0.01616144 0.05294328 0.09416842 -0.01430249 0.05998533 0.09369546 -0.01471048 0.06069338 0.09395545 -0.01611238 0.06071734 0.09445744 -0.01616144 0.03538942 0.09372943 -0.02018761 0.03393834 0.003591418 -0.01398754 0.06105637 0.003661394 -0.01941245 0.05782526 0.008043467 -0.01409852 0.06105637 0.008268415 -0.01950049 0.05782526 0.06118136 0.03100138 0.05358934 0.06634342 0.03038638 0.05360138 0.05391246 0.03118646 0.05356734 0.05391341 0.03070545 0.05470943 0.06118345 0.03051948 0.05471432 0.06500744 0.03004753 0.05442827 0.06855845 0.02042549 0.05358338 0.06930446 0.01421654 0.05387139 0.06819641 0.0258184 0.05359929 0.06648844 0.02587449 0.05474138 0.06688541 0.02051854 0.05480742 0.06765645 0.0143364 0.05520832 0.09260445 -0.01344841 0.06008136 0.08917343 -0.01276648 0.06008136 0.08740645 -0.01329439 0.06124639 0.09256941 -0.01407843 0.06106734 0.07058542 0.008687496 0.05478036 0.07035541 0.008469462 0.04810941 0.06891542 0.008791446 0.05623036 0.04586744 0.03138738 0.01251536 0.04586744 0.03138738 0.04250031 0.04586535 0.03090649 -0.01708364 0.03831934 0.03109341 -0.0171085 0.03832346 0.03157442 0.01246941 0.03832346 0.03157442 0.04244339 0.05617135 -0.02983546 0.04968142 0.06664645 -0.02896261 0.05022132 0.06328642 -0.01998448 0.05809336 0.05233645 -0.02001345 0.05795836 0.0469644 -0.03043365 0.04940932 0.04344743 -0.02000153 0.05789041 0.05063444 -0.04073858 0.04052537 0.06017446 -0.03949165 0.04101443 0.07017642 -0.03771567 0.04196935 0.06118941 0.0290755 0.05508935 0.0539174 0.02926141 0.05508935 0.06135541 0.02601051 0.05518436 0.05412644 0.02619343 0.05524635 0.06635046 0.02894347 0.05471837 0.08163142 -0.04002666 0.0358693 0.08145445 -0.03970551 0.03778338 0.07232946 -0.04276555 0.03586333 0.07250243 -0.0431416 0.03390634 0.08163142 -0.04002666 0.03176534 0.07250243 -0.0431416 0.03001439 0.06381744 0.008910536 0.05711436 0.06265145 0.01448154 0.05607026 0.05562537 0.01464951 0.05648034 0.05663239 0.009055495 0.05750942 0.06524544 0.003307402 0.05846238 0.05776542 0.003441393 0.05874443 0.06684845 -0.002967417 0.05997329 0.05902838 -0.002811551 0.06011939 0.06900745 -0.008361458 0.06116729 0.06024843 -0.008191466 0.06120336 0.06195139 -0.04384565 0.0367434 0.07181346 -0.0416364 0.03786736 0.05225342 -0.04541659 0.03614836 0.05269843 -0.04681342 0.0340594 0.06244945 -0.04512351 0.0346983 0.09244841 -0.01596546 0.06105637 0.08725446 -0.01577246 0.06105637 0.04586744 0.03138738 0.05353236 0.04586535 0.03090649 0.05470037 0.03832346 0.03157442 0.05349636 0.03831934 0.03109341 0.05469143 0.06807041 0.02889841 0.01647138 0.06807041 0.02889841 0.04357928 0.04693537 0.02103555 0.05570536 0.05474334 0.02084255 0.05571842 0.04612642 0.0263924 0.05524337 0.03951144 0.02121746 0.0556004 0.03859835 0.02657854 0.05521738 0.04051846 0.01501649 0.05628836 0.04791736 0.01483541 0.05645936 0.06807041 0.02889841 0.05360537 0.06183642 0.02066344 0.05546939 0.07354742 -0.002833425 0.03379333 0.07128846 0.003337502 0.03237336 0.07726043 -0.008438467 0.03508538 0.08163142 -0.04002666 0.02321332 0.07250243 -0.0431416 0.02220433 0.08865946 -0.03517144 0.02547127 0.09224444 -0.02754044 0.02983939 0.06975346 0.008006453 0.03156137 0.00434041 -0.04973644 0.02090835 0.00434041 -0.04973644 0.01243537 0.01000744 -0.04966545 0.02090936 0.01000744 -0.04966545 0.01243537 0.05430936 0.02925348 -0.0334075 0.05432546 0.02570039 -0.03340363 0.05432546 0.02570039 -0.03163951 0.05430936 0.02925348 -0.03164267 0.04858243 0.005599439 -0.03369253 0.05293136 0.01135247 -0.03347456 0.04266738 0.001737475 -0.03394556 0.04257839 0.00168848 -0.0321846 0.04852437 0.005571484 -0.0319305 0.0529164 0.01134544 -0.03171151 0.05435544 0.01889246 -0.03340256 0.05435544 0.01889246 -0.03163862 0.05430936 0.02925348 -0.02941256 0.05432546 0.02570039 -0.02942061 0.05229741 0.02559643 -0.02759557 0.05219739 0.02930539 -0.02756965 0.04858845 0.005602419 -0.02971261 0.05293244 0.01135247 -0.02949553 0.04267746 0.001741528 -0.02996659 0.04224944 0.005054414 -0.02806454 0.0483244 0.008382558 -0.02784359 0.05168336 0.01234644 -0.02817857 0.05435544 0.01889246 -0.02942359 0.05258738 0.01831942 -0.02762866 0.04728341 0.01660043 -0.02712553 0.04621338 0.02528446 -0.02701359 0.04057937 0.01478439 -0.02725058 0.03886538 0.02497053 -0.02704763 0.04586035 0.02946239 -0.02696359 0.03830546 0.02964949 -0.0269736 0.0135374 -0.01005047 -0.03669458 0.01332843 -0.007476449 -0.0367245 0.01911741 -0.008059501 -0.03669255 0.01932036 -0.01019454 -0.03669458 0.01350736 -0.01200449 -0.0365675 0.01929938 -0.01214748 -0.0365675 0.008089423 -0.01186949 -0.0365675 0.008128464 -0.009916543 -0.03669458 0.007977426 -0.006955504 -0.03675454 0.01565742 -0.04958456 -0.006516516 0.01566541 -0.04906249 -0.008563637 0.02169841 -0.04895251 -0.008576631 0.02169936 -0.04947352 -0.006529569 0.01565742 -0.04958456 -0.002895534 0.02170044 -0.04947352 -0.002907574 0.01000744 -0.04966545 -0.00289458 0.01000744 -0.04966545 -0.006515622 0.01187944 0.00356853 -0.03661561 0.01201736 0.005132496 -0.03599053 0.01791143 0.001553535 -0.03580158 0.01776045 -4.35114e-5 -0.03639662 0.01199936 7.78556e-4 -0.03682559 0.01786142 -0.002431452 -0.03660762 0.006944358 0.003610432 -0.03702366 0.006844401 0.006754517 -0.03681653 0.006737411 0.01042747 -0.03618967 0.01264935 -0.003384411 -0.03681457 0.01847243 -0.005287528 -0.03668463 0.007452428 -0.001702547 -0.03693366 0.01347237 -0.01423341 -0.03618562 0.01927238 -0.01437652 -0.03618562 0.01372945 -0.01960843 -0.03295457 0.01955538 -0.01972246 -0.03295558 0.008043467 -0.01409852 -0.03618562 0.05616641 -0.02982354 -0.02482259 0.06016743 -0.03947442 -0.01616054 0.05063146 -0.04073041 -0.01566362 0.04696244 -0.03042745 -0.02454453 0.06194645 -0.04383438 -0.01188457 0.05225139 -0.04541063 -0.01128357 0.01565742 -0.04958456 0.003961324 0.02170044 -0.04947352 0.00395441 0.01565742 -0.04958456 0.01243537 0.02170044 -0.04947352 0.01243537 0.01000744 -0.04966545 0.003961324 0.04586035 0.02946239 0.05508935 0.03830546 0.02964949 0.05508935 0.05107343 -0.01097655 0.06156533 0.05086344 -0.007975459 0.06120234 0.04222542 -0.007763445 0.06118732 0.04232645 -0.01076245 0.06156533 0.05107045 -0.0129314 0.06143832 0.04231035 -0.01271653 0.06143832 0.06193143 -0.01313346 0.06143832 0.06125545 -0.0111835 0.06156533 0.06261545 -0.04554963 0.03270536 0.05284643 -0.04727953 0.03204029 0.06261545 -0.04554963 0.02894228 0.05284643 -0.04727953 0.02834933 0.04870045 0.009239554 0.05749237 0.04109245 0.009428501 0.05732935 0.04942435 0.003631412 0.05873334 0.04147243 0.003830552 0.05861932 0.05022943 -0.002606511 0.06011438 0.04189538 -0.002399444 0.06005626 0.05106335 -0.01516044 0.06105637 0.04229038 -0.01494544 0.06105637 0.06216138 -0.01538753 0.06105637 0.01232838 0.03221452 0.01228535 0.01229637 0.0322175 0.04224133 0.01774543 0.03208351 0.04228633 0.01775342 0.03208249 0.01233637 0.0123474 0.03173649 -0.01724153 0.01775443 0.0316025 -0.0171886 0.007208466 0.03203654 -0.0212506 0.007390439 0.03233748 0.01223838 0.007343411 0.03234046 0.04220026 0.01457935 -0.03100252 0.04914939 0.01543045 -0.04232764 0.04005444 0.02138245 -0.04225748 0.04006433 0.02046442 -0.03102558 0.0491544 0.01372945 -0.01960843 0.05782526 0.01955538 -0.01972246 0.05782634 0.009044408 -0.03097558 0.04914844 0.009821414 -0.04238057 0.0400533 0.01569139 -0.0474956 0.03557038 0.01566541 -0.04906249 0.03343439 0.02169841 -0.04895251 0.03344738 0.0216934 -0.04739046 0.03558242 0.01005035 -0.04757547 0.03556829 0.01228642 0.03221839 0.05337238 0.01227837 0.03173738 0.05466037 0.01773643 0.0316025 0.05466634 0.01774245 0.03208351 0.05339837 0.007327437 0.03234148 0.05334842 0.01231241 0.02190256 0.05577135 0.01244437 0.01573145 0.05656838 0.01803946 0.0155915 0.05636334 0.01784944 0.02176445 0.05564737 0.01225346 0.02723455 0.05526036 0.01773941 0.02709853 0.05522942 0.00731641 0.02202647 0.05588334 0.06261545 -0.04554963 0.02158737 0.05284643 -0.04727953 0.02124536 0.0121454 0.005618453 -0.03475463 0.01220738 0.005591452 -0.0329886 0.01812845 0.001996517 -0.03280866 0.01805645 0.002034485 -0.03457558 0.007839441 0.01125252 -0.03475666 0.007876455 0.01123541 -0.0329886 0.01214945 0.005616545 -0.03077566 0.01209139 0.008497476 -0.02879166 0.01793336 0.005355477 -0.02862465 0.01806241 0.002032518 -0.03059566 0.007836461 0.01124656 -0.03076452 0.008942425 0.01244354 -0.02924054 0.01215338 0.01703649 -0.02771258 0.01225739 0.02603745 -0.02724266 0.01774245 0.02545547 -0.02715557 0.01781737 0.01517444 -0.02758353 0.007906436 0.01874554 -0.02844458 0.008059442 0.02656352 -0.02795761 0.01232236 0.03030753 -0.02708566 0.01773542 0.03016245 -0.02702164 0.008150458 0.03042548 -0.02778458 0.03577846 -0.01060152 -0.03669458 0.03592836 -0.008722543 -0.03660553 0.03575837 -0.01255548 -0.0365675 0.03031045 -0.01242053 -0.0365675 0.03032946 -0.01046639 -0.03669458 0.03034538 -0.008639454 -0.03663456 0.04407042 -0.04836148 -0.006814599 0.04396146 -0.04786944 -0.00884962 0.04407042 -0.04836148 -0.003161609 0.03604936 -0.0489785 -0.003016591 0.03604936 -0.0489785 -0.006652593 0.03598541 -0.04847145 -0.008693575 0.03678441 -0.002338469 -0.03582257 0.0366714 -6.30498e-4 -0.03531861 0.03672641 -0.004590511 -0.03603261 0.03036743 -0.004832506 -0.03622162 0.0303654 -0.002672553 -0.03601062 0.03035336 -0.001001477 -0.03547561 0.03634345 -0.006718516 -0.03633964 0.03035938 -0.006791472 -0.03645265 0.03573441 -0.01478439 -0.03618562 0.03665035 -0.01996845 -0.03298461 0.03092646 -0.01991248 -0.03296864 0.03028643 -0.01464951 -0.03618562 0.02657037 -0.03103065 -0.02429759 0.02791643 -0.0421586 -0.0152195 0.02138245 -0.04225748 -0.01519358 0.02046442 -0.03102558 -0.02428358 0.02525734 -0.01982653 -0.03295958 0.03289937 -0.03096747 -0.02433264 0.03494238 -0.04193854 -0.01528161 0.02843743 -0.04724448 -0.01074355 0.02851742 -0.04879355 -0.008611559 0.0216934 -0.04739046 -0.01071161 0.03579342 -0.04694867 -0.01081967 0.04407042 -0.04836249 0.003808379 0.04407042 -0.04836249 0.01243537 0.03604936 -0.0489785 0.01243537 0.03604936 -0.0489785 0.003891289 0.02278935 0.0300334 0.05508935 0.02280545 0.03147745 0.05467343 0.01771843 0.03015947 0.05508935 0.02287143 0.0269705 0.05521643 0.02782744 0.02684646 0.05521333 0.02766335 0.02991247 0.05508935 0.02767944 0.03135645 0.05467844 0.02488142 -0.01033151 0.06156533 0.02480143 -0.00733149 0.06118732 0.01924335 -0.007192492 0.06119436 0.01932144 -0.01019454 0.06156533 0.02486234 -0.01228547 0.06143832 0.01929938 -0.01214748 0.06143832 0.03031045 -0.01242053 0.06143832 0.03032946 -0.01046639 0.06156533 0.03025442 -0.007466554 0.0611853 0.02854442 -0.04931038 0.03143632 0.02851742 -0.04879355 0.03348129 0.02169936 -0.04947352 0.03140032 0.02854442 -0.04931038 0.02781033 0.02170044 -0.04947352 0.02777832 0.03604936 -0.0489785 0.02788734 0.03604936 -0.0489785 0.03152239 0.03598541 -0.04847145 0.03356337 0.0238524 0.009872555 0.05732327 0.02352941 0.01545155 0.05628335 0.01830244 0.01001453 0.05739939 0.02417141 0.004274487 0.05861437 0.01861846 0.004415512 0.05866742 0.02966135 0.004132509 0.05860233 0.02936136 0.009729504 0.05730527 0.02897042 0.01531141 0.05626326 0.02452546 -0.00196141 0.06005328 0.01897037 -0.001821458 0.06008034 0.02999544 -0.002099514 0.06004732 0.02483743 -0.01451438 0.06105637 0.01927238 -0.01437652 0.06105637 0.02525734 -0.01982748 0.05783033 0.03092646 -0.01991248 0.05783838 0.03028643 -0.01464951 0.06105637 0.03255945 0.0317164 0.01243335 0.03255945 0.0317164 0.04239934 0.03255438 0.03123545 -0.01712763 0.02767944 0.03135645 -0.01714456 0.02768546 0.03183746 0.0124033 0.02768546 0.03183746 0.0423634 0.03945142 -0.0307905 0.04926627 0.04236942 -0.04151147 0.04026639 0.03665035 -0.01996946 0.05785441 0.03289937 -0.03096956 0.04920232 0.03494238 -0.04194045 0.0401504 0.04363346 -0.04639554 0.0358324 0.04396146 -0.04787057 0.03371942 0.03579342 -0.04695051 0.03568935 0.03255945 0.0317164 0.05346935 0.03255438 0.03123545 0.0546844 0.02768546 0.03183746 0.05344527 0.03356546 0.02136641 0.05557334 0.03441745 0.01517146 0.05624437 0.03278446 0.0267235 0.05521035 0.02836042 0.02149856 0.05558538 0.02854442 -0.04931038 0.02093541 0.02170044 -0.04947352 0.02091634 0.02854442 -0.04931038 0.01243537 0.03604936 -0.0489785 0.0209794 0.03654444 -1.32442e-4 -0.03412759 0.03648036 -1.8549e-4 -0.03236556 0.03033035 -5.10454e-4 -0.03427267 0.03031837 -5.59449e-4 -0.03250956 0.03655439 -1.29461e-4 -0.03014862 0.03613936 0.003439486 -0.02822363 0.03033936 -5.095e-4 -0.03029358 0.03002542 0.003115475 -0.02835357 0.03460741 0.01392441 -0.02734261 0.03304439 0.02486246 -0.0270726 0.02900946 0.01378953 -0.02741652 0.02798938 0.02491945 -0.02709257 0.03253841 0.02979248 -0.02698159 0.02766335 0.02991354 -0.02698862 0.01457935 -0.03100252 -0.02427864 0.01543045 -0.04232764 -0.0151835 0.01569139 -0.0474956 -0.01069957 0.01225435 0.03029447 0.05508935 0.01353842 -0.01005047 0.06156533 0.01347839 -0.007049441 0.06121128 0.01350837 -0.01200449 0.06143832 0.01565742 -0.04958456 0.03138726 0.01565742 -0.04958456 0.02776628 0.01266139 0.01015549 0.05759328 0.01293641 0.004558444 0.0588023 0.01324337 -0.001678407 0.06014943 0.01347237 -0.01423341 0.06105637 0.01565742 -0.04958456 0.02091038 0.003691375 -0.009806513 -0.03669458 0.003644466 -0.006768465 -0.03677552 0.003644466 -0.01175945 -0.0365675 0.00434041 -0.04973644 -0.006514668 0.00434041 -0.04973644 -0.002893567 0.003173351 0.007447481 -0.03695857 0.003295361 0.01137948 -0.03653264 0.003196418 0.004250526 -0.03716361 0.003416419 -0.001285493 -0.03701663 0.003591418 -0.01398754 -0.03618562 0.00434041 -0.04973644 0.003962397 0.003795385 0.03243547 0.01221132 0.003763437 0.03243148 0.04217243 0.003834426 0.03244054 -0.0179606 0.003987431 -0.03095555 0.0491473 0.004315376 -0.04242849 0.04005241 0.004391372 -0.04764652 0.0355674 0.003753364 0.03243046 0.05333137 0.003628373 0.02211838 0.05589437 0.003508388 0.0191195 -0.0360136 0.003714442 0.02681344 -0.03559058 0.005974352 0.02678847 -0.03513556 0.005775451 0.01928848 -0.03555965 0.006571412 0.01933455 -0.03438067 0.006766438 0.02677655 -0.03395658 0.006784439 0.02676749 -0.03216856 0.006595373 0.0193234 -0.03260362 0.006546378 0.01931744 -0.03034961 0.00672543 0.02675145 -0.02988362 0.003815412 0.03060942 -0.03544962 0.00385642 0.03199344 -0.03506267 0.00551939 0.03156846 -0.03471058 0.006071448 0.03051948 -0.0349946 0.006854355 0.03048849 -0.03381353 0.00612843 0.03190439 -0.03383362 0.006136417 0.03190255 -0.03203165 0.006867349 0.03048449 -0.03201866 0.006815433 0.03047347 -0.02971857 0.006101429 0.03189945 -0.02971959 0.003880441 0.03245544 -0.03389966 0.003884375 0.03245246 -0.03208756 0.003866434 0.03244739 -0.02975159 0.02488034 -0.01033151 -0.03669458 0.02476644 -0.008432507 -0.03666251 0.02486145 -0.01228547 -0.0365675 0.02854442 -0.04931038 -0.006566584 0.02854442 -0.04931038 -0.002939522 0.02397346 -0.002015471 -0.03619855 0.02406144 -3.82543e-4 -0.03563356 0.02403241 -0.004207432 -0.03640955 0.02438944 -0.006368458 -0.03656566 0.02483743 -0.01451438 -0.03618562 0.03945142 -0.0307874 -0.02439856 0.04236942 -0.04150748 -0.01539951 0.04363346 -0.04639363 -0.01096361 0.02854442 -0.04931038 0.003935337 0.03253841 0.02979248 0.05508935 0.03577846 -0.01060152 0.06156533 0.03570944 -0.007602453 0.06118434 0.03575837 -0.01255548 0.06143832 0.04407042 -0.04836148 0.03168433 0.04407042 -0.04836148 0.02803242 0.03487735 0.009586453 0.05728733 0.03515744 0.003991484 0.05859041 0.03546839 -0.002238512 0.06004035 0.03573441 -0.01478439 0.06105637 0.02281039 0.03195846 0.01237326 0.02281141 0.03195846 0.04232633 0.02280545 0.03147745 -0.01716065 0.02657037 -0.03103065 0.04916828 0.02791643 -0.0421586 0.0400893 0.02843743 -0.0472455 0.03561335 0.02281039 0.03195846 0.05342233 0.02316039 0.02163052 0.05559742 0.04407042 -0.04836249 0.02106326 0.02414244 1.01447e-4 -0.03441858 0.02418345 5.74589e-5 -0.03265357 0.02415043 1.01447e-4 -0.03043866 0.02393341 0.00365746 -0.02848267 0.02342438 0.01414948 -0.0274915 0.02293735 0.0251004 -0.0271126 0.02278935 0.0300334 -0.02699559 0.09064942 -0.02701354 -0.0264346 0.09167945 -0.01997941 -0.03349357 0.09225344 -0.0159595 -0.03618562 0.08092343 -0.03874254 0.03976827 0.07982945 -0.03536057 0.04362833 0.07796245 -0.02778148 0.05116832 0.07626742 -0.01989346 0.05833035 0.07569241 -0.01558554 0.06105637 0.07478743 -0.01326048 0.06143832 0.07210642 -0.01132243 0.06156533 0.08049446 -0.01140153 0.06119436 0.08328545 -0.01142638 0.06008136 0.08325046 -0.01142042 0.05319738 0.08316045 -0.01140654 0.03551638 0.08310043 -0.01139748 0.01243537 0.08315443 -0.0114054 -0.01064556 0.08324044 -0.01141953 -0.02832663 0.08327341 -0.01142454 -0.03521054 0.08048343 -0.01139944 -0.0363236 0.07210046 -0.01132154 -0.03669458 -0.05096352 0.05646455 -0.03997159 -0.05047547 0.05385148 -0.04079657 -0.06995654 0.05308151 -0.03971159 -0.07090854 0.05562746 -0.03888756 -0.05096352 0.05646455 -0.03787064 -0.07090854 0.05562746 -0.0367856 -0.03045547 0.05586946 -0.03787064 -0.03045547 0.05586946 -0.03997159 -0.03028452 0.05326652 -0.04079657 -0.08609253 0.05182641 -0.03563356 -0.08453953 0.04951155 -0.03645759 -0.09433555 0.0440064 -0.03230464 -0.09647154 0.04624646 -0.03148061 -0.08609253 0.05182641 -0.0335316 -0.09647154 0.04624646 -0.02937865 -0.1460635 -0.01939445 -0.02039265 -0.1432836 -0.01993155 -0.02135854 -0.1411795 -0.02135753 -0.02153861 -0.1433625 -0.02129238 -0.02065658 -0.1460635 -0.01939445 -0.01947551 -0.1433625 -0.02129238 -0.01949054 -0.1450355 -0.01312237 -0.01949352 -0.1450355 -0.01312237 -0.02046561 -0.1421645 -0.01359653 -0.02146857 -0.07987952 0.04256546 -0.03673267 -0.06709951 0.04544556 -0.03998661 -0.07522052 0.03561943 -0.03612363 -0.06424254 0.03780949 -0.03937757 -0.08151555 0.03057044 -0.03197062 -0.08792555 0.03728848 -0.03257966 -0.1095415 -0.004472494 -0.02520161 -0.1047195 0.01098638 -0.02520161 -0.09977853 0.00605154 -0.02459257 -0.1039525 -0.007673442 -0.02459257 -0.1129615 -0.01972544 -0.02520161 -0.1061366 -0.02183556 -0.02458465 -0.1226586 -0.01714253 -0.02469158 -0.1182765 -9.8753e-4 -0.02474665 -0.1120696 0.0179795 -0.02476757 -0.1142535 -0.02783465 -0.02250564 -0.1142305 -0.02738046 -0.0245276 -0.1088445 -0.0283215 -0.02401757 -0.1069805 -0.02912664 -0.02253752 -0.1142535 -0.02783465 -0.01959359 -0.1069805 -0.02912664 -0.01968562 -0.1242886 -0.0255506 -0.01957857 -0.1242886 -0.0255506 -0.02224159 -0.1242625 -0.02509754 -0.02406561 -0.1141625 -0.02601957 -0.0105825 -0.1142305 -0.02738046 -0.01084566 -0.1088445 -0.0283215 -0.01112759 -0.1069185 -0.02776551 -0.01101863 -0.1129615 -0.01972544 -0.0105825 -0.1061366 -0.02183556 -0.01114857 -0.1226586 -0.01714253 -0.01109266 -0.1241865 -0.02373641 -0.01111066 -0.1242625 -0.02509754 -0.01135957 -0.07987952 0.04256546 -0.02211356 -0.08453953 0.04951155 -0.02238762 -0.09433555 0.0440064 -0.01823461 -0.08792555 0.03728848 -0.0179606 -0.07522052 0.03561943 -0.0227226 -0.08151555 0.03057044 -0.01856952 -0.06424254 0.03780949 -0.02597659 -0.06709951 0.04544556 -0.02536666 -0.06995654 0.05308151 -0.02564156 -0.04901146 0.04600954 -0.02645152 -0.05047547 0.05385148 -0.0267266 -0.04754745 0.03816848 -0.02706056 -0.0292595 0.03764653 -0.02706056 -0.02977144 0.04545646 -0.02645152 -0.03028452 0.05326652 -0.0267266 -0.1020045 0.04006946 -0.02769863 -0.09945553 0.03743553 -0.02852261 -0.1049805 0.03369742 -0.02500164 -0.1023815 0.03080451 -0.02582556 -0.1049805 0.03369742 -0.02289867 -0.1020045 0.04006946 -0.02559655 -0.09180855 0.02953255 -0.02879762 -0.08416253 0.02163052 -0.02818858 -0.08678954 0.01344841 -0.02549159 -0.09458553 0.02212655 -0.02610063 -0.09931153 0.01789951 -0.0105825 -0.1047195 0.01098638 -0.0105825 -0.09977853 0.00605154 -0.01119154 -0.0930255 0.01067441 -0.01119154 -0.09458553 0.02212655 -0.01148164 -0.08678954 0.01344841 -0.01209056 -0.1023815 0.03080451 -0.01175659 -0.1055976 0.02512341 -0.01085758 -0.1120696 0.0179795 -0.01101565 -0.1421635 0.002066493 -0.01509964 -0.1421635 0.002066493 -0.01623463 -0.1450355 -0.01312237 -0.01628959 -0.1450355 -0.01312237 -0.01531761 -0.1390175 0.001782536 -0.01398766 -0.1421645 -0.01359653 -0.01431554 -0.1339735 0.01281452 -0.01367056 -0.1358045 0.01677048 -0.01448965 -0.1358045 0.01677048 -0.01588261 -0.1141625 -0.02601957 -0.02520161 -0.1069185 -0.02776551 -0.02455955 -0.1241865 -0.02373641 -0.02467358 -0.1095415 -0.004472494 -0.0105825 -0.1039525 -0.007673442 -0.01119154 -0.1182765 -9.8753e-4 -0.01103752 -0.1295785 9.31501e-4 -0.02338057 -0.1390175 0.001782536 -0.02179658 -0.1339735 0.01281452 -0.02211356 -0.1256346 0.01642644 -0.02331662 -0.1335486 -0.01501744 -0.0231626 -0.1349425 -0.0215435 -0.02308958 -0.1350215 -0.02290344 -0.0226795 -0.1350476 -0.02335757 -0.02144956 -0.1350476 -0.02335757 -0.01953452 -0.1349425 -0.0215435 -0.01269453 -0.1432836 -0.01993155 -0.01442456 -0.1411795 -0.02135753 -0.01415354 -0.1350215 -0.02290344 -0.01289957 -0.1335486 -0.01501744 -0.01262164 -0.1295785 9.31501e-4 -0.01240265 -0.1256346 0.01642644 -0.01246762 -0.1243205 0.02159154 -0.01324456 -0.1131395 0.02301543 -0.01207154 -0.1243205 0.02159154 -0.0149725 -0.1131395 0.02301543 -0.01408064 -0.05096352 0.05646455 -0.02755165 -0.05096352 0.05646455 -0.0296536 -0.07090854 0.05562746 -0.02856862 -0.07090854 0.05562746 -0.02646654 -0.03045547 0.05586946 -0.02755165 -0.03045547 0.05586946 -0.0296536 -0.08609253 0.05182641 -0.02321267 -0.08609253 0.05182641 -0.0253145 -0.09647154 0.04624646 -0.02116167 -0.09647154 0.04624646 -0.01905959 -0.1460635 -0.01939445 -0.01539063 -0.1460635 -0.01939445 -0.01630759 -0.1433625 -0.02129238 -0.01593363 -0.1433625 -0.02129238 -0.0149216 -0.1142535 -0.02783465 -0.01163566 -0.1142535 -0.02783465 -0.01331663 -0.1069805 -0.02912664 -0.01358366 -0.1069805 -0.02912664 -0.01180863 -0.1242886 -0.0255506 -0.01210558 -0.1242886 -0.0255506 -0.01369059 -0.1076925 0.02753239 -0.01168161 -0.1076925 0.02753239 -0.01378357 -0.1049805 0.03369742 -0.01258063 -0.1049805 0.03369742 -0.01468265 -0.1421635 0.002066493 -0.02068454 -0.1421635 0.002066493 -0.01954865 -0.1358045 0.01677048 -0.02129459 -0.1358045 0.01677048 -0.01990056 -0.1350476 -0.02335757 -0.01351356 -0.1350476 -0.02335757 -0.01481252 -0.1243205 0.02159154 -0.02253961 -0.1243205 0.02159154 -0.0208106 -0.1131395 0.02301543 -0.02371156 -0.1131395 0.02301543 -0.02170258 -0.05096352 0.05646455 -0.03376162 -0.07090854 0.05562746 -0.03267765 -0.03045547 0.05586946 -0.03376162 -0.08609253 0.05182641 -0.02942359 -0.09647154 0.04624646 -0.02526956 -0.1460635 -0.01939445 -0.01789164 -0.1450355 -0.01312237 -0.01789164 -0.1433625 -0.02129238 -0.0176866 -0.1142535 -0.02783465 -0.01624959 -0.1242886 -0.0255506 -0.01645451 -0.1069805 -0.02912664 -0.01645451 -0.1076925 0.02753239 -0.01789164 -0.1076925 0.02753239 -0.02199953 -0.1131395 0.02301543 -0.01789164 -0.1049805 0.03369742 -0.0187906 -0.1421635 0.002066493 -0.01789164 -0.1358045 0.01677048 -0.01789164 -0.1350476 -0.02335757 -0.01707065 -0.1243205 0.02159154 -0.01789164 -0.01353847 0.04498344 -0.04107058 0.001193404 0.04457038 -0.04107058 9.85444e-4 0.03678846 -0.04046159 -0.01350444 0.03719246 -0.04046159 -0.02977144 0.04545646 -0.04107058 -0.0292595 0.03764653 -0.04046159 -0.01357156 0.0527755 -0.04079657 0.001401424 0.05235248 -0.04079657 -0.01349252 0.03459542 -0.03376162 -0.01349252 0.03459542 -0.03619766 9.15468e-4 0.03419345 -0.03619766 9.15468e-4 0.03419345 -0.03376162 -0.01349252 0.03459542 -0.03132462 9.15468e-4 0.03419345 -0.03132462 -0.02908849 0.03504252 -0.03132462 -0.02908849 0.03504252 -0.03376162 -0.02908849 0.03504252 -0.03619766 -0.07366752 0.03330445 -0.02942264 -0.07366752 0.03330445 -0.03185957 -0.06329053 0.03526347 -0.03511357 -0.06329053 0.03526347 -0.03267651 -0.07366752 0.03330445 -0.02698653 -0.06329053 0.03526347 -0.03024065 -0.07937955 0.02833145 -0.02283358 -0.07937955 0.02833145 -0.02526956 -0.07937955 0.02833145 -0.02770662 -0.08161354 0.01899641 -0.02148759 -0.08161354 0.01899641 -0.02392452 -0.08161354 0.01899641 -0.01905167 -0.08419054 0.01055639 -0.01635456 -0.08419054 0.01055639 -0.0187906 -0.08419054 0.01055639 -0.02122753 -0.1020895 -0.008740544 -0.01789164 -0.1020895 -0.008740544 -0.02032864 -0.09813153 0.004406452 -0.02032864 -0.09813153 0.004406452 -0.01789164 -0.1020895 -0.008740544 -0.0154556 -0.09813153 0.004406452 -0.0154556 -0.1038615 -0.02253866 -0.01518762 -0.1038615 -0.02253866 -0.0176866 -0.1038615 -0.02253866 -0.02023661 -0.01349252 0.03459542 -0.02888858 9.15468e-4 0.03419345 -0.02888858 -0.01350444 0.03719246 -0.02706056 9.85444e-4 0.03678846 -0.02706056 -0.02908849 0.03504252 -0.02888858 -0.04705947 0.03555446 -0.03863459 -0.04705947 0.03555446 -0.03619766 -0.06329053 0.03526347 -0.03754961 -0.04754745 0.03816848 -0.04046159 -0.02908849 0.03504252 -0.03863459 -0.07366752 0.03330445 -0.0245496 -0.06329053 0.03526347 -0.02780359 -0.07937955 0.02833145 -0.02039659 -0.07366752 0.03330445 -0.03429561 -0.07937955 0.02833145 -0.03014266 -0.08161354 0.01899641 -0.01661467 -0.08416253 0.02163052 -0.01478767 -0.08419054 0.01055639 -0.0139175 -0.09093052 0.008266448 -0.02276456 -0.09093052 0.008266448 -0.02032864 -0.09813153 0.004406452 -0.02276456 -0.0930255 0.01067441 -0.02459257 -0.08419054 0.01055639 -0.02366364 -0.1020895 -0.008740544 -0.01301854 -0.09813153 0.004406452 -0.01301854 -0.1038615 -0.02253866 -0.01284557 -0.1020895 -0.008740544 -0.02276456 -0.1038615 -0.02253866 -0.02273261 -0.1045035 -0.02834749 -0.02263551 -0.1045035 -0.02834749 -0.01996064 -0.1045035 -0.02834749 -0.01232767 -0.1045035 -0.02834749 -0.01438558 -0.1045035 -0.02834749 -0.01707065 -0.1076925 0.02753239 -0.0241025 -0.1055976 0.02512341 -0.02492666 -0.09931153 0.01789951 -0.02520161 -0.09180855 0.02953255 -0.01417863 -0.09945553 0.03743553 -0.01445358 -0.1020045 0.04006946 -0.01527762 -0.1020045 0.04006946 -0.01737964 -0.1020045 0.04006946 -0.02148759 -0.09093052 0.008266448 -0.01789164 -0.09093052 0.008266448 -0.0154556 -0.09093052 0.008266448 -0.01301854 -0.08161354 0.01899641 -0.02636063 -0.01358354 0.05537241 -0.03997159 -0.01358354 0.05537241 -0.03787064 0.0014714 0.05494654 -0.03787064 0.0014714 0.05494654 -0.03997159 -0.01353847 0.04498344 -0.02645152 -0.01357156 0.0527755 -0.0267266 0.001193404 0.04457038 -0.02645152 0.001401424 0.05235248 -0.0267266 -0.01358354 0.05537241 -0.02755165 -0.01358354 0.05537241 -0.0296536 0.0014714 0.05494654 -0.02755165 0.0014714 0.05494654 -0.0296536 -0.01358354 0.05537241 -0.03376162 0.0014714 0.05494654 -0.03376162 -0.04901146 0.04600954 -0.04107058 -0.04705947 0.03555446 -0.03376162 -0.04705947 0.03555446 -0.03132462 -0.04705947 0.03555446 -0.02888858 -0.01349252 0.03459542 -0.03863459 9.15468e-4 0.03419345 -0.03863459 0.05391246 0.05365639 -0.03997159 0.07378345 0.05175238 -0.03888756 0.07269644 0.04926145 -0.03971159 0.0532844 0.05107241 -0.04079657 0.03340137 0.05415952 -0.03997159 0.03309136 0.05156946 -0.04079657 0.03340137 0.05415952 -0.03787064 0.05391246 0.05365639 -0.03787064 0.07378345 0.05175238 -0.0367856 0.08874243 0.04714453 -0.03563356 0.09880846 0.04101639 -0.03148061 0.09655541 0.03889453 -0.03230464 0.08706742 0.04491549 -0.03645759 0.08874243 0.04714453 -0.0335316 0.09880846 0.04101639 -0.02937865 0.1448163 -0.02718448 -0.02039265 0.1420174 -0.02893441 -0.02065658 0.1398334 -0.02888339 -0.02153861 0.1420114 -0.02757263 -0.02135854 0.1441254 -0.02086663 -0.02046561 0.1412324 -0.02118557 -0.02146857 0.1441254 -0.02086663 -0.01949352 0.1448163 -0.02718448 -0.01947551 0.1420174 -0.02893441 -0.01949054 0.0820434 0.03822946 -0.03673267 0.06943541 0.04178839 -0.03998661 0.08979541 0.03252947 -0.03257966 0.0830354 0.02616339 -0.03197062 0.07701945 0.03154247 -0.03612363 0.06617444 0.03431648 -0.03937757 0.1091444 -0.01032853 -0.02520161 0.1033924 -0.01322644 -0.02459257 0.09995841 7.025e-4 -0.02459257 0.1051574 0.005366444 -0.02520161 0.1180544 -0.00731647 -0.02474665 0.1128714 0.01195448 -0.02476757 0.1215644 -0.02368259 -0.02469158 0.1117434 -0.02574348 -0.02520161 0.1048154 -0.02748465 -0.02458465 0.1126004 -0.03390949 -0.02250564 0.1052674 -0.03481143 -0.02253752 0.1071724 -0.03410649 -0.02401757 0.1126013 -0.03345561 -0.0245276 0.1227424 -0.03216648 -0.02224159 0.1227414 -0.03171253 -0.02406561 0.1227424 -0.03216648 -0.01957857 0.1126004 -0.03390949 -0.01959359 0.1052674 -0.03481143 -0.01968562 0.1126054 -0.03209257 -0.0105825 0.1052784 -0.03344839 -0.01101863 0.1071724 -0.03410649 -0.01112759 0.1126013 -0.03345561 -0.01084566 0.1227374 -0.03034949 -0.01111066 0.1227414 -0.03171253 -0.01135957 0.1215644 -0.02368259 -0.01109266 0.1117434 -0.02574348 -0.0105825 0.1048154 -0.02748554 -0.01114857 0.0820434 0.03822946 -0.02211356 0.08979541 0.03252947 -0.0179606 0.09655541 0.03889453 -0.01823461 0.08706742 0.04491549 -0.02238762 0.06943541 0.04178839 -0.02536666 0.07269644 0.04926145 -0.02564156 0.06617444 0.03431648 -0.02597659 0.07701945 0.03154247 -0.0227226 0.0830354 0.02616339 -0.01856952 0.05140346 0.04332047 -0.02645152 0.0532844 0.05107241 -0.0267266 0.03216141 0.04379749 -0.02645152 0.03309136 0.05156946 -0.0267266 0.03123235 0.03602641 -0.02706056 0.04952138 0.03556841 -0.02706056 0.1040024 0.03455245 -0.02769863 0.1013164 0.03205841 -0.02852261 0.1040024 0.03455245 -0.02559655 0.1066334 0.02802956 -0.02289867 0.1066334 0.02802956 -0.02500164 0.1038834 0.02528047 -0.02582556 0.09325742 0.02457654 -0.02879762 0.09563446 0.0170325 -0.02610063 0.08738446 0.008784532 -0.02549159 0.08519941 0.01709449 -0.02818858 0.1001273 0.01255744 -0.0105825 0.09346342 0.005679488 -0.01119154 0.09995841 7.025e-4 -0.01119154 0.1051574 0.005366444 -0.0105825 0.1067904 0.01943552 -0.01085758 0.1128714 0.01195448 -0.01101565 0.1038834 0.02528047 -0.01175659 0.09563446 0.0170325 -0.01148164 0.08738446 0.008784532 -0.01209056 0.1420693 -0.00554645 -0.01509964 0.1441254 -0.02086663 -0.01531761 0.1441254 -0.02086663 -0.01628959 0.1420693 -0.00554645 -0.01623463 0.1365074 0.009477496 -0.01448965 0.1365074 0.009477496 -0.01588261 0.1344674 0.005625486 -0.01367056 0.1389124 -0.005660474 -0.01398766 0.1412324 -0.02118557 -0.01431554 0.1126054 -0.03209257 -0.02520161 0.1052784 -0.03344839 -0.02455955 0.1227374 -0.03034949 -0.02467358 0.1091444 -0.01032948 -0.0105825 0.1033924 -0.01322644 -0.01119154 0.1180544 -0.00731647 -0.01103752 0.1294423 -0.006005525 -0.02338057 0.1263334 0.009678483 -0.02331662 0.1344674 0.005625486 -0.02211356 0.1389124 -0.005660474 -0.02179658 0.1325533 -0.0221436 -0.0231626 0.1335954 -0.02873444 -0.02308958 0.1336014 -0.03009748 -0.0226795 0.1336033 -0.03055167 -0.02144956 0.1336033 -0.03055167 -0.01953452 0.1335954 -0.02873444 -0.01269453 0.1336014 -0.03009748 -0.01289957 0.1398334 -0.02888339 -0.01415354 0.1420114 -0.02757263 -0.01442456 0.1325533 -0.0221436 -0.01262164 0.1294423 -0.006005525 -0.01240265 0.1263334 0.009678483 -0.01246762 0.1252974 0.01490646 -0.01324456 0.1142084 0.01692748 -0.01207154 0.1252974 0.01490646 -0.0149725 0.1142084 0.01692748 -0.01408064 0.05391246 0.05365639 -0.02755165 0.07378345 0.05175238 -0.02646654 0.07378345 0.05175238 -0.02856862 0.05391246 0.05365639 -0.0296536 0.03340137 0.05415952 -0.02755165 0.03340137 0.05415952 -0.0296536 0.08874243 0.04714453 -0.02321267 0.09880846 0.04101639 -0.01905959 0.09880846 0.04101639 -0.02116167 0.08874243 0.04714453 -0.0253145 0.1448163 -0.02718448 -0.01539063 0.1420174 -0.02893441 -0.0149216 0.1420174 -0.02893441 -0.01593363 0.1448163 -0.02718448 -0.01630759 0.1126004 -0.03390949 -0.01163566 0.1052674 -0.03481143 -0.01180863 0.1052674 -0.03481143 -0.01358366 0.1126004 -0.03390949 -0.01331663 0.1227424 -0.03216648 -0.01210558 0.1227424 -0.03216648 -0.01369059 0.1090114 0.02172851 -0.01168161 0.1090114 0.02172851 -0.01378357 0.1066334 0.02802956 -0.01258063 0.1066334 0.02802956 -0.01468265 0.1420693 -0.00554645 -0.02068454 0.1420693 -0.00554645 -0.01954865 0.1365074 0.009477496 -0.02129459 0.1365074 0.009477496 -0.01990056 0.1336033 -0.03055167 -0.01351356 0.1336033 -0.03055167 -0.01481252 0.1252974 0.01490646 -0.02253961 0.1252974 0.01490646 -0.0208106 0.1142084 0.01692748 -0.02371156 0.1142084 0.01692748 -0.02170258 0.05391246 0.05365639 -0.03376162 0.07378345 0.05175238 -0.03267765 0.03340137 0.05415952 -0.03376162 0.08874243 0.04714453 -0.02942359 0.09880846 0.04101639 -0.02526956 0.1448163 -0.02718448 -0.01789164 0.1441254 -0.02086663 -0.01789164 0.1420174 -0.02893441 -0.0176866 0.1126004 -0.03390949 -0.01624959 0.1227424 -0.03216648 -0.01645451 0.1052674 -0.03481143 -0.01645451 0.1090114 0.02172851 -0.01789164 0.1142084 0.01692748 -0.01789164 0.1090114 0.02172851 -0.02199953 0.1066334 0.02802956 -0.0187906 0.1420693 -0.00554645 -0.01789164 0.1365074 0.009477496 -0.01789164 0.1336033 -0.03055167 -0.01707065 0.1252974 0.01490646 -0.01789164 0.01592642 0.0441944 -0.04107058 0.01547545 0.03641653 -0.04046159 0.01637738 0.05197346 -0.04079657 0.03216141 0.04379749 -0.04107058 0.03123235 0.03602641 -0.04046159 0.01532441 0.03382349 -0.03376162 0.01532441 0.03382349 -0.03619766 0.03092241 0.03343546 -0.03376162 0.03092241 0.03343546 -0.03619766 0.03092241 0.03343546 -0.03132462 0.01532441 0.03382349 -0.03132462 0.07534444 0.02931344 -0.02942264 0.06508743 0.03182554 -0.03267651 0.06508743 0.03182554 -0.03511357 0.07534444 0.02931344 -0.03185957 0.08078145 0.02404153 -0.02526956 0.08078145 0.02404153 -0.02770662 0.08078145 0.02404153 -0.02283358 0.07534444 0.02931344 -0.02698653 0.06508743 0.03182554 -0.03024065 0.08251345 0.01460045 -0.02148759 0.08251345 0.01460045 -0.02392452 0.08463442 0.006034493 -0.0187906 0.08463442 0.006034493 -0.02122753 0.08463442 0.006034493 -0.01635456 0.08251345 0.01460045 -0.01905167 0.1014744 -0.01419246 -0.01789164 0.09822642 -8.52466e-4 -0.01789164 0.09822642 -8.52466e-4 -0.02032864 0.1014744 -0.01419246 -0.02032864 0.1025054 -0.02806544 -0.0176866 0.1025054 -0.02806544 -0.02023661 0.1025054 -0.02806544 -0.01518762 0.1014744 -0.01419246 -0.0154556 0.09822642 -8.52466e-4 -0.0154556 0.01532441 0.03382349 -0.02888858 0.03092241 0.03343546 -0.02888858 0.01547545 0.03641653 -0.02706056 0.04889446 0.03298449 -0.03863459 0.06508743 0.03182554 -0.03754961 0.04889446 0.03298449 -0.03619766 0.03092241 0.03343546 -0.03863459 0.04952138 0.03556841 -0.04046159 0.07534444 0.02931344 -0.0245496 0.06508743 0.03182554 -0.02780359 0.08078145 0.02404153 -0.02039659 0.07534444 0.02931344 -0.03429561 0.08078145 0.02404153 -0.03014266 0.08251345 0.01460045 -0.01661467 0.08463442 0.006034493 -0.0139175 0.08519941 0.01709449 -0.01478767 0.09124243 0.003387451 -0.02276456 0.09822642 -8.52466e-4 -0.02276456 0.09124243 0.003387451 -0.02032864 0.08463442 0.006034493 -0.02366364 0.09346342 0.005679488 -0.02459257 0.1014744 -0.01419246 -0.01301854 0.09822642 -8.52466e-4 -0.01301854 0.1025054 -0.02806544 -0.01284557 0.1014744 -0.01419246 -0.02276456 0.1025054 -0.02806544 -0.02273261 0.1028364 -0.03390043 -0.02263551 0.1028364 -0.03390043 -0.01996064 0.1028364 -0.03390043 -0.01232767 0.1028364 -0.03390043 -0.01438558 0.1028364 -0.03390043 -0.01707065 0.1090114 0.02172851 -0.0241025 0.1067904 0.01943552 -0.02492666 0.1001273 0.01255744 -0.02520161 0.09325742 0.02457654 -0.01417863 0.1013164 0.03205841 -0.01445358 0.1040024 0.03455245 -0.01527762 0.1040024 0.03455245 -0.01737964 0.1040024 0.03455245 -0.02148759 0.09124243 0.003387451 -0.01789164 0.09124243 0.003387451 -0.0154556 0.09124243 0.003387451 -0.01301854 0.08251345 0.01460045 -0.02636063 0.01652741 0.0545665 -0.03997159 0.01652741 0.0545665 -0.03787064 0.01592642 0.0441944 -0.02645152 0.01637738 0.05197346 -0.0267266 0.01652741 0.0545665 -0.02755165 0.01652741 0.0545665 -0.0296536 0.01652741 0.0545665 -0.03376162 0.05140346 0.04332047 -0.04107058 0.04889446 0.03298449 -0.03376162 0.04889446 0.03298449 -0.03132462 0.04889446 0.03298449 -0.02888858 0.01532441 0.03382349 -0.03863459</float_array>
          <technique_common>
            <accessor source="#wheel_front_left_caliper_brakedisk-mesh-positions-array" count="2060" stride="3">
              <param name="X" type="float"/>
              <param name="Y" type="float"/>
              <param name="Z" type="float"/>
            </accessor>
          </technique_common>
        </source>
        <source id="wheel_front_left_caliper_brakedisk-mesh-normals">
          <float_array id="wheel_front_left_caliper_brakedisk-mesh-normals-array" count="5481">0.01986801 0.9997808 -0.006622672 0.103642 0.9926258 -0.06286883 0.3336951 0.9389485 -0.08380526 0.0280466 0.9996066 0 0.416434 0.909166 0 -0.3535638 0.9354105 0 -9.76617e-4 0.9999952 -0.002929806 -0.9974156 0.07184123 -0.001037597 -0.9981327 0.06106901 -0.001312315 -0.9983156 0.05801707 -1.52596e-4 -0.997394 0.07214707 0 -0.9983174 0.05798667 0 -0.9896061 0.143805 0 -0.9897342 0.1428903 -0.002960324 -0.997148 0.07535147 -0.004242122 -0.9889938 0.1475281 -0.0112614 -0.9222268 -0.3220072 -0.2140306 -0.6409338 -0.6204554 -0.4519283 -0.913461 -0.3833783 -0.1364194 -0.5911857 -0.7347781 -0.3325667 -0.7589122 -0.6450158 -0.08948123 -0.9649094 -0.2625828 0 -0.9908309 -0.1351078 0 -0.2815665 0.9595417 3.66226e-4 -0.1556773 0.9878079 3.0519e-4 -0.2871854 0.9578748 6.40903e-4 -0.7825035 0.6226457 8.85047e-4 -0.7755647 0.631268 4.57794e-4 -0.2778758 0.9606171 0 -0.1557369 0.9877986 2.13631e-4 -0.1557071 0.9878033 0 -0.8451399 0.5345453 1.52596e-4 -0.7861072 0.4050781 -0.4668484 -0.7181485 0.517759 -0.4649608 -0.2554123 0.2562363 -0.9322595 -0.276867 0.2048425 -0.9388207 -0.2017937 0.3097407 -0.929161 -0.5004811 0.7584277 -0.4174999 -0.6090968 0.7930955 7.62973e-4 -0.0536226 -0.6853139 -0.726271 -0.0919857 -0.6920902 -0.7159259 -0.1043741 -0.7163051 -0.6899369 -0.1124631 -0.7222968 -0.6823778 -0.07782387 -0.7047792 -0.7051454 -0.0323804 -0.6083611 -0.7929997 -0.02487331 -0.6030032 -0.797351 -0.04913604 -0.6665415 -0.7438469 -0.02630776 -0.5993723 -0.800038 -0.003692746 -0.1170706 -0.9931167 -9.15582e-5 0.001770079 -0.9999985 -2.44156e-4 2.44156e-4 -1 0.003418087 0.09115982 -0.9958305 0.004944026 0.09274679 -0.9956775 -0.001190245 -0.003570735 -0.999993 -0.003387629 -0.1169804 -0.9931285 -0.2461706 -0.9630138 -0.1095651 -0.3310124 -0.9436264 0 -0.3140392 -0.9440402 -0.1008343 -0.1999621 -0.9010199 -0.3849394 -0.2524522 -0.8980488 -0.3602449 -0.1605929 -0.9010236 -0.4029474 -0.1936447 -0.9741749 -0.1161258 -0.2576721 -0.9662325 0 -0.2011198 -0.9795666 0 0.05029517 0.1427675 -0.9884775 0.003234922 0.08249187 -0.9965866 0.01699918 0.07135385 -0.9973062 0.3777372 0.457362 -0.8050682 0.2320035 0.1346182 -0.9633547 0.2653027 0.5595375 -0.7851958 0.03448665 0.158181 -0.9868077 0.00463885 0.09302204 -0.9956533 0.003082454 0.1110908 -0.9938055 0.007538139 0.111882 -0.993693 0.01193273 0.120701 -0.9926173 0.006683588 0.1354424 -0.9907627 0.001556456 0.09595245 -0.9953847 -0.9572654 -0.06970584 -0.2806851 -0.5340845 0.2995146 -0.7905977 -0.5815769 -0.1904713 -0.7908787 -0.5412638 -0.5799931 -0.6088035 -0.9990217 0.04422259 2.74675e-4 -0.7532939 0.5658783 -0.3351567 -0.9987665 0.04965448 1.22076e-4 -0.7713167 0.6364516 0 -0.9986053 0.05279749 0 -0.1605023 -0.7750438 -0.6111844 -0.3670603 -0.8713677 -0.3255535 -0.2090853 -0.793981 -0.5708569 -0.3066284 -0.7590174 -0.5743445 -0.01229912 -0.3607039 -0.9325993 -0.004455685 -0.1166117 -0.9931676 -0.0112614 -0.3565501 -0.9342083 -0.02493411 -0.5811759 -0.813396 -0.02624678 -0.5905538 -0.8065714 -0.01358103 -0.3622936 -0.9319652 0.02838248 0.9777005 -0.2080772 0.1479585 0.6276947 -0.7642695 0.02041757 0.6574832 -0.7531926 -0.1076413 0.6339458 -0.7658499 -0.3504856 0.8686758 -0.3500888 0.4110353 0.8417556 -0.3499965 -0.8769693 0.05093652 -0.4778392 -0.3149238 0.02203458 -0.9488612 -0.8751044 0.06296086 -0.4798212 -0.3051646 0.04031622 -0.9514458 -0.8637155 0.1244866 -0.4883635 -0.1388924 0.9408736 -0.3089754 -0.2614923 0.4594427 -0.8488429 -0.2951219 0.9117953 -0.2855388 -0.2855393 0.1111516 -0.9518995 -0.8278067 0.279313 -0.4865394 -0.9084821 0.4179238 0 -0.954074 0.2995711 0 -0.02658212 -0.6109309 -0.7912376 -0.01696872 -0.6361152 -0.7714076 -0.03351056 -0.6361523 -0.7708356 -0.02990859 -0.6127909 -0.7896789 -0.03961384 -0.637515 -0.769419 -0.01925742 -0.5588932 -0.8290162 -0.01812863 -0.5571349 -0.8302241 -0.01635813 -0.610502 -0.7918458 -0.01489335 -0.5565178 -0.8307023 0.00125128 -9.15583e-5 -0.9999993 -0.3192276 0.2764096 -0.906472 0.005035638 0.1349862 -0.9908347 0.3457853 0.2428737 -0.906336 0.3257858 -0.01904356 -0.9452518 -0.4706636 -0.8779392 -0.08774203 -0.7966108 -0.6044927 0 -0.4970623 -0.867715 0 -0.02905386 0.09488284 -0.9950644 -0.02679604 0.04077392 -0.998809 -0.01440507 0.006866812 -0.9998727 -0.02261483 0.1131965 -0.9933153 -0.02627664 0.1262866 -0.9916458 -0.01962405 -0.7339044 -0.6789692 -0.05057024 -0.9029404 -0.4267802 -0.04083436 -0.7331272 -0.6788645 -0.06039744 -0.9021775 -0.4271159 -0.04864746 -0.7330999 -0.6783791 -0.01736515 -0.3520336 -0.9358264 -0.0754739 0.3950709 -0.9155451 -0.02295064 -0.08417272 -0.9961869 -0.01171946 -0.3151438 -0.9489716 -0.8844671 0.4666028 0 -0.8837715 0.4679185 -3.05191e-4 -0.8130264 0.4039496 -0.4193006 -0.3169432 0.01840311 -0.948266 0.3097373 0.01339781 -0.9507278 0.001678526 -9.15582e-5 -0.9999987 -0.6113893 0.79133 -4.27268e-4 -0.8461037 0.5330112 -0.002777159 -0.8529667 0.5218695 -0.01001012 -0.6164187 0.7874155 -0.002227842 -0.913972 0.405379 -0.01797544 -0.9086655 0.4174966 -0.004852473 -0.9542481 0.2989674 -0.005401909 -0.9549998 0.2959425 -0.01983731 -0.01837235 0.9998312 0 0.0282914 0.9995998 0 0.03057992 0.9995245 -0.003967404 -0.9843983 0.17457 -0.02203488 -0.991467 0.1297968 -0.01208543 -0.9952852 0.09656202 -0.009125173 -0.9952772 0.09701907 -0.0032655 -0.9970997 0.07605433 -0.002838253 -0.7610259 -0.6434355 0.08264589 -0.9222796 -0.3682709 0.1173754 -0.6077342 -0.7292627 0.314381 -0.6819264 -0.5989136 0.419856 -0.9345852 -0.3012231 0.1892487 -0.2819085 0.9594413 -3.96753e-4 -0.7832478 0.6217091 -9.1558e-4 -0.2878237 0.9576832 -6.71416e-4 -0.1556475 0.9878126 -3.3571e-4 -0.1556177 0.9878174 -2.44154e-4 -0.7761663 0.6305283 -5.18828e-4 -0.7539145 0.5158347 0.4068508 -0.1984664 0.3943693 0.8972648 -0.3020479 0.3736153 0.8770284 -0.8392994 0.4027575 0.3651888 -0.372157 0.3561647 0.8571149 -0.8851211 0.4650228 -0.01773172 -0.6332108 0.773965 -0.004730463 -0.4946231 0.7704854 0.4021198 -0.2780629 -0.713179 0.6434725 -0.5799612 -0.5665327 0.5853937 -0.3261953 -0.7584773 0.5641885 -0.1131962 -0.7236746 0.680795 -0.07880109 -0.7061278 0.7036861 -0.1400553 -0.6273038 0.7660773 -0.0327779 -0.6096265 0.7920109 0.00476098 0.1789048 0.9838549 0.02023392 0.6871602 0.7262242 0.005462825 0.1790224 0.9838299 0.02063107 0.6851598 0.7281006 0.005279779 0.1777441 0.9840627 0.003540158 0.08850419 0.9960696 0.002319455 0.08731549 0.996178 6.10386e-4 0.02365243 0.9997201 0.004120051 0.1486884 0.9888756 5.79868e-4 0.0234999 0.9997237 0.001648008 0.1503964 0.9886245 1.83113e-4 0.02420145 0.9997071 -0.003296017 -0.1170106 0.9931253 -0.003112912 -0.1170408 0.9931223 -0.05551451 -0.9906861 0.1243355 -0.02423214 -0.9041896 0.4264435 -0.05053973 -0.9029709 0.4267191 -0.06631833 -0.9900139 0.1243965 -0.06039655 -0.902195 0.4270792 -0.06686741 -0.9977619 0 -0.05600243 -0.9984307 0 -0.02658224 -0.9918766 0.1243966 -0.02679544 -0.999641 0 0.005096554 0.1911988 0.9815382 0.007233023 0.1596466 0.9871478 0.007477164 0.190714 0.9816172 -0.0140084 0.1591592 0.9871535 -0.01336729 0.1926053 0.9811853 0.006866872 0.2019478 0.9793722 0.00540179 0.2025824 0.9792503 0.005188286 0.1943172 0.9809251 0.00589013 0.1937352 0.9810362 -0.00802654 0.204724 0.9787869 -0.001922667 0.1959925 0.9806036 0.003967463 0.1492391 0.9887932 -0.9990433 0.04373389 -2.74672e-4 -0.96312 -0.05926793 0.2624638 -0.6037535 -0.179481 0.7767035 -0.5479441 0.3067498 0.7782428 -0.7545915 0.567813 0.3289073 -0.9987907 0.04916584 -1.52594e-4 -0.00991863 -0.3459938 0.9381844 -0.01489335 -0.5565178 0.8307023 -0.009247243 -0.3457514 0.9382806 -0.003357052 -0.1170105 0.993125 -0.01025444 -0.3467901 0.9378868 -0.01812863 -0.5571349 0.8302241 -0.01925742 -0.5588932 0.8290162 -0.02429324 0.9786587 0.2040513 -0.3505998 0.868473 0.3504777 -0.1077616 0.6332027 0.7664475 -0.04025512 0.6555887 0.7540445 0.01919674 0.655314 0.7551127 0.02819991 0.979856 0.1977047 -0.8878605 0.1439889 0.4370024 -0.9775951 0.2085385 -0.02862709 -0.885477 0.2514151 0.3907952 -0.3972672 0.2010904 0.8954001 -0.3687324 0.09439569 0.9247302 -0.8785207 0.09634852 0.4678872 -0.294875 0.9134656 0.280409 -0.2608466 0.4643173 0.8463857 -0.1390444 0.9415405 0.3068681 -0.8611909 0.3593026 0.3595162 -0.9383423 0.3441036 -0.03326588 -0.3949483 0.3142251 0.8632951 -0.9527964 0.3010983 -0.03897243 0.02865731 0.9995893 0 0.02835226 0.9995638 -0.00827068 0.02874881 0.9995867 0 0.02871823 0.9995546 -0.008117973 0.05063068 0.9962261 -0.07049846 -0.05261445 -0.6499905 0.7581188 -0.02645981 -0.5996337 0.7998371 -0.04962396 -0.66675 0.7436276 -0.08499521 -0.6705926 0.7369407 -0.09259486 -0.6920504 0.7158858 -0.07745689 -0.6576513 0.7493299 -0.05081427 -0.6372386 0.7689896 -0.0262767 -0.5906619 0.8064913 -0.02496433 -0.5812303 0.8133562 0.004547297 0.1534498 0.988146 -0.03790432 0.1504272 0.9878942 -0.3173723 0.2875548 0.9036521 -0.0471518 0.05002057 0.9976345 -1.52593e-4 0.06845331 0.9976544 -0.4708856 -0.878016 0.08575981 -0.250504 -0.898738 0.3598858 -0.3692558 -0.8720039 0.3213401 -0.3141387 -0.9440944 0.1000128 -0.01986795 0.2055468 0.9784456 -0.1020561 0.1582725 0.9821072 -0.09882181 0.2354267 0.966855 -0.07965385 0.2609047 0.9620727 -0.0131843 0.2232794 0.9746654 -0.004821896 0.2126539 0.9771158 -0.05227982 0.2494357 0.9669791 -0.02749782 0.2021596 0.9789665 8.85053e-4 0.1632159 0.98659 -0.1336138 -0.7601158 0.6359019 -0.1593725 -0.7769337 0.6090767 -0.201792 -0.900404 0.3854253 -0.1605604 -0.9011954 0.402576 -0.1106911 -0.748073 0.6543197 -0.01666325 -0.3120242 0.9499281 -0.113012 -0.2736947 0.9551542 0.01980656 0.6602101 0.7508199 0.02865713 0.9805692 0.194069 0.02008169 0.6653525 0.7462592 0.02884048 0.9813404 0.1901032 -0.8774636 0.4796431 -4.88311e-4 -0.8808862 0.4733279 -5.18833e-4 0.01193308 0.1007143 0.9948439 -0.00903362 0.1034905 0.9945895 0.01660209 0.1497241 0.9885885 -0.01925772 0.1540009 0.9878831 0.01785337 0.1460928 0.9891098 0.01043736 0.0907014 0.9958235 0.00552386 0.06595081 0.9978077 0.003692805 0.05627757 0.9984083 -0.8061128 0.4192165 0.41766 -0.3316799 0.05127179 0.9419978 -0.07715278 0.08554559 0.9933426 -0.9271028 0.3736122 -0.02990847 -0.8694556 0.4937363 -0.0164802 -0.6248121 0.7807633 -0.004303097 -0.9542385 0.2971943 -0.03323519 0.8505505 0.3237519 -0.4144256 0.9259145 0.3777331 0 0.8807979 -0.05130356 -0.470705 0.8048308 0.3465188 -0.4818425 0.7098114 0.6716016 -0.2124124 0.7174223 0.6966385 -3.35715e-4 0.9338542 0.3576534 5.49344e-4 0.4566618 0.86199 -0.2200754 0.875621 0.03686696 -0.48159 0.9983174 -0.05798667 0 0.999279 0.03796541 2.7467e-4 0.8142104 0.436388 -0.3829191 0.3976673 0.630347 -0.666726 0.4020864 -0.02380472 -0.9152922 0.9120874 -0.05240088 -0.4066336 0.6244007 0.6542794 -0.4266641 0.8559777 0.3348284 -0.3939445 0.2933465 0.2865408 -0.9120538 0.4484424 0.160376 -0.879306 0.1236029 0.2975322 -0.9466768 0.39507 0.7818083 -0.4823852 0.4673997 0.8840461 3.3571e-4 0.9274715 0.02911508 -0.3727587 0.4585507 0.04559564 -0.8874978 0.04532116 0.005340874 -0.9989583 0.06302171 0.04767066 -0.9968731 -0.004150509 0.01849424 -0.9998204 -0.002197325 0.05453681 -0.9985094 0.06476074 0.657984 -0.7502421 0.01745712 0.6600448 -0.7510234 0.02838307 0.9963373 -0.08066284 -0.002044737 -0.03738516 -0.9992989 -0.007995903 0.00576806 -0.9999515 -0.006592154 -0.01431357 -0.9998759 -0.001983702 -0.0418716 -0.9991211 -0.005676507 -0.02581906 -0.9996506 -0.003357052 -0.1170105 -0.993125 -0.002044737 -0.03094595 -0.999519 -0.07351994 -0.9895436 -0.1240897 -0.06253463 -0.9021591 -0.426847 -0.06906473 -0.9898262 -0.1243959 -0.06631779 -0.9900063 -0.1244565 -0.06976562 -0.9975634 0 -0.07458889 -0.9972144 0 -0.1529626 0.2187927 -0.9637075 -0.2761732 0.6356959 -0.7208461 -0.4054452 0.5830048 -0.7040737 -0.1085252 0.1390135 -0.984326 -0.3550032 0.2367705 -0.9043852 -0.04965507 0.03274732 -0.9982295 -0.05536174 0.04132294 -0.9976109 -0.1105707 0.2078962 -0.9718813 -0.04928886 0.06055051 -0.9969475 -0.02200394 -0.007202386 -0.999732 -0.01944082 -0.02188241 -0.9995716 -0.02435386 0.02090525 -0.9994848 -0.01028484 -0.3478854 -0.9374808 -0.01025444 -0.3467901 -0.9378868 -0.01913565 -0.5612224 -0.8274438 -0.01034587 -0.3489532 -0.9370831 -0.01937937 -0.5637111 -0.8257448 -0.05249238 -0.6499294 -0.7581797 -0.07736611 -0.6576883 -0.7493068 -0.08484387 -0.6706331 -0.7369212 -0.05075317 -0.6372075 -0.7690194 -0.1310495 -0.7594404 -0.6372414 -0.110693 -0.7479028 -0.6545141 -0.06775808 -0.9977018 0 -0.06775808 -0.9977018 0 0.004913449 0.1543024 0.9880115 0.00540179 0.155219 0.9878655 0.001220703 0.02996939 0.9995501 0.005371391 0.1598912 0.9871201 8.2401e-4 0.02771115 0.9996157 -6.10377e-5 0.02887076 0.9995833 -0.003692746 -0.1170706 0.9931167 -0.003387629 -0.1169804 0.9931285 -0.2461996 -0.9630689 0.1090151 -0.193641 -0.9741867 0.116032 0.01959311 0.2024012 0.9791067 0.01626664 0.1984959 0.9799668 0.01300102 0.2164403 0.9762093 0.01635837 0.2230659 0.9746661 0.01153606 0.2144854 0.9766592 0.00903362 0.2080488 0.9780768 0.006622552 0.1651377 0.9862484 -0.01126158 -0.3565869 0.9341943 -0.01232969 -0.3607671 0.9325744 -0.004455804 -0.1166453 0.9931637 -0.01361155 -0.3624466 0.9319052 0.02899265 0.9995464 -0.008148431 0.02880978 0.9995849 -6.10378e-5 0.02880972 0.999552 -0.008117973 0.02844387 0.9995954 0 0.02487301 0.9996828 -0.003967463 -0.006408929 0.9978782 -0.06479173 0.0280162 0.9963454 -0.08069151 -0.03039699 -0.6183472 0.7853171 -0.04016262 -0.639734 0.7675465 -0.02981746 -0.6154852 0.7875842 -0.03958338 -0.6375158 0.7694199 -0.02990859 -0.6127909 0.7896789 -0.01913565 -0.5612224 0.8274438 -0.01937937 -0.5637111 0.8257448 -0.04989916 -0.7340823 0.6772247 -0.06564587 -0.9023185 0.4260423 -0.06253463 -0.9021591 0.426847 -0.04864746 -0.7330999 0.6783791 -0.04080384 -0.6422412 0.7654158 -0.05136334 -0.7355068 0.6755676 0.02887105 0.9832034 0.1802152 0.02050888 0.6820736 0.7309959 0.02890193 0.9836741 0.1776235 0.02893179 0.984079 0.175361 0.02887076 0.9995833 0 -0.01382493 0.09891098 0.9950003 -0.02963405 0.1553424 0.9874162 -0.01837235 0.1127673 0.9934516 -0.007141411 0.1239377 0.9922644 -0.004455804 0.07724416 0.9970023 -0.003997921 0.06411999 0.9979343 -0.365738 0.9104998 -0.1929402 -0.6237298 0.7816385 -0.001617491 -0.6017454 0.7718589 -0.2052716 -0.8957294 0.4445992 -7.01934e-4 -0.8283729 0.3970196 -0.3951885 -0.5603643 0.7299904 -0.3912875 -0.1534209 0.3360793 -0.9292538 -0.3342121 0.3513027 -0.8745791 -0.8376567 0.425924 -0.3419356 -0.5183996 0.2377448 -0.8214251 -0.3231738 0.8255903 -0.4625576 -0.3617731 0.9322662 2.74672e-4 -0.1298592 0.1003471 -0.9864416 -0.01425212 0.03717154 -0.9992073 -0.0949127 0.04867708 -0.9942948 -0.558138 0.1457299 -0.8168506 -0.5354658 0.06030666 -0.8424011 -0.03805768 0.07968622 -0.9960933 0.010926 0.6659688 -0.7458997 -0.06762957 0.6747702 -0.7349228 -0.09973609 0.9929359 -0.06427299 -0.5479555 0.609972 -0.5724325 -0.002288877 0.08713114 -0.9961943 -0.00125122 -0.009582936 -0.9999534 -0.001220703 0.06521844 -0.9978703 -4.57789e-4 -0.01602256 -0.9998716 -0.1253432 -0.9021535 -0.4128054 -0.1481996 -0.9817615 -0.1190846 -0.1108142 -0.9864019 -0.1213737 -0.09543448 -0.9028283 -0.4192771 -0.1526236 -0.9882844 0 0.1240293 0.6314691 -0.7654172 0.007568597 0.1814337 -0.9833741 0.001525938 0.667847 -0.7442971 -0.02337789 0.1984683 -0.9798285 -0.009399712 0.1186562 -0.992891 -0.004944086 0.1342548 -0.9909346 -0.0222789 0.1078848 -0.9939137 -0.01034587 0.1069078 -0.9942151 -0.01089513 -0.3535897 -0.9353372 -0.01059019 -0.3515218 -0.9361199 -0.0217601 -0.5697305 -0.8215436 -0.02365201 -0.5743931 -0.8182378 -0.03290015 -0.6212889 -0.7828906 -0.04077416 -0.6422241 -0.7654318 -0.04443609 -0.6447815 -0.7630743 -0.0387898 -0.6246045 -0.7799773 -0.05395817 -0.6474373 -0.7602063 -0.02011185 -0.5663987 -0.8238859 -0.03042745 -0.6183466 -0.7853164 -0.05133408 -0.735494 -0.6755838 -0.07452875 -0.9028301 -0.4234896 -0.05676525 -0.7374295 -0.6730345 -0.07083469 -0.7395683 -0.669344 -0.1137437 -0.9935101 0 0.004028439 0.1652587 0.9862421 0.0202952 0.6754486 0.7371277 0.004364192 0.1605309 0.9870212 0.0202949 0.6724492 0.7398651 0.004669368 0.1580888 0.9874139 -7.01946e-4 0.05740696 0.9983506 6.10389e-4 0.02923756 0.9995724 0.004059016 0.1660553 0.9861081 7.93505e-4 0.03027522 0.9995413 0.004425287 0.1669406 0.9859571 8.24016e-4 0.03058016 0.999532 -0.08554583 -0.9887061 0.1230542 -0.07452744 -0.9029053 0.4233294 -0.09546262 -0.9029579 0.4189918 -0.1108142 -0.9864019 0.1213737 -0.08749741 -0.9961647 0 -0.07351964 -0.98954 0.1241197 -0.01657158 0.2030097 0.9790366 -0.004608273 0.1477404 0.9890155 -0.00213629 0.2046301 0.9788371 7.01941e-4 0.1468583 0.9891573 0.002563595 0.2051807 0.9787209 9.46083e-4 0.2251982 0.9743126 -0.009094655 0.2219048 0.975026 -0.001525938 0.2124459 0.9771717 0.00350964 0.2159531 0.9763974 0.004150569 0.2262994 0.974049 0.004944086 0.2170215 0.9761543 0.002655148 0.1633689 0.9865615 -0.01034587 -0.3489532 0.9370831 -0.01040685 -0.3501109 0.9366505 -0.01059007 -0.3515486 0.9361099 -0.02011221 -0.5663779 0.8239002 0.0288403 0.9995841 0 0.02880978 0.9995849 0 0.02874875 0.9995537 -0.008117973 0.02838289 0.9963323 -0.08072346 -0.06601285 -0.6510341 0.7561725 -0.04571777 -0.6293978 0.7757374 -0.05395799 -0.6474046 0.7602342 -0.03891187 -0.624635 0.7799468 -0.02368265 -0.5744276 0.8182129 -0.1253733 -0.9023034 0.4124684 -0.08972722 -0.7427826 0.663493 -0.07083541 -0.739728 0.6691673 0.0202648 0.6691966 0.7428091 0.02896219 0.981877 0.187293 0.02890169 0.9823523 0.1847938 0.005676507 0.1461558 0.9892454 0.002990841 0.08847409 0.996074 2.44156e-4 0.08966612 0.9959719 0.00137335 0.05411088 0.998534 0.2195225 0.9560048 -0.1945886 0.2280963 0.9736362 0.002197325 0.02893227 0.9831175 -0.1806741 0.0338146 0.9994246 0.002685606 0.04409986 0.2945995 -0.9546027 0.1879696 0.8424907 -0.5048535 0.01962363 0.8592605 -0.5111616 -0.01126164 0.2972289 -0.9547399 -0.00653094 0.0569173 -0.9983576 -0.003173947 0.02288901 -0.999733 -0.01171928 0.06155693 -0.9980348 -0.003692746 0.0263378 -0.9996463 0.01754885 0.6609361 -0.7502369 0.02847415 0.9963225 -0.08081424 0.01748746 0.6617163 -0.7495504 -0.02981746 -0.6154852 -0.7875842 -0.04016262 -0.639734 -0.7675465 -0.04989916 -0.7340823 -0.6772247 -0.06561553 -0.9023203 -0.4260431 0.004211604 0.1721278 0.9850656 0.02047806 0.6787993 0.7340383 1.22075e-4 0.08752769 0.9961622 9.46083e-4 0.1568667 0.9876194 2.4415e-4 0.02676492 0.9996418 -0.06906473 -0.9898262 0.1243959 -0.02688723 0.198099 0.9798132 -0.02020364 0.1503678 0.9884237 -0.01693797 0.2135406 0.9767874 -0.006042659 0.2041699 0.9789168 -0.01028484 -0.3478854 0.9374808 -0.06775814 -0.9977018 0 -0.06775808 -0.9977018 0 -0.001953184 -0.04507666 -0.9989817 -0.005371391 -0.03375434 -0.9994158 -0.00125122 -0.0466327 -0.9989114 -0.00100708 -0.03772163 -0.9992879 -0.003112912 -0.1170408 -0.9931223 -0.003296017 -0.1170106 -0.9931253 -0.05551409 -0.9906786 -0.1243956 -0.02423214 -0.9041896 -0.4264435 -0.02658236 -0.9918803 -0.1243665 -0.03872853 0.0983321 -0.9943998 -0.06585973 0.09140402 -0.9936336 0.002349972 0.08832287 -0.9960891 0.00225836 0.0850858 -0.9963712 -0.02822965 0.0245369 -0.9993004 -0.0172128 -0.03351002 -0.9992902 3.9675e-4 0.01608359 -0.9998707 -0.001068174 -0.04071265 -0.9991704 -0.00991863 -0.3459938 -0.9381844 -0.009247243 -0.3457514 -0.9382806 0.02771115 0.999616 1.22076e-4 0.02621597 0.9996563 2.13634e-4 0.02599674 0.9996621 2.98302e-4 0.0268259 0.9996401 2.4415e-4 -0.01605302 0.9998667 -0.002990841 -0.03357088 -0.6361691 0.7708191 -0.02658212 -0.6109309 0.7912376 -0.01696878 -0.6361483 0.7713802 -0.01635813 -0.610502 0.7918458 -0.04083436 -0.7331272 0.6788645 -0.01962363 -0.7339185 0.678954 0.02829134 0.984368 0.1738376 0.01837223 0.6879535 0.7255221 0.02627646 0.9844998 0.1734067 0.005829036 0.1257978 0.9920388 0.004242122 0.1595851 0.9871751 0.003357052 0.1250368 0.9921464 0.001586973 0.06048941 -0.9981676 -0.1004684 0.06314373 -0.9929346 -0.5265403 0.1038553 -0.8437828 -0.1048951 0.04883098 -0.9932838 0.001190245 0.04568725 -0.9989552 -0.943645 0.1285457 -0.3049756 -0.9928641 0.1191754 0.00427258 -0.9547537 0.04092586 -0.2945685 -0.5547692 0.05429273 -0.8302311 -0.9503311 0.1322388 -0.2817513 -0.9567943 0.04394704 -0.2874258 -0.9995439 0.02920621 0.007690668 0.004119992 0.1545161 -0.9879817 -0.1116099 0.1637678 -0.9801651 -0.5467544 0.2425984 -0.8013774 -0.3340043 0.6203679 -0.7096371 -0.132817 0.6674422 -0.7327214 0.01794528 0.6679747 -0.7439677 -0.9268332 0.2614873 -0.2694528 -0.9611479 0.2758955 0.008759021 -0.5787882 0.8154612 0.005218684 -0.5620698 0.781746 -0.2700938 -0.9143639 0.2768117 -0.2954897 -0.5195829 0.8494609 -0.09192264 0.026277 0.9817418 -0.188395 -0.0963779 0.976078 -0.1948921 -0.08288866 0.9965562 0.002319395 0.02682578 0.9996361 0.002868711 0.02673435 0.99964 0.002288877 -0.0748322 0.9971733 -0.006744623 0.02676492 0.9996417 5.49337e-4 -0.001770079 -0.0230416 -0.999733 -0.007324576 0.03524965 -0.9993517 -0.08554583 -0.9887061 -0.1230542 -0.05890136 0.2056666 -0.976848 -0.121953 0.6665909 -0.7353802 -0.03741681 0.08585113 -0.9956051 -0.02185153 0.06329625 -0.9977555 -0.01040685 -0.3501109 -0.9366505 -0.04565662 -0.6293661 -0.7757666 -0.06595253 -0.651102 -0.7561194 -0.08963406 -0.7425863 -0.6637254 0.00463891 0.1557399 0.9877873 8.24024e-4 0.05524009 0.9984728 0.005249142 0.1672416 0.985902 9.46091e-4 0.03064113 0.9995301 -0.1481996 -0.9817615 0.1190846 0.00766021 0.2051169 0.9787076 0.007904469 0.2264525 0.9739902 0.00714147 0.2173579 0.9760659 -0.01089537 -0.3536265 0.9353233 -0.02179062 -0.5697301 0.821543 0.02835214 0.9963234 -0.08084481 -0.04446673 -0.6448134 0.7630456 -0.03293067 -0.6212883 0.7828899 -0.05673563 -0.7375332 0.6729235 0.02887064 0.9827929 0.1824406 -0.00363177 0.09198522 0.9957538 -0.1490862 0.9888216 0.002258419 -0.1524439 0.9710327 -0.1840009 -0.1368479 0.8576492 -0.495692 -0.06763082 0.3130673 -0.9473199 -0.02084434 0.06875884 -0.9974156 -0.006744742 0.03076332 -0.999504 0.01562601 0.6633731 -0.7481258 -0.2486715 -0.7157393 -0.6525948 -0.1237851 -0.6278373 -0.7684385 -0.1095014 -0.2844045 -0.9524303 -0.2113475 -0.7946669 0.5690667 -0.1052291 -0.7167056 0.6893911 -0.05447655 -0.6861916 0.7253782 -0.02517819 -0.6038502 0.7967001 -0.01748746 -0.3520696 0.9358105 -0.02279794 -0.08353155 0.9962443 -0.08063066 0.393723 0.9156861 -0.1300733 0.4161308 0.8999534 -0.02417099 0.07153636 0.9971451 -0.2424152 0.9184799 0.3124572 -0.285687 0.9583226 -8.85047e-4 -0.2874907 0.9577834 -4.57788e-4 -0.2892568 0.9572516 1.52594e-4 -0.2882857 0.9575444 3.66232e-4 -0.2866029 0.9580491 7.62972e-4 -0.2465643 0.9169484 -0.3137065 -0.1360551 0.3903116 -0.9105744 -0.02356082 0.03671467 -0.9990481 0.03366261 0.9994114 -0.006622612 -0.0503562 0.9967486 -0.06289952 0.05456715 0.9985058 -0.002960264 0.4030638 0.9151719 0 0.0255137 0.9996746 0 -0.2830007 0.9554515 -0.08380454 -0.3672354 0.9301281 0 0.9998301 0.01840287 -0.001037597 0.9999708 0.00753808 -0.001342773 0.9997509 0.02191281 -0.004272699 0.9959622 0.08972632 -0.002960324 0.9954743 0.09436523 -0.011231 0.9958807 0.09067332 0 0.9998256 0.01867747 0 0.99999 0.004486262 -1.52596e-4 0.9999901 0.004455745 0 0.606948 -0.653796 -0.4518462 0.9037616 -0.3708068 -0.2138167 0.891667 -0.4316575 -0.1363884 0.9821807 -0.1879395 0 0.9494799 -0.3138279 0 0.7233315 -0.6846945 -0.0893597 0.5510568 -0.7653328 -0.332569 0.3324417 0.9431238 3.66226e-4 0.2082325 0.9780794 3.6623e-4 0.2084139 0.9780408 2.13633e-4 0.3291172 0.9442892 0 0.2083555 0.9780533 0 0.8083122 0.588754 4.88314e-4 0.8147362 0.5798312 8.54533e-4 0.3380622 0.9411236 6.40905e-4 0.8066812 0.3624145 -0.4668204 0.8725503 0.4885244 1.52597e-4 0.7448538 0.478573 -0.4649309 0.6506755 0.7593555 7.93507e-4 0.5403401 0.7305654 -0.4175009 0.2180607 0.2985098 -0.9291617 0.2687499 0.2421984 -0.9322625 0.287463 0.1897396 -0.9388099 0.01687717 -0.6872039 -0.7262687 0.05484318 -0.6960232 -0.7159218 0.01339793 -0.6682181 -0.7438448 -0.00738573 -0.6034645 -0.7973557 -0.005798637 -0.5998873 -0.8000634 -1.83113e-4 -0.6092181 -0.7930028 0.03994995 -0.7079296 -0.7051523 0.0737037 -0.7273322 -0.6823164 0.06589043 -0.7208886 -0.6899118 2.13636e-4 0.001739561 -0.9999985 -0.002533018 -0.1171312 -0.9931132 2.44156e-4 2.44156e-4 -1 -0.002868771 -0.1170107 -0.9931266 9.76615e-4 -0.003601253 -0.9999931 0 0.09286892 -0.9956784 0.001434385 0.09119051 -0.9958325 0.1942878 -0.9747962 -0.1096569 0.2800457 -0.9599867 0 0.205609 -0.9786343 0 0.1411796 -0.9831607 -0.1160322 0.1484121 -0.9889256 0 0.1120676 -0.9083217 -0.4029796 0.151498 -0.9104226 -0.3849405 0.263105 -0.9594897 -0.100774 0.2040209 -0.9102967 -0.3601878 -0.04257398 0.1452399 -0.9884802 0.001159667 0.0825529 -0.9965861 3.0519e-4 0.09314405 -0.9956526 -0.02600204 0.1598579 -0.9867976 0.002838253 0.1110909 -0.9938063 -0.2349696 0.5728816 -0.7852363 -0.3527083 0.4768902 -0.8050917 -0.01315379 0.07214742 -0.9973073 -0.2245005 0.1468592 -0.9633442 -0.001525938 0.1121261 -0.9936929 -0.005462825 0.1211288 -0.9926218 5.18821e-4 0.1355953 -0.9907642 0.003570735 0.09589147 -0.9953854 0.9522219 -0.120733 -0.2805302 0.5494717 0.2705852 -0.7904837 0.7825121 0.524808 -0.3350397 0.9999567 -0.009308278 2.74671e-4 0.5097274 -0.6080594 -0.6086393 0.5705298 -0.2214793 -0.7908495 0.9999918 -0.004059016 1.22077e-4 0.8043081 0.5942126 0 0.9999999 -6.10389e-4 0 0.319899 -0.8897781 -0.3255144 0.1188125 -0.7825204 -0.6111838 0.1662095 -0.803977 -0.5709601 0.2653605 -0.7743521 -0.5744239 -0.006988883 -0.3608286 -0.9326061 -0.001770079 -0.1167366 -0.9931614 -0.005798697 -0.3624799 -0.9319736 -0.005401849 -0.5910918 -0.8065863 -0.006195366 -0.5816341 -0.813427 -0.007812976 -0.356652 -0.9342048 0.0240187 0.9778102 -0.2081116 -0.1141111 0.6347682 -0.7642305 -0.3654382 0.8625673 -0.3499039 0.3964161 0.8487133 -0.3500572 0.1414239 0.6272521 -0.7658683 0.01483237 0.6575697 -0.7532477 0.3156559 0.005127131 -0.9488599 0.8784378 0.003906428 -0.477841 0.8772049 0.01602238 -0.4798488 0.869098 0.07812935 -0.4884308 0.3067825 0.02398836 -0.9514774 0.2857187 0.4448752 -0.8487939 0.1891272 0.9320553 -0.309037 0.3436151 0.8946688 -0.2854761 0.2911214 0.09567725 -0.9518899 0.8416042 0.2345419 -0.4865105 0.968761 0.2479964 0 0.9295484 0.3687003 0 -0.00613445 -0.6114943 -0.7912252 -0.0117191 -0.5573003 -0.8302283 -0.01065099 -0.5591329 -0.8290097 -0.002899348 -0.6135345 -0.7896627 -5.49353e-4 -0.6370359 -0.770834 0.005401909 -0.638712 -0.769427 0.333579 0.2590502 -0.9064315 -0.00125128 0 -0.9999993 0.002136349 0.1350175 -0.990841 -0.3263081 -0.001617491 -0.9452621 -0.3324413 0.2611189 -0.9062559 0.4230509 -0.9018597 -0.0876193 0.7630888 -0.6462938 0 0.4499095 -0.8930742 0 0.0340895 0.09317392 -0.9950662 0.02893239 0.0392785 -0.9988093 0.01474076 0.006073296 -0.9998729 0.02862721 0.1118232 -0.9933158 0.03299075 0.1246996 -0.991646 0.002136349 -0.9043222 -0.4268452 0.001556456 -0.7341716 -0.6789622 0.009338855 -0.734596 -0.6784407 0.01205521 -0.9040844 -0.4271839 -0.001464843 -0.3524605 -0.9358256 0.09650141 0.3904005 -0.9155735 -0.005127131 -0.3152896 -0.9489817 0.01840323 -0.08530181 -0.9961852 0.9081112 0.4187291 0 0.9074809 0.4200933 -3.05189e-4 0.8334456 0.3599725 -0.4192711 0.3174906 0.001403868 -0.9482604 -0.3085773 0.02996963 -0.950727 -0.001648008 -3.05194e-5 -0.9999987 0.6528925 0.7574505 -4.27266e-4 0.8734332 0.4869362 -0.002777218 0.9297149 0.3682481 -0.004852592 0.934359 0.355878 -0.01800596 0.8796818 0.4754567 -0.01004076 0.657727 0.7532532 -0.002227902 0.9689008 0.2473906 -0.005401909 0.9694795 0.2443689 -0.01983761 0.1484464 -0.9889205 0 0.07193237 0.9974095 0 0.02291947 0.9997295 -0.003967404 0.02520871 0.9996823 0 0.9969959 0.0765112 -0.01205497 0.992325 0.1216792 -0.0220347 0.9990266 0.04315328 -0.009155571 0.9997403 0.02261453 -0.002838253 0.9990392 0.04370319 -0.0032655 0.7255271 -0.6832279 0.08252322 0.9012995 -0.4170174 0.1172861 0.9170227 -0.3509755 0.1894352 0.648867 -0.634523 0.4199431 0.5678977 -0.7607473 0.3142542 0.3327515 0.9430145 -4.2727e-4 0.8155603 0.5786715 -9.4609e-4 0.8086965 0.5882261 -5.18826e-4 0.2083555 0.9780532 -2.44155e-4 0.2083555 0.9780532 -3.66232e-4 0.3387983 0.9408589 -6.71432e-4 0.7804998 0.4747272 0.4067608 0.2193111 0.3831688 0.897265 0.5351581 0.7429343 0.4020629 0.6736883 0.7390001 -0.004791557 0.9087576 0.4169476 -0.01773136 0.8596281 0.3572552 0.3652511 0.3216696 0.3569496 0.8769924 0.3906196 0.3357455 0.8571414 0.2392725 -0.727004 0.6435944 0.5487666 -0.5967734 0.5854203 0.1064522 -0.6339525 0.7660107 0.04086464 -0.7093183 0.7037028 6.10388e-5 -0.6105099 0.7920086 0.07431393 -0.728643 0.6808501 0.285115 -0.7748342 0.5642177 0.01657176 0.6872548 0.7262274 0.004089534 0.1789941 0.9838417 0.001159667 0.08856528 0.9960698 0.004242181 0.1777449 0.9840674 0.01608365 0.6852818 0.7281004 0.003814816 0.1487184 0.9888723 6.40908e-4 0.02346938 0.9997244 -0.002929806 -0.1170408 0.9931228 0.001068115 0.02420145 0.9997065 0.006378412 0.1502444 0.9886284 0.002411007 -0.9922374 0.1243348 0.002472043 -0.999997 0 0.01339763 -0.9999104 0 0.0132758 -0.9921476 0.1243656 0.002136349 -0.9043513 0.4267835 0.01205509 -0.9041018 0.4271472 0.001281797 0.1597993 0.9871487 0.002716183 0.1908363 0.9816182 0.003936886 0.2020328 0.9793709 0.02368277 0.1915986 0.9811876 0.02252334 0.1581825 0.9871531 0.004455745 0.193766 0.9810377 0.01242119 0.1955962 0.9806059 0.01898306 0.2039918 0.9787886 0.9999499 -0.01001018 -3.05188e-4 0.9585655 -0.1107528 0.2624618 0.7839225 0.5265216 0.3289996 0.5635058 0.2770529 0.7782692 0.593446 -0.211376 0.7766222 0.9999908 -0.004303157 -1.52596e-4 -0.008606314 -0.3460249 0.9381859 -0.0117191 -0.5573003 0.8302283 -0.008301258 -0.3468232 0.9378938 -0.01068168 -0.5591117 0.8290235 -0.002899289 -0.1170107 0.9931265 0.07666456 0.9759472 0.2040827 0.02426266 0.9799372 0.1978247 0.01590043 0.6553066 0.7551957 0.07522952 0.6524063 0.7541264 0.1415483 0.6268354 0.7661864 0.3965964 0.8485545 0.3502378 0.8942753 0.09628826 0.4370358 0.9873639 0.1558626 -0.02862715 0.8824132 0.04919755 0.467896 0.3732133 0.07452666 0.9247474 0.4074625 0.1795142 0.8954044 0.8976694 0.2036259 0.3908019 0.3434659 0.8963258 0.2804127 0.1892787 0.9326906 0.307021 0.2854173 0.4496726 0.8463637 0.8791812 0.3127049 0.3595221 0.9554192 0.2933765 -0.03323489 0.9675375 0.2497048 -0.03897249 0.4112473 0.2926493 0.8632683 0.02487319 0.9996907 0 0.02517813 0.9996488 -0.008270621 0.002746641 0.997506 -0.07052886 0.02475112 0.9996607 -0.008118093 0.02468943 0.9996952 0 0.01773172 -0.651862 0.7581303 -0.00564599 -0.6001857 0.7998408 -0.005340754 -0.5911806 0.8065216 0.01660245 -0.6390419 0.7689928 -0.006164789 -0.581689 0.8133879 0.04211699 -0.660871 0.7493168 0.0489825 -0.6742195 0.7369049 0.01388609 -0.668455 0.743623 0.05542248 -0.6960471 0.7158539 0.003631711 0.1534801 0.9881451 0.04587036 0.1481097 0.9879066 0.003814816 0.06836163 0.9976533 0.04974591 0.04742646 0.9976353 0.3323844 0.2704 0.9035511 0.4232096 -0.9019641 0.08575886 0.2020397 -0.9108574 0.3598871 0.2631974 -0.9595536 0.09991979 0.3220649 -0.8905386 0.3212714 0.1103875 0.1525955 0.9821045 0.0308243 0.2042034 0.9784432 0.1113037 0.2298099 0.96685 0.02511745 0.2222423 0.9746679 0.09351015 0.2562373 0.9620802 0.01620543 0.2120748 0.9771192 0.06555563 0.2462914 0.9669762 0.007812857 0.1630328 0.9865897 0.0383017 0.2003896 0.9789673 0.09274786 -0.7661543 0.6359288 0.07046949 -0.7528852 0.6543684 0.112098 -0.9085347 0.402491 0.1532972 -0.9098645 0.3855472 0.1175299 -0.7842856 0.6091657 -6.10379e-5 -0.3124532 0.9499332 0.09827125 -0.2794322 0.9551233 0.0155341 0.6604904 0.7506738 0.02380454 0.9807475 0.1938239 0.02362155 0.9815158 0.1899186 0.01547312 0.6655885 0.7461586 0.9017853 0.4321843 -4.88309e-4 0.9049002 0.4256235 -5.1883e-4 -0.006531119 0.1012329 0.9948413 -0.001983702 0.06616437 0.9978069 -0.005584895 0.09112864 0.9958235 -6.71424e-4 0.05639964 0.9984081 -0.01001012 0.1468256 0.9891119 -0.008575737 0.1503658 0.9885933 0.01458817 0.1028497 0.99459 0.02746742 0.1527497 0.9878832 0.8274093 0.3755097 0.4175959 0.3340032 0.03344911 0.9419783 0.08160865 0.08130341 0.9933428 0.9457775 0.3234382 -0.0298779 0.8946356 0.4464938 -0.01644974 0.6657471 0.7461653 -0.004272639 0.9687743 0.2457109 -0.03320497 -0.8320748 0.3687937 -0.4142978 -0.8822839 -0.004089534 -0.4706999 -0.9043881 0.426711 0 -0.7851103 0.3890301 -0.481931 -0.6728178 0.7086775 -0.2123499 -0.4099636 0.8851464 -0.220104 -0.6791378 0.7340108 -2.44151e-4 -0.9134121 0.4070359 3.96751e-4 -0.8724014 0.08371508 -0.481568 -0.9958083 0.09146577 2.74672e-4 -0.9999901 -0.004455745 0 -0.7896798 0.4793013 -0.3829833 -0.9135566 -0.00350964 -0.4066966 -0.4027622 -0.002227902 -0.915302 -0.3633009 0.6507006 -0.6667842 -0.5885347 0.6866849 -0.4267212 -0.3526811 0.8018032 -0.4824187 -0.419449 0.9077788 3.96743e-4 -0.1075199 0.3036987 -0.9466819 -0.2775417 0.3017435 -0.9120973 -0.8368195 0.3802449 -0.3938872 -0.4392645 0.1842451 -0.8792614 -0.9245781 0.07876992 -0.3727611 -0.4554661 0.07004117 -0.8874936 -0.04498541 0.007751882 -0.9989577 -0.06039708 0.05096668 -0.9968725 0.005096614 0.05432325 -0.9985104 0.005127072 0.0182501 -0.9998204 -0.02942037 0.6604638 -0.7502815 0.01785367 0.6600078 -0.7510466 0.02487331 0.9964286 -0.0806933 3.05185e-5 -0.0374462 -0.9992987 0.008301138 0.005340754 -0.9999514 3.66225e-4 -0.03100699 -0.9995191 -0.002899289 -0.1170107 -0.9931265 -2.4415e-4 -0.04190218 -0.9991218 0.005829155 -0.01464927 -0.9998758 0.004272639 -0.02606326 -0.9996512 0.01419132 -0.9042165 -0.4268385 0.02041733 -0.992057 -0.1241216 0.01605284 -0.992103 -0.1243944 0.02108871 -0.9997777 0 0.01632767 -0.9998667 0 0.01327574 -0.9921402 -0.1244257 0.1644664 0.2103363 -0.9636957 0.309896 0.6200667 -0.7207509 0.1215283 0.2016417 -0.9718907 0.05749809 0.03830152 -0.9976107 0.05246281 0.05783426 -0.9969468 0.05133366 0.03003108 -0.99823 0.1158191 0.1330013 -0.9843255 0.4360243 0.5603891 -0.7041639 0.367177 0.2174496 -0.9043766 0.0215767 -0.008362114 -0.9997323 0.02542197 0.01956242 -0.9994854 0.01825058 -0.02288955 -0.9995715 -0.008301198 -0.3479186 -0.937488 -0.008301198 -0.3489866 -0.9370909 -0.01086473 -0.5614593 -0.8274331 -0.01077318 -0.56393 -0.8257524 -0.008301258 -0.3468232 -0.9378938 0.01757907 -0.6518312 -0.7581604 0.04205524 -0.66089 -0.7493037 0.01654136 -0.6390095 -0.769021 0.04879981 -0.6742255 -0.7369115 0.09021478 -0.7653914 -0.6372107 0.07043915 -0.7526741 -0.6546146 0.01430499 -0.9998977 0 0.01430499 -0.9998978 0 0.003326535 0.1542736 0.9880226 0.002899289 0.1552504 0.9878709 0.003174006 0.1599522 0.9871197 3.66225e-4 0.02996939 0.9995508 6.40897e-4 0.02771115 0.9996158 -0.002868771 -0.1170107 0.9931266 -0.002533018 -0.1171312 0.9931132 0.001617491 0.02880978 0.9995836 0.1943173 -0.9748521 0.109107 0.1412115 -0.9831704 0.1159113 -0.008728384 0.203164 0.9791059 -0.005615472 0.199076 0.9799681 -0.00439471 0.2236446 0.9746609 -0.001403868 0.2168365 0.976207 -3.05187e-5 0.2147907 0.9766601 0.002075254 0.2082612 0.9780711 0.002197325 0.1652596 0.9862477 -0.007812917 -0.3566786 0.9341945 -0.006988823 -0.3609185 0.9325712 -0.005798518 -0.3626227 0.931918 -0.001770079 -0.1167065 0.9931649 0.02468943 0.9996952 -3.05185e-5 0.02447587 0.9996673 -0.008148431 0.02469015 0.9996623 -0.008118152 0.02533078 0.9964171 -0.08069241 0.05981701 0.9961065 -0.0647611 0.02865707 0.9995815 -0.003967404 0.0250867 0.9996853 0 0.005829095 -0.6409597 0.7675525 -0.002685606 -0.6191017 0.7853063 -0.003112912 -0.6162106 0.7875753 -0.01080369 -0.5639298 0.8257521 -0.01086473 -0.5614593 0.8274331 -0.002899348 -0.6135345 0.7896627 0.00540179 -0.6387301 0.769412 0.01052916 -0.7357296 0.6771935 0.0172432 -0.9045521 0.4260145 0.01193302 -0.7372233 0.6755439 0.006378471 -0.6434975 0.7654218 0.009338855 -0.734596 0.6784407 0.01419132 -0.9042165 0.4268385 0.01599204 0.6822582 0.7309364 0.02371352 0.9833635 0.1800945 0.02374404 0.9838232 0.1775618 0.02462846 0.9996967 0 0.02386611 0.9842197 0.1753339 0.03790485 0.1535118 0.9874196 0.01913517 0.09802591 0.995 0.02438461 0.1116078 0.9934531 0.007416009 0.06381481 0.9979343 0.008575856 0.07690834 0.9970014 0.0137335 0.1233882 0.9922634 0.6646074 0.7471913 -0.001525938 0.4139572 0.889654 -0.1927568 0.6421968 0.7385172 -0.2053675 0.8485624 0.3520722 -0.394952 0.9182459 0.3960103 -6.40892e-4 0.5985821 0.6989918 -0.3912926 0.1711836 0.3273822 -0.9292563 0.3668432 0.8070855 -0.4626436 0.41115 0.9115677 1.83113e-4 0.8592383 0.3804832 -0.3419679 0.3524937 0.3328701 -0.8746117 0.5304244 0.2096672 -0.8213949 0.1350472 0.09326648 -0.98644 0.0162363 0.03634864 -0.9992074 0.04226934 0.07754975 -0.9960921 0.5650405 0.1156389 -0.8169191 0.09735435 0.04355007 -0.9942966 0.537899 0.03155672 -0.8424185 0.0247513 0.6656007 -0.7458975 0.1036759 0.6701849 -0.7349174 0.5797408 0.5798323 -0.5724467 0.1526855 0.9861847 -0.06424206 0.006958246 0.08688694 -0.996194 7.32455e-4 -0.009643971 -0.9999533 -3.9675e-4 -0.01602256 -0.9998716 0.004699826 0.06506586 -0.9978699 0.0769388 -0.9075791 -0.4127718 0.09546369 -0.9882693 -0.1192076 0.09955203 -0.9950324 -3.05187e-5 0.05789405 -0.9909135 -0.1214036 0.04699873 -0.9066181 -0.4193265 -0.09009265 0.6373018 -0.7653298 0.00213629 0.1815861 -0.9833728 0.01571702 0.1179848 -0.9928911 0.03396731 0.1969067 -0.9798337 0.03418147 0.666967 -0.7443028 0.01211619 0.1337971 -0.9909347 0.0160529 0.1062058 -0.9942147 0.02801644 0.1065419 -0.9939135 -0.007965564 -0.3536897 -0.935329 -0.007080435 -0.5748604 -0.8182209 -0.008728504 -0.5700704 -0.8215496 -0.008240222 -0.3515831 -0.9361205 -3.35713e-4 -0.6221684 -0.7828835 0.006317436 -0.6434977 -0.7654221 -0.002685666 -0.6190828 -0.7853211 -0.01022392 -0.5666494 -0.8238956 0.005371332 -0.6257908 -0.7799725 0.009857654 -0.6462419 -0.763069 0.01925778 -0.649393 -0.7602092 0.02606326 -0.9055007 -0.4235436 0.01190251 -0.7372236 -0.6755442 0.01721256 -0.73947 -0.6729695 0.03116035 -0.7422636 -0.6693832 0.09952181 -0.9950354 0 0.06036603 -0.9981764 0 0.06042683 -0.9981727 0 0.01580888 0.6756334 0.7370684 0.004760921 0.1652285 0.9862439 0.004211544 0.160437 0.9870371 0.003784358 0.05728489 0.9983507 0.003784358 0.1580595 0.9874224 0.01574766 0.672635 0.739807 0.004791498 0.1660548 0.986105 9.46103e-4 0.02920711 0.999573 7.62978e-4 0.03058016 0.9995321 0.004486322 0.1669406 0.9859569 0.03244125 -0.9918549 0.1231731 0.02041733 -0.992057 0.1241216 0.03399765 -0.999422 0 0.05786365 -0.9909152 0.1214038 0.04696857 -0.906717 0.4191163 0.0260635 -0.9055703 0.423395 0.01251298 0.147287 0.9890146 0.02740657 0.201826 0.979038 0.01306211 0.204233 0.9788352 0.02093619 0.2210818 0.9750306 0.01104778 0.2249238 0.9743137 0.008392751 0.2050279 0.9787201 0.007110953 0.1466755 0.9891592 0.01290965 0.2120787 0.9771674 0.007995963 0.2158312 0.976398 0.006073296 0.1632773 0.9865615 0.00665313 0.2169902 0.9761512 0.007934927 0.2262074 0.9740469 -0.008301198 -0.3489866 0.9370909 -0.008331656 -0.3501445 0.9366587 -0.01016288 -0.5666498 0.8238961 -0.008209586 -0.3516099 0.9361106 0.02472072 0.9996945 0 0.02487325 0.9964261 -0.08072364 0.02484267 0.9996585 -0.008118093 0.02481222 0.9996922 0 0.03106868 -0.6536635 0.7561474 0.01196366 -0.6309312 0.7757466 -0.007080435 -0.5748604 0.8182209 0.005371451 -0.6258057 0.7799605 0.0192272 -0.6493607 0.7602375 0.07687735 -0.9076964 0.4125254 0.04980784 -0.7463856 0.6636472 0.03116065 -0.7424231 0.6692063 0.01556462 0.6694332 0.7427092 0.02365237 0.9820478 0.1871439 0.02377462 0.9825125 0.1846731 0.002105772 0.1462475 0.9892458 0.001709043 0.08853495 0.9960716 0.00149542 0.05411088 0.9985339 0.004516839 0.08957439 0.9959699 -0.167914 0.9664061 -0.1945874 0.02368277 0.9832637 -0.1806424 0.01971524 0.9998015 0.002868771 -0.1756371 0.9844528 0.002105772 -0.0282604 0.2965515 -0.9545987 -0.1426154 0.8513287 -0.5048765 0.02642965 0.8590567 -0.5111979 0.02716177 0.2961555 -0.9547535 0.009582817 0.05649006 -0.9983572 0.01498484 0.06085497 -0.9980341 0.00439465 0.02267539 -0.9997333 0.005096614 0.02609366 -0.9996466 0.01788443 0.6609323 -0.7502326 0.01794517 0.6617755 -0.7494874 0.02496463 0.996419 -0.08078414 -0.003143429 -0.6162106 -0.7875752 0.005829095 -0.6409597 -0.7675525 0.01052892 -0.7357144 -0.6772101 0.01721268 -0.9045525 -0.4260147 0.004944086 0.1720976 0.9850675 0.00451672 0.08740568 0.9961626 0.01580882 0.6790176 0.7339518 0.007416069 0.1566838 0.9876211 0.001159667 0.02670389 0.9996427 0.01605284 -0.992103 0.1243944 0.03744673 0.1963894 0.9798107 0.02832156 0.2123203 0.9767896 0.02819961 0.1490858 0.9884222 0.01693785 0.2035593 0.9789161 -0.008301198 -0.3479186 0.937488 0.01430499 -0.9998977 0 0.01430499 -0.9998978 0 -4.27267e-4 -0.0451377 -0.9989807 -0.002929806 -0.1170408 -0.9931228 0.003540217 -0.03399848 -0.9994156 0.002410948 -0.9922298 -0.124395 0.04391676 0.09613466 -0.9943991 0.02951145 0.02301096 -0.9992997 0.07068163 0.08774167 -0.9936326 0.01541215 -0.03436458 -0.9992906 -0.008606314 -0.3460249 -0.9381859 0.02584922 0.9996659 9.15557e-5 0.02740615 0.9996244 2.13634e-4 0.06958311 0.9975718 -0.002960324 0.02627879 0.9996547 1.63297e-4 -4.88304e-4 -0.6370541 0.770819 -0.006134271 -0.6114794 0.7912365 0.001556456 -0.7341716 0.6789622 0.02441507 0.9844775 0.1738049 8.85038e-4 0.12595 0.9920362 0.1037034 0.05768078 -0.9929344 0.107397 0.04318463 -0.9932779 0.5315429 0.07553356 -0.8436569 0.9491834 0.07782441 -0.3049497 0.5567853 0.02450656 -0.8302949 0.9555853 -0.01013231 -0.2945404 0.9978219 0.06582969 0.004242122 0.956063 0.08121055 -0.2816887 0.9996756 -0.02423197 0.007843315 0.9577751 -0.007263481 -0.2874271 0.1201854 0.1576023 -0.9801618 0.1683122 0.6592407 -0.7328525 0.3664136 0.6016557 -0.7097547 0.5589873 0.2129315 -0.8013697 0.9395858 0.2112824 -0.2693294 0.6033017 0.7503732 -0.2701246 0.6214619 0.7834271 0.005218744 0.974527 0.2240996 0.008758842 0.9278765 0.2273683 -0.2955483 0.5644933 0.8203098 -0.0918644 0.1483845 0.9695348 -0.1948958 0.1359326 0.9907155 0.002319455 0.1280574 0.9917432 -0.006836235 5.18819e-4 -0.02310264 -0.999733 0.009216785 0.03482234 -0.999351 0.03244125 -0.9918549 -0.1231731 0.06982713 0.202218 -0.9768481 0.04196411 0.08374518 -0.9956032 0.1575714 0.6593709 -0.7351199 0.02520859 0.06204491 -0.9977549 -0.008301138 -0.3501446 -0.9366589 0.01190233 -0.6309167 -0.7757593 0.03100705 -0.6536822 -0.7561338 0.0498383 -0.7463845 -0.6636462 0.003692805 0.1557703 0.9877865 0.002105832 0.05520957 0.9984726 0.003692805 0.1672775 0.985903 6.71419e-4 0.03067159 0.9995294 0.09546399 -0.9883025 0.1189332 0.09955203 -0.9950324 3.05187e-5 0.003296017 0.2052094 0.9787126 0.004211604 0.2265444 0.9739918 0.004486262 0.2174485 0.9760615 -0.007995963 -0.3537163 0.9353186 -0.00866729 -0.5700913 0.8215357 0.02472066 0.9996615 -0.008118093 0.02499502 0.9964133 -0.0808447 0.009888172 -0.6462417 0.7630688 -3.66233e-4 -0.6221683 0.7828834 0.01715183 -0.7395439 0.6728897 0.02371329 0.9829588 0.1822905 0.008545398 0.09164959 0.9957547 0.2017291 0.9794394 0.001953184 0.2041132 0.9615113 -0.1839399 0.1825344 0.8491009 -0.4956903 0.0842933 0.3090348 -0.9473079 0.02447605 0.06753814 -0.9974164 0.008392751 0.03036659 -0.9995036 0.0198068 0.6632081 -0.7481729 0.2100059 -0.7280164 -0.6526023 0.09006255 -0.6335815 -0.768416 0.0941205 -0.2898387 -0.9524363 0.1684963 -0.8049123 0.5689687 0.06671553 -0.7213274 0.6893736 0.01767027 -0.6881036 0.7253974 -0.007141411 -0.6043364 0.7966974 -0.001342833 -0.3525241 0.9358018 0.1015672 0.3886901 0.9157534 0.01831161 -0.08463025 0.9962442 0.1521074 0.4084682 0.9000095 0.02795541 0.07010215 0.997148 0.2912139 0.9041305 0.3126384 0.3365083 0.94168 -9.15586e-4 0.3384255 0.9409931 -4.57785e-4 0.3400149 0.9404201 1.22077e-4 0.3390976 0.9407511 3.66229e-4 0.3374536 0.9413419 7.93506e-4 0.2953007 0.902413 -0.3137647 0.1567449 0.3824319 -0.9105915 0.02548354 0.03540235 -0.9990483 -0.02359151 0.8045241 -0.5934513 -0.151894 0.1201235 -0.9810701 -0.1970622 0.7749425 -0.6005254 -0.006439447 0.9999793 0 -0.1431046 0.9897077 0 0.0235607 0.8067727 -0.5903922 -0.02847427 0.1662374 -0.9856747 0.004974603 0.1704812 -0.9853484 -0.4403911 0.6718177 -0.5955809 -0.3690345 -0.1447817 -0.9180696 -0.6583601 0.4928545 -0.5689083 -0.3609436 0.9325877 0 -0.6184899 0.7857928 0 -0.2964945 -0.007110953 -0.9550082 -0.3106854 -0.1820775 -0.9329107 -0.4284312 -0.7905132 -0.437648 -0.8157756 -0.3125767 -0.4866271 -0.4150304 -0.9098076 0 -0.9218834 -0.3874675 0 -0.9847854 0.1737748 0 -0.804785 0.1345276 -0.5781207 -0.2589517 0.03262454 -0.9653391 -0.2631046 -0.1950777 -0.944839 -0.1448423 -0.07770091 -0.9863992 -0.1859524 -0.4288837 -0.884014 -0.1187213 -0.3630003 -0.9241949 -0.1219255 -0.4355441 -0.891872 -0.2873649 -0.278667 -0.9163876 0.02148556 -0.006195366 -0.99975 0.2519996 -0.188519 -0.9491875 0.3773338 -0.08996921 -0.9216967 0.01776212 -0.002746701 -0.9998385 0.3649492 -0.05124181 -0.9296163 -0.09057921 0.01776182 -0.9957309 -0.08105814 0.02175992 -0.9964718 0.007049918 -0.009033679 -0.9999344 -0.09698969 0.07938015 -0.9921149 -0.1935847 -0.9744853 -0.1135933 -0.0812717 -0.8056977 -0.5867249 0.08441495 -0.965584 -0.2460119 0.06442636 -0.9979225 0 -0.1984632 -0.9801084 0 -0.2193434 -0.9678642 -0.1229935 -0.1349876 -0.7685108 -0.6254355 -0.2154322 -0.7369377 -0.6407119 -0.0157476 -0.09225791 0.9956107 -0.04397767 -0.5436327 0.8381704 0.2503162 -0.2251075 0.9416308 0.3444065 -0.03540199 0.938153 0.01498466 -0.001556456 0.9998865 -0.1151787 -0.07559555 0.9904641 -0.1943159 -0.5400071 0.8189223 -0.1117594 -0.5701503 0.8139032 0.1753308 0.3186168 0.931527 0.3034223 0.2663415 0.9148755 0.2767485 0.1751499 0.9448454 0.4919317 0.1489925 0.8577905 0.4312686 -0.04220819 0.9012358 0.1512838 0.04400867 0.9875103 0.1072452 0.2259046 0.9682281 0.02786391 0.1785367 0.9835387 0.03085446 -0.01370292 0.99943 0.1995018 -0.2650563 0.9433686 0.02942055 -0.3304929 0.9433498 -6.1038e-4 -0.02133274 0.9997723 0.004974603 0.1705405 0.9853382 -0.3859483 -0.2052124 -0.8994065 -0.8000906 0.2908477 -0.5246551 -0.8209655 0.2111926 -0.5304841 -0.3001547 -0.1217404 -0.9460901 -0.8344278 0.5511173 0 -0.2685088 -0.2756503 -0.9229952 0.008636891 -0.3494743 -0.9369062 -0.1666653 -0.1798495 -0.9694725 0.007080435 -0.009064197 0.999934 0.1880295 -0.2090879 0.9596495 0.06055033 0.03576862 0.9975242 0.1988955 0.1538792 0.9678646 0.3669002 -0.05234014 0.9287868 -0.05978715 0.1223515 0.9906845 -0.09695965 0.07935005 0.9921202 -0.9560708 0.2931357 0 -0.8046959 0.134528 0.5782445 -0.7970007 0.2316383 0.5577937 -0.2588015 0.03265535 0.9653784 -0.2525179 0.06293106 0.9655436 -0.2091453 0.07565611 0.9749536 -0.6093522 0.573858 0.5471534 -0.7033123 0.7108811 0 -0.03027516 -0.2283457 -0.9731094 0.273449 -0.434436 -0.8581905 -0.1339173 -0.1876308 -0.9730678 0.3771546 -0.08905464 0.9218589 0.02148556 -0.006195366 0.99975 0.2519022 -0.1884536 0.9492264 -0.0810278 0.02175998 0.9964743 -0.09054893 0.01776188 0.9957336 -0.140511 0.03302186 -0.9895283 -0.2091458 0.07562571 -0.9749558 -0.1480802 0.1142036 -0.9823593 -0.1610184 0.02313339 -0.9866803 -0.2524533 0.06293016 -0.9655606 -0.1951089 -0.1236941 -0.9729504 -0.2580404 -0.6580868 -0.707345 -0.2728421 -0.5424186 -0.7945687 -0.2381411 -0.9547312 -0.1782624 -0.2108253 -0.9775238 0 -0.2204126 -0.9754068 0 -0.1856496 -0.05658298 0.9809856 -0.2700608 -0.3971715 0.87711 -0.2528805 -0.4892197 0.8346949 -0.1610184 0.02313339 0.9866803 -0.3004598 -0.1283935 0.9451132 -0.1405409 0.03302174 0.9895241 -0.1480797 0.1142338 0.9823559 -0.2564533 0.7587391 0.5987877 -0.3513931 0.6361028 0.6869471 -0.3981547 0.9173184 0 -0.2590737 0.9658576 0 0.01147502 0.8174466 0.5758901 -0.05017346 0.8396736 0.540769 0.0235607 0.8067727 0.5903922 0.02920621 0.9995735 0 -0.1773751 0.8357875 0.5196129 -0.618471 0.7858076 0 -0.3657706 0.7683168 0.5252631 0.1849765 0.3725776 0.9093787 -0.3609539 0.9325838 0 -0.8188083 -0.3087355 0.4839786 -0.4348728 -0.75545 0.4900826 0.127233 -0.8800717 0.4574773 -0.1893711 -0.9460924 0.2627695 -0.2283448 -0.9346207 0.2726588 -0.7982277 0.602356 0 -0.5532504 0.4728631 0.6857949 0.07782322 0.2287087 0.9703792 -0.579563 0.4697237 0.6659328 -0.9107633 0.412929 0 -0.7970007 0.2316383 -0.5577937 -0.6093522 0.573858 -0.5471534 -0.2578233 -0.915169 0.3098274 -0.2564201 0.7587313 -0.5988121 -0.3514346 0.6361227 -0.6869075 -5.49341e-4 -0.02145481 -0.9997697 -0.009583055 -0.3387655 -0.9408221 -5.7986e-4 -0.02142429 -0.9997704 -0.009674608 -0.3384291 -0.9409422 -6.10379e-4 -0.02139377 -0.999771 0.00488305 0.1705109 -0.9853437 0.004547357 0.1704815 -0.9853504 -0.02788823 -0.9996111 0 -0.02788829 -0.999611 0 -0.02865201 -0.9995895 0 -0.02865201 -0.9995895 0 0.4362668 -0.8998174 0 0.1020568 -0.9947787 0 0.8553041 -0.5181266 0 0.9649327 -0.2624976 0 0.7180534 -0.695988 0 0.9780208 -0.2085077 0 0.7740553 -0.6331182 0 0.9929424 -0.1185976 0 -0.02826088 -0.9996007 0 -0.0237438 -0.8873726 0.4604412 -0.02508646 -0.8873056 0.4604992 -0.009064137 -0.3389757 0.9407515 -0.009582936 -0.3388833 0.9407796 -0.02536153 -0.8871672 0.4607507 -0.02856582 -0.999592 0 -0.005249261 -0.9999863 0 -0.002685606 -0.8764105 -0.4815573 -0.01992899 -0.8822166 -0.470422 -0.03112894 -0.3367727 -0.9410713 -0.02536118 -0.8871232 -0.4608353 0.1636109 -0.8755522 0.4545766 0.5571899 -0.6791449 0.4778093 0.8546588 -0.2145802 0.4727724 0.5469073 -0.6509478 -0.5264593 0.1482314 -0.8610972 -0.4863528 0.8962382 -0.09717434 0.4327982 0.4964023 0.1710627 0.8510714 0.6758907 -0.5555512 0.4842876 0.3984192 -0.9172034 0 0.6910596 -0.5283281 -0.4932608 0.3191418 -0.8122748 -0.4882194 0.08728373 -0.3000303 -0.9499282 0.05435401 -0.3488914 -0.9355857 0.588539 -0.6686833 -0.4544056 0.6909868 -0.5282886 0.493405 0.8882836 -0.1885458 0.4188111 0.8854597 -0.09534263 0.4548308 0.8913791 -0.1113957 -0.4393568 0.8878331 -0.1897071 -0.4192418 0.7724744 -0.635046 0 0.7294448 -0.5711711 -0.3763961 0.7267028 -0.522496 0.4459832 -0.6533792 0.4043754 -0.6399814 -0.1675517 0.02774214 -0.9854729 -0.04556453 -0.05664288 -0.9973543 0.2962788 0.2630435 0.9181651 0.1778035 0.33931 0.9237179 -0.5191093 0.6150022 0.5935468 0.3826823 -0.7538589 0.5340889 0.7501093 -0.3904365 -0.5337562 0.0232861 0.8067129 -0.5904846 0.02157735 0.8066644 -0.5906159 0.004913508 0.1705701 0.9853334 -5.79861e-4 -0.02136325 0.9997717 -0.009705007 -0.3385468 0.9408996 -5.49341e-4 -0.02139377 0.999771 0.004547297 0.1705408 0.9853402 0.0232861 0.8067129 0.5904846 0.02157735 0.8066644 0.5906159 0.02673441 0.9996426 0 0.02944386 0.9995664 0 0.0294438 0.9995664 0 0.02828007 0.9996001 0 0.02828007 0.9996001 0 -0.03058034 -0.02679598 -0.9991732 0.008331775 -0.8887539 0.458309 -0.02508676 -0.8872551 -0.4605963 -0.009064257 -0.338858 -0.940794 -0.0237441 -0.8873222 -0.4605384 -0.02676492 -0.9996418 0 0.06662416 0.8020842 -0.5934831 0.1580893 0.1118527 -0.9810693 0.03732502 0.1644378 -0.985681 0.01962399 0.8068732 -0.5903987 0.004150629 0.1705114 -0.985347 0.05997073 0.9982002 0 0.2382627 0.7632831 -0.6005247 0.1958696 0.98063 0 0.4757064 0.6472867 -0.5955868 0.3607354 -0.1643452 -0.9180746 0.2956719 -0.0229811 -0.9550131 0.4103279 0.9119381 0 0.683791 0.4569085 -0.5689153 0.6596662 0.7515587 0 0.3854349 -0.8124073 -0.4375323 0.3004886 -0.1986472 -0.9328697 0.7978423 -0.355858 -0.4866343 0.2602967 0.01873862 -0.9653468 0.810804 0.09128296 -0.578156 0.99267 0.1208563 0 0.8997699 -0.4363649 0 0.3656165 -0.9307656 0 0.252302 -0.2088427 -0.9448432 0.2720462 -0.293623 -0.9163933 0.09848517 -0.4413979 -0.8918905 0.1627593 -0.4381958 -0.8840215 0.1404783 -0.08533066 -0.9863998 0.09912669 -0.3688563 -0.9241856 -0.02179074 -0.005066156 -0.9997498 -0.2617338 -0.1747842 -0.9491817 -0.007538259 -0.008636951 -0.9999343 0.0820958 0.01739573 -0.9964727 0.1010795 0.07407003 -0.9921172 0.0913729 0.01290935 -0.9957332 -0.01788419 -0.001800596 -0.9998385 -0.3815546 -0.06964546 -0.9217188 -0.3671129 -0.03161764 -0.9296389 0.1411494 -0.9834677 -0.1134383 0.03811907 -0.8088328 -0.586802 0.09363406 -0.7747094 -0.6253465 0.1672422 -0.9782145 -0.1229901 0.1757011 -0.7473936 -0.6407276 0.1457611 -0.9893198 0 -0.1178045 -0.9930369 0 -0.1359947 -0.9596541 -0.246109 0.01077312 -0.09292972 0.9956145 0.01486253 -0.5450312 0.8382841 0.08108973 -0.5755938 0.8137053 0.1651688 -0.5495863 0.818947 0.1109374 -0.08160841 0.9904711 -0.0150457 -7.62969e-4 0.9998865 -0.3457465 -0.01690733 0.9381756 -0.2620074 -0.2113455 0.9416397 -0.2887433 0.2821816 0.9148775 -0.1580588 0.3275012 0.9315366 -0.2669821 0.1897075 0.9448447 -0.0949769 0.2313078 0.9682335 -0.1487202 0.05200475 0.987511 -0.4329155 -0.01904398 0.9012334 -0.4831855 0.1751822 0.857813 -0.01828104 0.1797283 0.9835464 -0.0315259 -0.0120244 0.9994307 0.004150569 0.1705707 0.9853368 -5.18823e-4 -0.02133274 0.9997723 -0.0470606 -0.3284478 0.9433491 -0.2134233 -0.2540143 0.9433596 0.3744124 -0.2255691 -0.8994076 0.8145301 0.2476032 -0.5246271 0.8627445 0.5056405 0 0.8310955 0.1669393 -0.5304825 0.293197 -0.1376411 -0.9460923 0.253371 -0.2896279 -0.9229945 0.1568081 -0.1884872 -0.9694761 -0.02731442 -0.3485263 -0.936901 -0.1989839 -0.1987397 0.9596396 -0.007568776 -0.008667469 0.9999338 -0.05853611 0.03894269 0.9975255 0.1010797 0.07403963 0.9921195 0.06625729 0.118964 0.9906854 -0.1903809 0.1642867 0.9678663 -0.3691877 -0.0325942 0.9287831 0.8107131 0.09131354 0.5782786 0.9703862 0.2415589 0 0.8082356 0.1886381 0.5578269 0.740375 0.6721942 0 0.6392304 0.5404084 0.5471227 0.2129343 0.0643655 0.9749442 0.2555099 0.04931962 0.9655477 0.2601466 0.01876932 0.9653867 0.01797562 -0.2295636 -0.9731277 0.1236633 -0.1945286 -0.9730705 -0.2963117 -0.4191519 -0.8582023 -0.3813057 -0.06872898 0.9218906 -0.02179074 -0.005066156 0.9997498 0.09137296 0.01287883 0.9957335 0.08206552 0.01739579 0.9964752 -0.2616437 -0.1747241 0.9492176 0.1420975 0.02545303 -0.9895254 0.2128992 0.06433361 -0.974954 0.2554738 0.04931855 -0.9655572 0.1620256 0.01446598 -0.9866806 0.1539707 0.1061162 -0.9823607 0.1881839 -0.1338894 -0.9729649 0.2433885 -0.5565741 -0.7943472 0.2224874 -0.6710636 -0.7072292 0.1867172 -0.9661501 -0.1780192 0.1679463 -0.9857962 0 0.1582095 -0.9874057 0 0.1823539 -0.06641036 0.9809877 0.2483994 -0.4114048 0.8769515 0.2931682 -0.1444172 0.9450906 0.1620256 0.01446598 0.9866806 0.226361 -0.5022853 0.8345479 0.1420975 0.02545303 0.9895254 0.154 0.1061459 0.9823529 0.2967112 0.7439143 0.5987938 0.310408 0.9506035 0 0.4466764 0.8946956 0 0.3849406 0.6163995 0.6869297 0.0322889 0.8168674 0.5759211 0.02429294 0.999705 0 0.01962399 0.8068732 0.5903987 0.09506833 0.8357774 0.5407756 0.2218455 0.8250918 0.5196232 -0.1647428 0.3819483 0.9093819 0.4064303 0.7476402 0.5252129 0.8010764 -0.3521953 0.4839786 0.3937272 -0.7777494 0.4899845 -0.1741727 -0.8719624 0.457543 0.1384668 -0.9549543 0.2624675 0.177986 -0.9455051 0.2726556 0.8293123 0.5587855 0 0.5777566 0.4425876 0.6857941 0.6038985 0.4380225 0.6659151 0.931555 0.3636006 0 -0.06546294 0.2325537 0.970378 0.8082356 0.1886381 -0.5578269 0.6392198 0.5403994 -0.5471441 0.2084792 -0.9277645 0.309499 0.296678 0.7439075 -0.5988188 0.3849747 0.6164051 -0.6869055 -0.008545219 -0.338759 -0.9408344 -5.18822e-4 -0.02142429 -0.9997704 0.004211664 0.1704818 -0.9853519 -5.18823e-4 -0.02139377 -0.999771 -0.008423209 -0.338487 -0.9409334 -0.0256713 -0.9996705 0 -0.02486926 -0.9996908 0 -0.02486914 -0.9996908 0 -0.02567124 -0.9996705 0 -0.1551868 -0.9878852 0 -0.4838799 -0.8751344 0 -0.8818091 -0.4716064 0 -0.9775957 -0.2104919 0 -0.7542777 -0.6565557 0 -0.8068434 -0.5907655 0 -0.987779 -0.1558607 0 -0.997861 -0.06537246 0 -0.02526974 -0.9996808 0 -0.02243125 -0.8873621 0.4605274 -0.02496469 -0.9996884 0 -0.02212673 -0.8872673 0.4607247 -0.008545398 -0.3388865 0.9407885 -0.04422193 -0.8753143 -0.4815282 -0.04822051 -0.9988368 0 -0.02728372 -0.8820228 -0.4704163 -0.02212667 -0.8872044 -0.4608458 0.01306229 -0.3379718 -0.9410656 -0.210246 -0.8655518 0.4545512 -0.5927774 -0.6482921 0.4778415 -0.8649141 -0.1684659 0.4728034 -0.5809396 -0.6207371 -0.5264928 -0.1941041 -0.8518915 -0.4864202 -0.9001582 -0.04907453 0.4327901 -0.7046593 -0.5185834 0.4842796 -0.486567 0.1973674 0.8510574 -0.718374 -0.4905745 -0.4932298 -0.4469206 -0.8945737 0 -0.3621472 -0.7940319 -0.4882242 -0.623454 -0.6362112 -0.4544671 -0.07291072 -0.3454485 -0.9356011 -0.1032446 -0.2949324 -0.949924 -0.7183011 -0.4905359 0.4933742 -0.8970745 -0.1407229 0.4188728 -0.8892942 -0.04785382 0.4548252 -0.8960461 -0.06357163 -0.4393861 -0.8966855 -0.1419144 -0.4193037 -0.8053948 -0.5927388 0 -0.7589975 -0.5312891 -0.3763704 -0.7536723 -0.4828141 0.4459469 0.6740713 0.3688516 -0.6399816 0.1688029 0.0187084 -0.9854723 0.04245167 -0.05899286 -0.9973554 -0.2817823 0.2785167 0.9181652 -0.1593703 0.3483442 0.9237194 0.5512973 0.5863333 0.5935358 -0.4224846 -0.7322904 0.5340952 -0.7699185 -0.3497548 -0.5337576 0.01989847 0.8068039 -0.5904842 0.02465897 0.9996959 0 0.004211604 0.1705707 0.9853366 -5.18823e-4 -0.02136325 0.9997717 -0.008423149 -0.3386048 0.940891 0.01989847 0.8068039 0.5904842 0.02411174 0.9997093 0 0.02523398 0.9996817 0 0.02523398 0.9996817 0 0.02411174 0.9997093 0 0.02911543 -0.02838295 -0.9991731 -0.04825097 -0.9988352 0 -0.0558812 -0.8870491 0.4582808 -0.02240097 -0.8873122 -0.4606248 -0.06775808 -0.9977018 0 -0.06775808 -0.9977018 0 -0.06775802 -0.9977018 0 0.02727043 0.9996281 1.73698e-4 0.02676492 0.9996418 2.13631e-4 0.02497422 0.9996882 0 0.01430499 -0.9998978 0 0.01430499 -0.9998977 0 0.01430499 -0.9998977 0 0.01430499 -0.9998977 0 0.02766025 0.9996174 2.98289e-4 -0.02788817 -0.999611 0 -0.02788823 -0.999611 0 -0.02865213 -0.9995895 0 -0.02865213 -0.9995895 0 0.02944374 0.9995664 0 0.02828013 0.9996001 0 0.02828013 0.9996001 0 -0.02567124 -0.9996705 0 -0.02486914 -0.9996907 0 -0.0248692 -0.9996908 0 -0.0256713 -0.9996705 0 0.02411174 0.9997093 0 0.02523392 0.9996816 0 0.02523404 0.9996815 0 0.02411174 0.9997093 0</float_array>
          <technique_common>
            <accessor source="#wheel_front_left_caliper_brakedisk-mesh-normals-array" count="1827" stride="3">
              <param name="X" type="float"/>
              <param name="Y" type="float"/>
              <param name="Z" type="float"/>
            </accessor>
          </technique_common>
        </source>
        <source id="wheel_front_left_caliper_brakedisk-mesh-map-0">
          <float_array id="wheel_front_left_caliper_brakedisk-mesh-map-0-array" count="24672">0.875 0.4022 0.75 0.2677 0.75 0.4015 0.875 0.5362 0.75 0.4015 0.75 0.5353 0.875 0.4022 1 0.5372 1 0.4029 0.875 0.3352 1 0.4029 1 0.2687 0.23 0.4029 0.1533 0.3358 0.1533 0.4029 0.23 0.5372 0.1533 0.4029 0.1533 0.5372 0.23 0.4029 0.3066 0.5372 0.3066 0.4029 0.23 0.3358 0.3066 0.4029 0.3066 0.2687 0.7882 0.9167 0.8871 1 0.8871 0.9167 0.8871 0.9167 1 1 1 0.9166 1 0.9166 0.8871 0.8021 0.8871 0.9167 0.8871 0.9167 0.7882 0.8021 0.7882 0.9167 0.5249 1 0.48 1 0.4841 1 0.5249 1 0.4881 1 0.5314 1 0.5314 1 0.5453 1 0.5249 1 0.5126 1 0.5453 1 0.5309 1 0.5376 1 0.591 0.9896 0.547 1 0.554 0.9688 0.591 0.9896 0.6119 0.9661 0.547 1 0.4871 0.9688 0.4891 1 0.547 1 0.4893 1 0.5376 1 0.1694 0.8557 0.1129 0.766 0.1129 0.8548 0.1694 0.8557 0.1161 0.9193 0.1623 0.9398 0.1694 0.8557 0.2264 0.9485 0.2274 0.8615 0.1694 0.7663 0.2274 0.8615 0.2263 0.7678 0.3428 0.7097 0.4129 0.7712 0.4114 0.7098 0.4114 0.7098 0.4843 0.7712 0.4839 0.7098 0.4839 0.7098 0.4114 0.674 0.4114 0.7098 0.4114 0.7098 0.3428 0.674 0.3428 0.7097 0.2907 0.9167 0.25 0.8333 0.2289 0.9167 0.2907 1 0.2289 0.9167 0.25 1 0.2907 0.9167 0.3314 1 0.3267 0.9167 0.2907 0.8333 0.3267 0.9167 0.3314 0.8333 0.6611 0.7092 0.6188 0.7711 0.6611 0.771 0.6853 0.7087 0.6611 0.771 0.7005 0.7634 0.6611 0.7092 0.6853 0.6723 0.6611 0.673 0.6188 0.7095 0.6611 0.673 0.6188 0.6736 0.4839 0.7098 0.5564 0.7712 0.5564 0.7097 0.6188 0.7095 0.5564 0.7712 0.6188 0.7711 0.5564 0.7097 0.6188 0.6736 0.5564 0.6739 0.4839 0.7098 0.5564 0.6739 0.4839 0.674 0.7176 0.9167 0.6612 1 0.7176 1 0.7176 0.9167 0.7741 1 0.7882 0.9167 0.7882 0.9167 0.7176 0.8021 0.7176 0.9167 0.7176 0.9167 0.6612 0.8333 0.6612 0.9166 0.7176 0.625 0.6612 0.4167 0.6612 0.625 0.7176 0.8021 0.6612 0.625 0.6612 0.8333 0.7176 0.625 0.7882 0.8021 0.7882 0.625 0.7176 0.5209 0.7882 0.625 0.7865 0.5209 0.0564 0.768 0 0.875 0.0564 0.8627 0.0564 0.8627 0 1 0.0776 0.9485 0.0776 0.9485 0.1129 0.8548 0.0564 0.8627 0.0564 0.8627 0.1129 0.766 0.0564 0.768 0.2824 0.7097 0.3451 0.7707 0.3428 0.7097 0.2824 0.6739 0.3428 0.7097 0.3428 0.674 0.2824 0.7097 0.2258999 0.6738 0.2258999 0.7096 0.2839 0.7694 0.2258999 0.7096 0.2263 0.7678 0.875 0.9167 0.75 1 0.875 1 0.875 0.9167 1 1 1 0.9166 1 0.9166 0.875 0.8333 0.875 0.9167 0.875 0.9167 0.75 0.8333 0.75 0.9166 0.1533 0.9167 0.23 1 0.2299 0.9167 0.2299 0.9167 0.3066 1 0.3066 0.9166 0.3066 0.9166 0.23 0.8333 0.2299 0.9167 0.2299 0.9167 0.1533 0.8333 0.1533 0.9167 0.3959 1 0.3414 0.9983 0.3757 1 0.3757 1 0.3388 1 0.3657 1 0.3657 1 0.4007 1 0.3757 1 0.3959 1 0.4007 1 0.4087 1 0.5967 0.9166 0.6464 0.9583 0.6021 0.9583 0.6021 0.9583 0.6119 0.9661 0.591 0.9896 0.6021 0.9583 0.5859 1 0.543 0.9166 0.6021 0.9583 0.5 0.8333 0.5967 0.9166 0.1694 0.5134 0.1129 0.5 0.1129 0.5134 0.1694 0.5302 0.1129 0.5134 0.1129 0.5303 0.1694 0.5134 0.2258999 0.5301 0.2258999 0.5133 0.1694 0.5 0.2258999 0.5133 0.2258999 0.5 0.8467 0.875 0.9233 1 0.9233 0.875 0.9233 0.875 1 1 1 0.875 0.9233 0.875 1 0.75 0.9233 0.7813 0.9233 0.875 0.8467 0.7813 0.8467 0.875 0.125 0.9167 0 0.8333 0 0.9166 0.125 1 0 0.9166 0 1 0.125 0.9167 0.25 1 0.2289 0.9167 0.125 0.8333 0.2289 0.9167 0.25 0.8333 0.6188 0.875 0.6464 0.9583 0.6611 0.875 0.6611 0.875 0.6934 1 0.7045 0.875 0.6611 0.875 0.7005 0.7634 0.6611 0.771 0.6611 0.875 0.6188 0.7711 0.6188 0.875 0.4854 0.875 0.554 0.9688 0.5564 0.875 0.5564 0.875 0.6119 0.9661 0.6188 0.875 0.6188 0.875 0.5564 0.7712 0.5564 0.875 0.5564 0.875 0.4843 0.7712 0.4854 0.875 0.0564 0.5 0 0.5134 0.0564 0.5134 0.0564 0.5134 0 0.5269 0.0564 0.5303 0.0564 0.5134 0.1129 0.5303 0.1129 0.5134 0.0564 0.5 0.1129 0.5134 0.1129 0.5 0.2884 0.868 0.3618 0.9783 0.3518 0.8733 0.2839 0.7694 0.3518 0.8733 0.3451 0.7707 0.2884 0.868 0.2263 0.7678 0.2274 0.8615 0.2914 0.9583 0.2274 0.8615 0.2264 0.9485 0.07669997 0.4029 0 0.2687 0 0.4029 0.07669997 0.5372 0 0.4029 0 0.5372 0.07669997 0.4029 0.1533 0.5372 0.1533 0.4029 0.07669997 0.3358 0.1533 0.4029 0.1533 0.3358 0.07669997 0.9167 0 0.8333 0 0.9166 0.07669997 1 0 0.9166 0 1 0.07669997 0.9167 0.1533 1 0.1533 0.9167 0.07669997 0.8333 0.1533 0.9167 0.1533 0.8333 0.7701 0.7813 0.7045 0.875 0.77 0.875 0.7701 1 0.7045 0.875 0.6934 1 0.77 0.875 0.8467 1 0.8467 0.875 0.7701 0.7813 0.8467 0.875 0.8467 0.7813 0.5337 1 0.5475 1 0.5112 1 0.5 1 0.5475 1 0.537 1 0.5112 1 0.4404 1 0.475 1 0.5112 1 0.5096 1 0.5337 1 0 0.5397 0.125 0.7191 0.125 0.5396 0.125 0.5396 0.25 0.719 0.2289 0.5396 0.2289 0.5396 0.125 0.4499 0.125 0.5396 0.125 0.5396 0 0.3601 0 0.5397 1 0.6253 0.88 0.5211 0.8871 0.6251 0.8871 0.6251 0.7865 0.5209 0.7882 0.625 0.7882 0.625 0.8871 0.8021 0.8871 0.6251 0.8871 0.6251 1 0.8333 1 0.6253 0.3066 0.1942 0.3818 0.259 0.3711 0.4442 0.4355 0.6942 0.3818 0.259 0.457 0.5923 0.4355 0.6942 0.3657 0.5368 0.3711 0.4442 0.3711 0.4442 0.3066 0.4627 0.3066 0.1942 0.2289 0.5396 0.2907 0.719 0.2907 0.5395 0.2907 0.5395 0.3314 0.719 0.3314 0.5395 0.3314 0.5395 0.2907 0.4498 0.2907 0.5395 0.2907 0.5395 0.2289 0.4498 0.2289 0.5396 1 0.4029 0.875 0.5362 0.875 0.4022 0.875 0.4022 0.75 0.5353 0.7713 0.4016 0.7713 0.4016 0.875 0.3352 0.875 0.4022 0.875 0.4022 1 0.2687 1 0.4029 0.3066 0.4029 0.23 0.5372 0.23 0.4029 0.23 0.4029 0.1533 0.5372 0.1533 0.4029 0.1533 0.4029 0.23 0.3358 0.23 0.4029 0.23 0.4029 0.3066 0.2687 0.3066 0.4029 0.8377 0.8021 0.8871 0.9166 0.8306 0.9167 0.8306 0.9167 0.8871 1 0.8306 1 0.8306 1 0.7741 0.9167 0.8306 0.9167 0.8306 0.9167 0.7759 0.8021 0.8377 0.8021 0.5249 1 0.4881 1 0.4841 1 0.5249 1 0.4801 1 0.5126 1 0.5126 1 0.5453 1 0.5249 1 0.5314 1 0.5453 1 0.5746 1 0.547 1 0.4848 0.9662 0.554 0.9688 0.591 0.9896 0.554 0.9688 0.6119 0.9661 0.591 0.9896 0.5376 1 0.547 1 0.547 1 0.4893 1 0.4876 0.9983 0.1694 0.9831 0.2258999 1 0.1694 1 0.12 0.9506 0.1694 1 0.1129 1 0.1694 0.9831 0.1349 0.922 0.1694 0.9434 0.2258999 0.9869 0.1694 0.9434 0.2258999 0.9491 0.9233 0.5 1 0.5131 0.9233 0.5131 0.9233 0.5131 1 0.5261 0.9233 0.5295 0.9233 0.5295 0.8467 0.5131 0.9233 0.5131 0.9233 0.5131 0.8467 0.5 0.9233 0.5 0.4114 0.5 0.4839 0.5133 0.4114 0.5133 0.4114 0.5133 0.4839 0.5299 0.4114 0.53 0.4114 0.53 0.3428 0.5133 0.4114 0.5133 0.4114 0.5133 0.3388 0.5 0.4114 0.5 0.4866 0.9167 0.5 1 0.4866 1 0.4697 0.9167 0.4866 1 0.4731 1 0.4866 0.9167 0.4731 0.8333 0.4866 0.8333 0.5 0.9166 0.4866 0.8333 0.5 0.8333 0.6611 0.5 0.7045 0.5131 0.6612 0.5131 0.6612 0.5131 0.7045 0.5296 0.6611 0.5297 0.6611 0.5297 0.6188 0.5132 0.6612 0.5131 0.6612 0.5131 0.6289 0.5 0.6611 0.5 0.5564 0.5 0.6188 0.5132 0.5564 0.5132 0.5564 0.5132 0.6188 0.5297 0.5564 0.5298 0.5564 0.5298 0.4839 0.5133 0.5564 0.5132 0.5564 0.5132 0.4839 0.5 0.5564 0.5 0.7176 0.8021 0.7741 0.9167 0.7176 0.9167 0.7176 0.9167 0.7741 1 0.7176 1 0.7176 0.9167 0.6612 1 0.6612 0.9166 0.7176 0.9167 0.6612 0.8333 0.7176 0.8021 0.7176 0.625 0.7759 0.8021 0.7176 0.8021 0.6612 0.625 0.7176 0.8021 0.6612 0.8333 0.7176 0.625 0.6612 0.4167 0.7176 0.5209 0.7812 0.625 0.7176 0.5209 0.7865 0.5209 0.2824 0.5133 0.2258999 0.5 0.2824 0.5 0.3428 0.5133 0.2824 0.5 0.3388 0.5 0.2824 0.5133 0.3428 0.53 0.2824 0.53 0.2258999 0.5133 0.2824 0.53 0.2258999 0.5301 0.875 0.9167 1 0.8333 1 0.9166 0.875 0.9167 1 1 0.875 1 0.875 0.9167 0.75 1 0.7713 0.9167 0.875 0.8333 0.7713 0.9167 0.75 0.8333 0.2299 0.9167 0.3066 0.8333 0.3066 0.9166 0.2299 0.9167 0.3066 1 0.23 1 0.23 1 0.1533 0.9167 0.2299 0.9167 0.23 0.8333 0.1533 0.9167 0.1533 0.8333 0.4006 1 0.3657 1 0.3697 0.9932 0.3697 0.9932 0.3388 1 0.3324 0.9884 0.3324 0.9884 0.3868 0.9899 0.3697 0.9932 0.4006 1 0.3868 0.9899 0.4086 1 0.6021 0.9583 0.5859 1 0.591 0.9896 0.6021 0.9583 0.6119 0.9661 0.6464 0.9583 0.6464 0.9583 0.5967 0.9166 0.6021 0.9583 0.543 0.9166 0.5967 0.9166 0.5 0.8333 0.7713 0.4016 0.7104 0.535 0.7104 0.4013 0.7104 0.4013 0.6708 0.5347 0.675 0.4011 0.675 0.4011 0.7104 0.2676 0.7104 0.4013 0.7713 0.4016 0.7104 0.2676 0.75 0.2677 0.1694 0.7095 0.2258999 0.7679 0.1694 0.7669 0.1129 0.7094 0.1694 0.7669 0.1147 0.7666 0.1694 0.7095 0.1342999 0.6948 0.1694 0.6736 0.2258999 0.7096 0.1694 0.6736 0.2258999 0.6738 0.9233 0.7713 1 0.875 0.9233 0.875 0.9233 0.875 1 1 0.9233 1 0.9233 1 0.8467 0.875 0.9233 0.875 0.9233 0.875 0.8467 0.7713 0.9233 0.7713 0.1532 0.9167 0.25 1 0.1814 1 0.0564 0.9166 0.1814 1 0.1129 1 0.1532 0.9167 0 0.8333 0.125 0.8333 0.236 0.9167 0.125 0.8333 0.25 0.8333 0.6611 0.7712 0.7045 0.875 0.6612 0.875 0.6612 0.875 0.6934 1 0.6464 0.9583 0.6464 0.9583 0.6188 0.875 0.6612 0.875 0.6612 0.875 0.6188 0.7712 0.6611 0.7712 0.5564 0.7712 0.6188 0.875 0.5564 0.875 0.5564 0.875 0.6119 0.9661 0.554 0.9688 0.554 0.9688 0.4839 0.8733 0.5564 0.875 0.5564 0.875 0.4839 0.7708 0.5564 0.7712 0.0564 0.7093 0.1147 0.7666 0.06349998 0.7683 0.0564 0.7093 0 0.75 0 0.7093 0.0564 0.7093 0 0.6686 0.0564 0.6686 0.1129 0.7094 0.0564 0.6686 0.1342999 0.6948 0.2824 0.95 0.3324 0.9884 0.2824 0.9875 0.2824 0.9875 0.3388 1 0.2824 1 0.2824 1 0.2258999 0.9869 0.2824 0.9875 0.2824 0.95 0.2258999 0.9869 0.2258999 0.9491 0.7713 0.9167 0.7104 1 0.7104 0.9167 0.7104 0.9167 0.6708 1 0.6708 0.9166 0.6708 0.9166 0.7104 0.8333 0.7104 0.9167 0.7104 0.9167 0.75 0.8333 0.7713 0.9167 0.1533 0.4029 0.07669997 0.5372 0.07669997 0.4029 0.07669997 0.4029 0 0.5372 0 0.4029 0 0.4029 0.07669997 0.3358 0.07669997 0.4029 0.07669997 0.4029 0.1533 0.3358 0.1533 0.4029 0.77 0.7102 0.8467 0.7713 0.7701 0.7713 0.7045 0.7101 0.7701 0.7713 0.7045 0.7713 0.77 0.7102 0.7045 0.6744 0.7701 0.6747 0.8467 0.7103 0.7701 0.6747 0.8467 0.6748 0.07669997 0.9167 0.1533 1 0.07669997 1 0 0.9166 0.07669997 1 0 1 0 0.9166 0.07669997 0.8333 0.07669997 0.9167 0.07669997 0.9167 0.1533 0.8333 0.1533 0.9167 0.77 0.875 0.8467 1 0.7701 1 0.7045 0.875 0.7701 1 0.6934 1 0.77 0.875 0.7045 0.7713 0.7701 0.7713 0.8467 0.875 0.7701 0.7713 0.8467 0.7713 0.475 1 0.5 1 0.5112 1 0.5112 1 0.537 1 0.5475 1 0.5475 1 0.5337 1 0.5112 1 0.5112 1 0.5096 1 0.475 1 0.125 0.4499 0.2289 0.5396 0.125 0.5396 0.125 0.5396 0.25 0.719 0.125 0.7191 0.125 0.7191 0 0.5397 0.125 0.5396 0.125 0.5396 0 0.3601 0.125 0.4499 0.88 0.5211 0.9435 0.6253 0.8588 0.6251 0.8588 0.6251 0.8871 0.8333 0.8377 0.8021 0.8377 0.8021 0.7812 0.625 0.8588 0.6251 0.8588 0.6251 0.7865 0.5209 0.88 0.5211 0.3711 0.4442 0.4141 0.7961 0.4355 0.6942 0.3818 0.259 0.4355 0.6942 0.457 0.5923 0.3711 0.4442 0.3066 -0.07429999 0.3066 0.1942 0.3657 0.5368 0.3066 0.1942 0.3066 0.4627 0.4866 0.4497 0.5 0.5395 0.4866 0.5395 0.4866 0.5395 0.5 0.7189 0.4866 0.7189 0.4866 0.7189 0.4697 0.5395 0.4866 0.5395 0.4866 0.5395 0.4697 0.4497 0.4866 0.4497 0.9233 0.7813 1 0.75 0.9233 0.75 0.9233 0.75 1 0.75 1 0.75 0.9233 0.75 0.8467 0.75 0.9233 0.75 0.9233 0.7813 0.8467 0.75 0.8467 0.7813 0.6853 0.7087 0.7126 0.7395 0.6934 0.7081 0.6934 0.7079 0.7126 0.7395 0.7126 0.7395 0.6934 0.7079 0.6934 0.6715 0.6934 0.7081 0.6853 0.7087 0.6934 0.6715 0.6853 0.6723 0.7701 0.75 0.8467 0.7813 0.8467 0.75 0.7701 0.75 0.8467 0.75 0.7701 0.75 0.7701 0.75 0.7126 0.7395 0.7126 0.7395 0.7701 0.7813 0.7126 0.7395 0.7005 0.7634 0.9233 0.75 1 0.75 1 0.75 0.9134 0.7404 1 0.75 1 0.75 0.9233 0.75 0.8442 0.7463 0.8467 0.75 0.9233 0.75 0.8467 0.75 0.8467 0.75 0.6934 0.7082 0.7126 0.7395 0.7126 0.7395 0.7126 0.7137 0.7126 0.7395 0.7275 0.7339 0.6934 0.7082 0.7126 0.6819 0.6934 0.6715 0.6934 0.7079 0.6934 0.6715 0.6934 0.6711 0.7701 0.75 0.8467 0.75 0.8467 0.75 0.7701 0.75 0.8442 0.7463 0.7701 0.7448 0.7701 0.75 0.7275 0.7339 0.7126 0.7395 0.7701 0.75 0.7126 0.7395 0.7126 0.7395 0.7701 0.7448 0.8368 0.7353 0.7701 0.7294 0.7701 0.7294 0.818 0.703 0.7701 0.7112 0.7701 0.7112 0.7126 0.7137 0.7701 0.7294 0.7701 0.7294 0.7275 0.7339 0.7701 0.7448 0.8837 0.7117 1 0.75 0.9208 0.6734 0.8441 0.6734 0.9208 0.6734 0.8416 0.5969 0.8837 0.7117 0.818 0.703 0.8368 0.7353 0.9134 0.7404 0.8368 0.7353 0.8442 0.7463 0.4114 0.5535 0.4839 0.5792 0.4839 0.5534 0.4114 0.53 0.4839 0.5534 0.4839 0.5299 0.4114 0.5535 0.3428 0.53 0.3428 0.5536 0.4114 0.5793 0.3428 0.5536 0.3428 0.5794 0.4199 0.9167 0.4458 1 0.4458 0.9167 0.4458 0.9167 0.4731 1 0.4697 0.9167 0.4697 0.9167 0.4458 0.8333 0.4458 0.9167 0.4458 0.9167 0.4186 0.8333 0.4199 0.9167 0.6612 0.5536 0.6853 0.58 0.6853 0.5541 0.6611 0.53 0.6853 0.5541 0.6882 0.5291 0.6612 0.5536 0.6188 0.5299 0.6188 0.5533 0.6611 0.5794 0.6188 0.5533 0.6188 0.579 0.5564 0.5533 0.6188 0.579 0.6188 0.5533 0.5564 0.5299 0.6188 0.5533 0.6188 0.5299 0.5564 0.5533 0.4839 0.5299 0.4839 0.5534 0.5564 0.579 0.4839 0.5534 0.4839 0.5792 0.2824 0.5536 0.3428 0.5794 0.3428 0.5536 0.2824 0.53 0.3428 0.5536 0.3428 0.53 0.2824 0.5536 0.2258999 0.5301 0.2258999 0.5537 0.2824 0.5794 0.2258999 0.5537 0.2258999 0.5795 0.1694 0.7095 0.1342999 0.6948 0.1129 0.7094 0.1694 0.7663 0.1129 0.7094 0.1129 0.766 0.1694 0.7095 0.2263 0.7678 0.2258999 0.7096 0.1694 0.6736 0.2258999 0.7096 0.2258999 0.6738 0.0564 0.7093 0 0.6686 0 0.7093 0.0564 0.768 0 0.7093 0 0.75 0.0564 0.7093 0.1129 0.766 0.1129 0.7094 0.0564 0.6686 0.1129 0.7094 0.1342999 0.6948 0.4186 0.5395 0.4458 0.7189 0.4458 0.5395 0.4458 0.5395 0.4731 0.7189 0.4697 0.5395 0.4697 0.5395 0.4458 0.4497 0.4458 0.5395 0.4458 0.5395 0.4199 0.4641 0.4186 0.5395 0.9233 0.6749 1 0.7104 0.9233 0.7104 0.9233 0.7104 1 0.75 0.9233 0.7713 0.9233 0.7713 0.8467 0.7103 0.9233 0.7104 0.9233 0.7104 0.8467 0.6748 0.9233 0.6749 0.4114 0.674 0.4839 0.7098 0.4114 0.7098 0.4114 0.7098 0.4839 0.7708 0.4114 0.7695 0.4114 0.7695 0.3428 0.7097 0.4114 0.7098 0.4114 0.7098 0.3428 0.674 0.4114 0.674 0.2907 0.9167 0.3314 1 0.2907 1 0.236 0.9167 0.2907 1 0.25 1 0.2907 0.9167 0.25 0.8333 0.2907 0.8333 0.3267 0.9167 0.2907 0.8333 0.3314 0.8333 0.6611 0.6743 0.7045 0.7101 0.6612 0.71 0.6612 0.71 0.7045 0.7713 0.6611 0.7712 0.6611 0.7712 0.6188 0.7099 0.6612 0.71 0.6612 0.71 0.6188 0.6742 0.6611 0.6743 0.5564 0.6741 0.6188 0.7099 0.5564 0.7098 0.5564 0.7098 0.6188 0.7712 0.5564 0.7712 0.5564 0.7712 0.4839 0.7098 0.5564 0.7098 0.5564 0.7098 0.4839 0.6741 0.5564 0.6741 0.2824 0.6739 0.3428 0.7097 0.2824 0.7097 0.2824 0.7097 0.3428 0.7683 0.2824 0.768 0.2824 0.768 0.2258999 0.7096 0.2824 0.7097 0.2824 0.7097 0.2258999 0.6738 0.2824 0.6739 0.5783 0.4005 0.5527 0.5337 0.5527 0.4004 0.5527 0.4004 0.5261 0.5335 0.5295 0.4002 0.5295 0.4002 0.5527 0.267 0.5527 0.4004 0.5527 0.4004 0.5792 0.2671 0.5783 0.4005 0.1694 0.5797 0.1129 0.554 0.1694 0.5539 0.1694 0.5539 0.1129 0.5303 0.1694 0.5302 0.1694 0.5302 0.2258999 0.5537 0.1694 0.5539 0.1694 0.5539 0.2258999 0.5795 0.1694 0.5797 0.0564 0.5541 0 0.5814 0 0.5542 0.0564 0.5303 0 0.5542 0 0.5269 0.0564 0.5303 0.1129 0.554 0.0564 0.5541 0.0564 0.5541 0.1384 0.6054 0.0564 0.5814 0.5792 0.9166 0.5527 1 0.5527 0.9167 0.5527 0.9167 0.5261 1 0.5295 0.9167 0.5295 0.9167 0.5527 0.8333 0.5527 0.9167 0.5527 0.9167 0.5792 0.8333 0.5792 0.9166 0.7701 0.5785 0.7045 0.5529 0.77 0.5528 0.77 0.5528 0.7045 0.5296 0.7701 0.5296 0.7701 0.5296 0.8467 0.5528 0.77 0.5528 0.77 0.5528 0.8467 0.5784 0.7701 0.5785 0.2907 0.5395 0.3314 0.719 0.2907 0.719 0.2289 0.5396 0.2907 0.719 0.25 0.719 0.2907 0.5395 0.2289 0.4498 0.2907 0.4498 0.3314 0.5395 0.2907 0.4498 0.3267 0.4641 0.6934 0.5806 0.6934 0.555 0.6934 0.5547 0.6934 0.5547 0.6934 0.5342 0.6934 0.534 0.6934 0.5547 0.6882 0.5291 0.6853 0.5541 0.6934 0.5806 0.6853 0.5541 0.6853 0.58 0.6934 0.5547 0.7126 0.6014 0.7126 0.5788 0.6934 0.534 0.7126 0.5788 0.7104 0.5624 0.6934 0.5547 0.6934 0.5342 0.6934 0.555 0.6934 0.5806 0.6934 0.555 0.6934 0.5809 0.7701 0.6521 0.7981 0.6763 0.7974 0.6778 0.7701 0.6384 0.7974 0.6778 0.8467 0.75 0.7701 0.6521 0.7104 0.5624 0.7126 0.5788 0.7701 0.665 0.7126 0.5788 0.7126 0.6014 0.7526 0.585 0.6054 0.3686 0.726 0.5593 0.726 0.5593 0.5523 0.3173 0.6995 0.5337 0.726 0.5593 0.8467 0.75 0.7974 0.6778 0.7526 0.585 0.7974 0.6778 0.7981 0.6763 0.4114 0.674 0.4839 0.6472 0.4114 0.6473 0.4114 0.6473 0.4839 0.6249 0.4114 0.625 0.4114 0.6473 0.3428 0.625 0.3428 0.6472 0.4114 0.674 0.3428 0.6472 0.3428 0.674 0.3267 0.9167 0.3232 0.935 0.3532 0.9167 0.375 0.9167 0.3232 0.935 0.3422 0.9323 0.375 0.9167 0.3532 0.795 0.3532 0.9167 0.3532 0.9167 0.3314 0.8333 0.3267 0.9167 0.6611 0.673 0.6853 0.6458 0.6612 0.6464 0.6612 0.6464 0.6853 0.6244 0.6611 0.6245 0.6611 0.6245 0.6188 0.6468 0.6612 0.6464 0.6612 0.6464 0.6188 0.6736 0.6611 0.673 0.5564 0.6739 0.6188 0.6468 0.5564 0.6471 0.5564 0.6471 0.6188 0.6246 0.5564 0.6248 0.5564 0.6248 0.4839 0.6472 0.5564 0.6471 0.5564 0.6471 0.4839 0.674 0.5564 0.6739 0.2824 0.6472 0.3428 0.674 0.3428 0.6472 0.2824 0.625 0.3428 0.6472 0.3428 0.625 0.2824 0.6472 0.2258999 0.625 0.2258999 0.6471 0.2824 0.6739 0.2258999 0.6471 0.2258999 0.6738 0.1694 0.603 0.1384 0.6054 0.1625 0.6527 0.1694 0.625 0.1625 0.6527 0.1597999 0.6719 0.1694 0.603 0.2258999 0.625 0.2258999 0.6029 0.1694 0.5797 0.2258999 0.6029 0.2258999 0.5795 0.2657 0.7907 0.3613 0.9296 0.2548 0.8016 0.244 0.8125 0.3613 0.9296 0.3422 0.9323 0.2548 0.8016 0.1597999 0.6719 0.1625 0.6527 0.2657 0.7907 0.1625 0.6527 0.1384 0.6054 0.3314 0.5967 0.3532 0.795 0.3532 0.5967 0.3532 0.5967 0.375 0.795 0.375 0.5967 0.375 0.5967 0.3532 0.4784 0.3532 0.5967 0.3532 0.5967 0.3267 0.4641 0.3314 0.5967 0.9233 0.5783 0.9311 0.5936 0.9233 0.6021 0.9233 0.6021 0.934 0.6137 0.9233 0.625 0.9233 0.625 0.8467 0.6022 0.9233 0.6021 0.9233 0.6021 0.8467 0.5784 0.9233 0.5783 0.4114 0.5793 0.4839 0.6027 0.4114 0.6027 0.4114 0.6027 0.4839 0.625 0.4114 0.625 0.4114 0.625 0.3428 0.6028 0.4114 0.6027 0.4114 0.6027 0.3428 0.5794 0.4114 0.5793 0.3968 0.9167 0.4186 1 0.3613 0.9296 0.3968 0.9167 0.3422 0.9323 0.375 0.9167 0.3968 0.9167 0.375 0.795 0.3968 0.795 0.4199 0.9167 0.3968 0.795 0.4186 0.8333 0.6611 0.5786 0.7045 0.6022 0.6612 0.6022 0.6612 0.6022 0.7045 0.6249 0.6611 0.6248 0.6611 0.6248 0.6188 0.6023 0.6612 0.6022 0.6612 0.6022 0.6188 0.5788 0.6611 0.5786 0.5564 0.579 0.6188 0.6023 0.5564 0.6025 0.5564 0.6025 0.6188 0.6248 0.5564 0.6249 0.5564 0.6249 0.4839 0.6027 0.5564 0.6025 0.5564 0.6025 0.4839 0.5792 0.5564 0.579 0.2824 0.5794 0.3428 0.6028 0.2824 0.6028 0.2824 0.6028 0.3428 0.625 0.2824 0.625 0.2824 0.625 0.2258999 0.6029 0.2824 0.6028 0.2824 0.6028 0.2258999 0.5795 0.2824 0.5794 0.675 0.4011 0.6919 0.5153 0.6479 0.4009 0.6479 0.4009 0.6719 0.5123 0.625 0.4008 0.625 0.4008 0.6727 0.3611 0.6479 0.4009 0.6479 0.4009 0.6708 0.2674 0.675 0.4011 0.1694 0.6736 0.1571 0.691 0.1694 0.647 0.1694 0.647 0.1597999 0.6719 0.1694 0.625 0.1694 0.625 0.2258999 0.6471 0.1694 0.647 0.1694 0.647 0.2258999 0.6738 0.1694 0.6736 0.2222 0.8343 0.3232 0.935 0.2330999 0.8234 0.2330999 0.8234 0.3422 0.9323 0.244 0.8125 0.244 0.8125 0.1571 0.691 0.2330999 0.8234 0.2330999 0.8234 0.1342999 0.6948 0.2222 0.8343 0.8354 0.6027 0.9368 0.6337 0.8239 0.5912 0.8239 0.5912 0.934 0.6137 0.8125 0.5797 0.8125 0.5797 0.6919 0.5153 0.8239 0.5912 0.8239 0.5912 0.6708 0.5347 0.8354 0.6027 0.7701 0.6747 0.7045 0.6475 0.77 0.6477 0.77 0.6477 0.7045 0.6249 0.7701 0.6249 0.7701 0.6249 0.8467 0.6478 0.77 0.6477 0.77 0.6477 0.8467 0.6748 0.7701 0.6747 0.3968 0.5967 0.4186 0.8333 0.3968 0.795 0.375 0.5967 0.3968 0.795 0.375 0.795 0.3968 0.5967 0.375 0.4784 0.3968 0.4784 0.4186 0.5967 0.3968 0.4784 0.4199 0.4641 0.6934 0.6453 0.6934 0.6711 0.6934 0.645 0.6934 0.6242 0.6934 0.645 0.6934 0.6242 0.6934 0.6453 0.6853 0.6244 0.6853 0.6458 0.6934 0.6453 0.6853 0.6723 0.6934 0.6715 0.6934 0.6715 0.7126 0.6588 0.6934 0.6453 0.6934 0.6243 0.7126 0.6588 0.7126 0.6401 0.6934 0.6243 0.6934 0.645 0.6934 0.6453 0.6934 0.6453 0.6934 0.6711 0.6934 0.6715 0.7701 0.698 0.818 0.703 0.8027 0.6767 0.7701 0.6872 0.8027 0.6767 0.7998 0.674 0.7701 0.698 0.7126 0.6401 0.7126 0.6588 0.7701 0.698 0.7126 0.6819 0.7701 0.7112 0.7587 0.5087 0.6727 0.3611 0.7473 0.5087 0.7473 0.5087 0.6527 0.361 0.7358 0.5086 0.7473 0.5087 0.7998 0.674 0.8027 0.6767 0.7587 0.5087 0.8027 0.6767 0.818 0.703 0.1694 0.5539 0.1129 0.5303 0.1129 0.554 0.1694 0.5797 0.1129 0.554 0.1384 0.6054 0.1694 0.5539 0.2258999 0.5795 0.2258999 0.5537 0.1694 0.5302 0.2258999 0.5537 0.2258999 0.5301 0.0564 0.5303 0 0.5542 0.0564 0.5541 0.0564 0.5541 0 0.5814 0.0564 0.5814 0.0564 0.5541 0.1384 0.6054 0.1129 0.554 0.0564 0.5303 0.1129 0.554 0.1129 0.5303 0.9233 0.5295 1 0.5527 0.9233 0.5527 0.9233 0.5527 1 0.5792 0.9233 0.5783 0.9233 0.5783 0.8467 0.5528 0.9233 0.5527 0.9233 0.5527 0.8467 0.5296 0.9233 0.5295 0.4114 0.53 0.4839 0.5534 0.4114 0.5535 0.4114 0.5535 0.4839 0.5792 0.4114 0.5793 0.4114 0.5793 0.3428 0.5536 0.4114 0.5535 0.4114 0.5535 0.3428 0.53 0.4114 0.53 0.4458 0.9167 0.4731 1 0.4458 1 0.4199 0.9167 0.4458 1 0.4186 1 0.4458 0.9167 0.4186 0.8333 0.4458 0.8333 0.4697 0.9167 0.4458 0.8333 0.4731 0.8333 0.6611 0.5297 0.7045 0.5529 0.6612 0.553 0.6612 0.553 0.7045 0.5786 0.6611 0.5786 0.6611 0.5786 0.6188 0.5531 0.6612 0.553 0.6612 0.553 0.6188 0.5297 0.6611 0.5297 0.5564 0.5298 0.6188 0.5531 0.5564 0.5533 0.5564 0.5533 0.6188 0.5788 0.5564 0.579 0.5564 0.579 0.4839 0.5534 0.5564 0.5533 0.5564 0.5533 0.4839 0.5299 0.5564 0.5298 0.2824 0.53 0.3428 0.5536 0.2824 0.5536 0.2824 0.5536 0.3428 0.5794 0.2824 0.5794 0.2824 0.5794 0.2258999 0.5537 0.2824 0.5536 0.2824 0.5536 0.2258999 0.5301 0.2824 0.53 0.4458 0.5395 0.4731 0.7189 0.4458 0.7189 0.4186 0.5395 0.4458 0.7189 0.4186 0.7189 0.4458 0.5395 0.4199 0.4641 0.4458 0.4497 0.4697 0.5395 0.4458 0.4497 0.4697 0.4497 0.4114 0.5133 0.4839 0.5299 0.4839 0.5133 0.4114 0.5 0.4839 0.5133 0.4839 0.5 0.4114 0.5133 0.3388 0.5 0.3428 0.5133 0.4114 0.53 0.3428 0.5133 0.3428 0.53 0.4697 0.9167 0.4866 1 0.4866 0.9167 0.4866 0.9167 0.5 1 0.5 0.9166 0.5 0.9166 0.4866 0.8333 0.4866 0.9167 0.4866 0.9167 0.4731 0.8333 0.4697 0.9167 0.6612 0.5133 0.6882 0.5291 0.6853 0.5134 0.6612 0.5133 0.6934 0.5 0.6611 0.5 0.6611 0.5 0.6188 0.5132 0.6612 0.5133 0.6611 0.53 0.6188 0.5132 0.6188 0.5299 0.5564 0.5132 0.6188 0.5299 0.6188 0.5132 0.5564 0.5132 0.6289 0.5 0.5564 0.5 0.5564 0.5132 0.4839 0.5 0.4839 0.5133 0.5564 0.5299 0.4839 0.5133 0.4839 0.5299 0.2824 0.5133 0.3428 0.53 0.3428 0.5133 0.2824 0.5 0.3428 0.5133 0.3388 0.5 0.2824 0.5133 0.2258999 0.5 0.2258999 0.5133 0.2824 0.53 0.2258999 0.5133 0.2258999 0.5301 0.4697 0.5395 0.4866 0.7189 0.4866 0.5395 0.5 0.5395 0.4866 0.7189 0.5 0.7189 0.5 0.5395 0.4866 0.4497 0.4866 0.5395 0.4866 0.5395 0.4697 0.4497 0.4697 0.5395 0.5295 0.4002 0.5131 0.5334 0.5131 0.4001 0.5131 0.4001 0.5 0.5333 0.5 0.4 0.5 0.4 0.5131 0.2668 0.5131 0.4001 0.5295 0.4002 0.5131 0.2668 0.5261 0.2669 0.1694 0.5302 0.1129 0.5134 0.1694 0.5134 0.1694 0.5134 0.1129 0.5 0.1694 0.5 0.1694 0.5 0.2258999 0.5133 0.1694 0.5134 0.1694 0.5134 0.2258999 0.5301 0.1694 0.5302 0.0564 0.5134 0 0.5269 0 0.5134 0.0564 0.5 0 0.5134 0 0.5 0.0564 0.5 0.1129 0.5134 0.0564 0.5134 0.0564 0.5134 0.1129 0.5303 0.0564 0.5303 0.5295 0.9167 0.5131 1 0.5131 0.9167 0.5131 0.9167 0.5 1 0.5 0.9166 0.5 0.9166 0.5131 0.8333 0.5131 0.9167 0.5131 0.9167 0.5261 0.8333 0.5295 0.9167 0.7701 0.5296 0.7045 0.5131 0.77 0.5131 0.77 0.5131 0.6934 0.5 0.7701 0.5 0.7701 0.5 0.8467 0.5131 0.77 0.5131 0.77 0.5131 0.8467 0.5296 0.7701 0.5296 0.6934 0.5 0.6853 0.5134 0.6934 0.5134 0.6934 0.5236 0.6853 0.5134 0.6882 0.5291 0.6934 0.5236 0.6934 0.5134 0.6934 0.5134 0.6934 0.5134 0.6934 0.5 0.6934 0.5 0.6934 0.5236 0.6934 0.534 0.6934 0.5271 0.6934 0.5271 0.6934 0.5342 0.6934 0.5273 0.6934 0.5273 0.6934 0.5271 0.6934 0.5271 0.6934 0.5271 0.6934 0.5236 0.6934 0.5236 0.6934 0.5273 0.6934 0.534 0.6934 0.5271 0.6934 0.5271 0.7104 0.5624 0.6934 0.5269 0.6934 0.5271 0.6934 0.5269 0.6934 0.5271 0.6934 0.5271 0.6934 0.5273 0.6934 0.5273 0.6934 0.5 0.6934 0.5134 0.6934 0.5134 0.6934 0.5134 0.6934 0.5236 0.6934 0.5236 0.6934 0.5134 0.6934 0.521 0.6934 0.5134 0.6934 0.5 0.6934 0.5134 0.6934 0.5 0.6934 0.5236 0.6934 0.5271 0.6934 0.5271 0.6934 0.5271 0.6934 0.5273 0.6934 0.5273 0.6934 0.5271 0.6934 0.5274 0.6934 0.5271 0.6934 0.5236 0.6934 0.5271 0.6934 0.521 0.6934 0.5273 0.6934 0.5271 0.6934 0.5271 0.6934 0.5269 0.6934 0.5271 0.6934 0.5269 0.6934 0.5269 0.6934 0.5271 0.6934 0.5271 0.6934 0.5271 0.6934 0.5274 0.6934 0.5273 0.6934 0.5 0.6934 0.5134 0.6934 0.5134 0.6934 0.5134 0.6934 0.521 0.6934 0.5269 0.6934 0.5269 0.6934 0.5134 0.6934 0.5134 0.6934 0.5134 0.6934 0.5 0.6934 0.5 0.6934 0.5 0.6934 0.5134 0.6934 0.5134 0.6934 0.5134 0.6934 0.5269 0.6934 0.5269 0.6934 0.5134 0.6934 0.5269 0.6934 0.5134 0.6934 0.5134 0.6934 0.5 0.6934 0.5 0.4114 0.6027 0.4839 0.6249 0.4839 0.6027 0.4114 0.5793 0.4839 0.6027 0.4839 0.5792 0.4114 0.6027 0.3428 0.5794 0.3428 0.6028 0.4114 0.625 0.3428 0.6028 0.3428 0.625 0.3968 0.9167 0.3422 0.9323 0.3613 0.9296 0.3968 0.9167 0.4186 1 0.4199 0.9167 0.4199 0.9167 0.3968 0.795 0.3968 0.9167 0.3968 0.9167 0.375 0.795 0.375 0.9167 0.6612 0.6026 0.6853 0.6244 0.6853 0.6029 0.6611 0.5794 0.6853 0.6029 0.6853 0.58 0.6612 0.6026 0.6188 0.579 0.6188 0.6024 0.6611 0.6245 0.6188 0.6024 0.6188 0.6246 0.5564 0.6025 0.6188 0.6246 0.6188 0.6024 0.5564 0.579 0.6188 0.6024 0.6188 0.579 0.5564 0.6025 0.4839 0.5792 0.4839 0.6027 0.5564 0.6248 0.4839 0.6027 0.4839 0.6249 0.2824 0.6028 0.3428 0.625 0.3428 0.6028 0.2824 0.5794 0.3428 0.6028 0.3428 0.5794 0.2824 0.6028 0.2258999 0.5795 0.2258999 0.6029 0.2824 0.625 0.2258999 0.6029 0.2258999 0.625 0.1694 0.647 0.1597999 0.6719 0.1571 0.691 0.1694 0.6736 0.1571 0.691 0.1342999 0.6948 0.1694 0.647 0.2258999 0.6738 0.2258999 0.6471 0.1694 0.625 0.2258999 0.6471 0.2258999 0.625 0.2330999 0.8234 0.3422 0.9323 0.3232 0.935 0.2222 0.8343 0.3232 0.935 0.3314 1 0.2330999 0.8234 0.1342999 0.6948 0.1571 0.691 0.244 0.8125 0.1571 0.691 0.1597999 0.6719 0.375 0.5967 0.3968 0.795 0.3968 0.5967 0.3968 0.5967 0.4186 0.8333 0.4186 0.5967 0.4186 0.5967 0.3968 0.4784 0.3968 0.5967 0.3968 0.5967 0.375 0.4784 0.375 0.5967 0.9233 0.625 0.9368 0.6337 0.9233 0.6479 0.9233 0.6479 1 0.6708 0.9233 0.6749 0.9233 0.6749 0.8467 0.6478 0.9233 0.6479 0.9233 0.6479 0.8467 0.625 0.9233 0.625 0.4114 0.625 0.4839 0.6473 0.4114 0.6473 0.4114 0.6473 0.4839 0.6741 0.4114 0.674 0.4114 0.674 0.3428 0.6472 0.4114 0.6473 0.4114 0.6473 0.3428 0.625 0.4114 0.625 0.375 0.9167 0.3232 0.935 0.3532 0.9167 0.3267 0.9167 0.3232 0.935 0.3314 1 0.3532 0.9167 0.3314 0.8333 0.3532 0.795 0.375 0.9167 0.3532 0.795 0.375 0.795 0.6611 0.6248 0.7045 0.6475 0.6612 0.6474 0.6612 0.6474 0.7045 0.6744 0.6611 0.6743 0.6611 0.6743 0.6188 0.6473 0.6612 0.6474 0.6612 0.6474 0.6188 0.6248 0.6611 0.6248 0.5564 0.6249 0.6188 0.6473 0.5564 0.6473 0.5564 0.6473 0.6188 0.6742 0.5564 0.6741 0.5564 0.6741 0.4839 0.6473 0.5564 0.6473 0.5564 0.6473 0.4839 0.625 0.5564 0.6249 0.2824 0.625 0.3428 0.6472 0.2824 0.6472 0.2824 0.6472 0.3428 0.674 0.2824 0.6739 0.2824 0.6739 0.2258999 0.6471 0.2824 0.6472 0.2824 0.6472 0.2258999 0.625 0.2824 0.625 0.625 0.4008 0.6518 0.5092 0.6021 0.4006 0.6021 0.4006 0.5792 0.5339 0.5783 0.4005 0.5783 0.4005 0.6327 0.3609 0.6021 0.4006 0.6021 0.4006 0.6527 0.361 0.625 0.4008 0.1694 0.625 0.1625 0.6527 0.1694 0.603 0.1694 0.603 0.1384 0.6054 0.1694 0.5797 0.1694 0.5797 0.2258999 0.6029 0.1694 0.603 0.1694 0.603 0.2258999 0.625 0.1694 0.625 0.244 0.8125 0.3613 0.9296 0.2548 0.8016 0.2657 0.7907 0.3613 0.9296 0.4186 1 0.2657 0.7907 0.1625 0.6527 0.2548 0.8016 0.2548 0.8016 0.1597999 0.6719 0.244 0.8125 0.8125 0.5797 0.9311 0.5936 0.8011 0.5681 0.8011 0.5681 1 0.5792 0.7896 0.5566 0.7896 0.5566 0.6518 0.5092 0.8011 0.5681 0.8011 0.5681 0.6719 0.5123 0.8125 0.5797 0.7701 0.6249 0.7045 0.6022 0.77 0.6022 0.77 0.6022 0.7045 0.5786 0.7701 0.5785 0.7701 0.5785 0.8467 0.6022 0.77 0.6022 0.77 0.6022 0.8467 0.625 0.7701 0.6249 0.3532 0.5967 0.375 0.795 0.3532 0.795 0.3314 0.5967 0.3532 0.795 0.3314 0.8333 0.3532 0.5967 0.3267 0.4641 0.3532 0.4784 0.375 0.5967 0.3532 0.4784 0.375 0.4784 0.6934 0.6242 0.6934 0.6034 0.6934 0.6032 0.6934 0.6032 0.6934 0.5809 0.6934 0.5806 0.6934 0.6032 0.6853 0.58 0.6853 0.6029 0.6934 0.6032 0.6853 0.6244 0.6934 0.6242 0.6934 0.6033 0.7126 0.6401 0.7126 0.6214 0.6934 0.5806 0.7126 0.6214 0.7126 0.6014 0.6934 0.6033 0.6934 0.5809 0.6934 0.6034 0.6934 0.6033 0.6934 0.6242 0.6934 0.6243 0.7701 0.6765 0.7998 0.674 0.797 0.6713 0.7701 0.665 0.797 0.6713 0.7981 0.6763 0.7701 0.6765 0.7126 0.6014 0.7126 0.6214 0.7701 0.6872 0.7126 0.6214 0.7126 0.6401 0.7358 0.5086 0.6327 0.3609 0.7244 0.5086 0.7244 0.5086 0.5792 0.2671 0.713 0.5085 0.7244 0.5086 0.7981 0.6763 0.797 0.6713 0.7358 0.5086 0.797 0.6713 0.7998 0.674 0.1412 0.9807 0.1161 0.9193 0.0776 0.9485 0.1129 1 0.0776 0.9485 0 1 0.1412 0.9807 0.2258999 1 0.2203 0.9865 0.1623 0.9398 0.2203 0.9865 0.2264 0.9485 0.2914 0.9583 0.2203 0.9865 0.2884 0.993 0.2824 1 0.2203 0.9865 0.2258999 1 0.2884 0.993 0.3388 1 0.3414 0.9983 0.2884 0.993 0.3618 0.9783 0.2914 0.9583 0.08469998 0.8639 0.1129 1 0.0564 0.875 0.06349998 0.7683 0.0564 0.875 0 0.75 0.08469998 0.8639 0.1147 0.7666 0.12 0.8568 0.12 0.9506 0.12 0.8568 0.1349 0.922 0.1694 0.8581 0.1349 0.922 0.12 0.8568 0.1694 0.8581 0.1147 0.7666 0.1694 0.7669 0.1694 0.7669 0.2258999 0.8619 0.1694 0.8581 0.1694 0.8581 0.2258999 0.9491 0.1694 0.9434 0.2824 0.95 0.2258999 0.8619 0.2824 0.8625 0.2824 0.8625 0.2258999 0.7679 0.2824 0.768 0.2824 0.768 0.3428 0.8634 0.2824 0.8625 0.2824 0.8625 0.3462 0.9611 0.2824 0.95 0.4161 0.9586 0.3428 0.8634 0.4114 0.8682 0.4114 0.8682 0.3428 0.7683 0.4114 0.7695 0.4114 0.7695 0.4839 0.8733 0.4114 0.8682 0.4114 0.8682 0.4848 0.9662 0.4161 0.9586 0.4302 0.9932 0.3462 0.9611 0.4161 0.9586 0.4876 0.9983 0.4161 0.9586 0.4848 0.9662 0.4876 0.9983 0.449 1 0.4302 0.9932 0.4302 0.9932 0.4086 1 0.3868 0.9899 0.5126 1 0.4599 1 0.4886 1 0.4886 1 0.4397 1 0.4588 1 0.4588 1 0.503 1 0.4886 1 0.4886 1 0.5309 1 0.5126 1 0.4886 1 0.5309 1 0.503 1 0.4886 1 0.4779 1 0.4588 1 0.4886 1 0.4397 1 0.4599 1 0.5126 1 0.4599 1 0.48 1 0.4362 1 0.4087 1 0.449 1 0.4891 1 0.449 1 0.4893 1 0.4891 1 0.4251 0.9688 0.4362 1 0.4362 1 0.3618 0.9783 0.3959 1 0.3518 0.8733 0.4251 0.9688 0.4174 0.875 0.4174 0.875 0.4871 0.9688 0.4854 0.875 0.4854 0.875 0.4129 0.7712 0.4174 0.875 0.4174 0.875 0.3451 0.7707 0.3518 0.8733 0.875 0.4022 0.75 0.2677 0.875 0.3352 1 0.4029 0.875 0.3352 1 0.2687 0.875 0.4022 1 0.5372 0.875 0.5362 0.75 0.4015 0.875 0.5362 0.75 0.5353 0.2299 0.4029 0.1533 0.3358 0.23 0.3358 0.3066 0.4029 0.23 0.3358 0.3066 0.2687 0.2299 0.4029 0.3066 0.5372 0.23 0.5372 0.1533 0.4029 0.23 0.5372 0.1533 0.5372 0.8871 1 0.7882 0.9166 0.8871 0.9166 0.8871 0.9166 0.7882 0.8021 0.8871 0.8021 0.8871 0.8021 1 0.9166 0.8871 0.9166 0.8871 0.9166 1 1 0.8871 1 0.5249 1 0.48 1 0.5126 1 0.5453 1 0.5126 1 0.5309 1 0.5453 1 0.5314 1 0.5249 1 0.5249 1 0.4881 1 0.4841 1 0.591 0.9896 0.5376 1 0.547 1 0.547 1 0.4893 1 0.4891 1 0.547 1 0.4871 0.9688 0.554 0.9688 0.591 0.9896 0.554 0.9688 0.6119 0.9661 0.1694 0.8557 0.1129 0.766 0.1694 0.7663 0.2274 0.8615 0.1694 0.7663 0.2263 0.7678 0.1694 0.8557 0.2264 0.9485 0.1623 0.9398 0.1694 0.8557 0.1161 0.9193 0.1129 0.8548 0.4129 0.7712 0.3428 0.7097 0.4114 0.7098 0.4114 0.7098 0.3428 0.674 0.4114 0.674 0.4114 0.674 0.4839 0.7098 0.4114 0.7098 0.4114 0.7098 0.4843 0.7712 0.4129 0.7712 0.2907 0.9166 0.25 0.8333 0.2907 0.8333 0.3267 0.9166 0.2907 0.8333 0.3314 0.8333 0.2907 0.9166 0.3314 1 0.2907 1 0.2289 0.9166 0.2907 1 0.25 1 0.6611 0.7092 0.6188 0.7711 0.6188 0.7095 0.6611 0.673 0.6188 0.7095 0.6188 0.6736 0.6611 0.7092 0.6853 0.6723 0.6853 0.7087 0.6611 0.771 0.6853 0.7087 0.7005 0.7634 0.5564 0.7712 0.4839 0.7098 0.5564 0.7097 0.5564 0.6739 0.4839 0.7098 0.4839 0.674 0.5564 0.7097 0.6188 0.6736 0.6188 0.7095 0.5564 0.7712 0.6188 0.7095 0.6188 0.7711 0.7176 0.9166 0.6612 1 0.6612 0.9166 0.7176 0.9166 0.6612 0.8333 0.7176 0.8021 0.7176 0.8021 0.7882 0.9166 0.7176 0.9166 0.7176 0.9166 0.7741 1 0.7176 1 0.7176 0.625 0.6612 0.4167 0.7176 0.5209 0.7882 0.625 0.7176 0.5209 0.7865 0.5209 0.7176 0.625 0.7882 0.8021 0.7176 0.8021 0.6612 0.625 0.7176 0.8021 0.6612 0.8333 0 0.875 0.0564 0.768 0.0564 0.8627 0.0564 0.8627 0.1129 0.766 0.1129 0.8548 0.1129 0.8548 0.0776 0.9485 0.0564 0.8627 0.0564 0.8627 0 1 0 0.875 0.2824 0.7097 0.3451 0.7707 0.2839 0.7694 0.2258999 0.7096 0.2839 0.7694 0.2263 0.7678 0.2824 0.7097 0.2258999 0.6738 0.2824 0.6739 0.3428 0.7097 0.2824 0.6739 0.3428 0.674 0.875 0.9166 0.75 1 0.75 0.9166 0.875 0.9166 0.75 0.8333 0.875 0.8333 0.875 0.8333 1 0.9166 0.875 0.9166 0.875 0.9166 1 1 0.875 1 0.23 1 0.1533 0.9166 0.23 0.9166 0.23 0.9166 0.1533 0.8333 0.23 0.8333 0.23 0.8333 0.3066 0.9166 0.23 0.9166 0.23 0.9166 0.3066 1 0.23 1 0.3414 0.9983 0.3959 1 0.3757 1 0.4007 1 0.3959 1 0.4087 1 0.4007 1 0.3657 1 0.3757 1 0.3757 1 0.3388 1 0.3414 0.9983 0.6464 0.9583 0.5967 0.9166 0.6021 0.9583 0.6021 0.9583 0.5 0.8333 0.543 0.9166 0.6021 0.9583 0.5859 1 0.591 0.9896 0.6021 0.9583 0.6119 0.9661 0.6464 0.9583 0.1694 0.5134 0.1129 0.5 0.1694 0.5 0.2258999 0.5133 0.1694 0.5 0.2258999 0.5 0.1694 0.5134 0.2258999 0.5301 0.1694 0.5302 0.1129 0.5134 0.1694 0.5302 0.1129 0.5303 0.9233 1 0.8467 0.875 0.9233 0.875 0.9233 0.875 0.8467 0.7813 0.9233 0.7813 0.9233 0.875 1 0.75 1 0.875 0.9233 0.875 1 1 0.9233 1 0.125 0.9166 0 0.8333 0.125 0.8333 0.2289 0.9166 0.125 0.8333 0.25 0.8333 0.125 0.9166 0.25 1 0.125 1 0 0.9166 0.125 1 0 1 0.6464 0.9583 0.6188 0.875 0.6611 0.875 0.6611 0.875 0.6188 0.7711 0.6611 0.771 0.6611 0.875 0.7005 0.7634 0.7045 0.875 0.6611 0.875 0.6934 1 0.6464 0.9583 0.554 0.9688 0.4854 0.875 0.5564 0.875 0.5564 0.875 0.4843 0.7712 0.5564 0.7712 0.5564 0.7712 0.6188 0.875 0.5564 0.875 0.5564 0.875 0.6119 0.9661 0.554 0.9688 0 0.5134 0.0564 0.5 0.0564 0.5134 0.1129 0.5134 0.0564 0.5 0.1129 0.5 0.0564 0.5134 0.1129 0.5303 0.0564 0.5303 0.0564 0.5134 0 0.5269 0 0.5134 0.2884 0.868 0.3618 0.9783 0.2914 0.9583 0.2274 0.8615 0.2914 0.9583 0.2264 0.9485 0.2884 0.868 0.2263 0.7678 0.2839 0.7694 0.3518 0.8733 0.2839 0.7694 0.3451 0.7707 0.07669997 0.4029 0 0.2687 0.07669997 0.3358 0.1533 0.4029 0.07669997 0.3358 0.1533 0.3358 0.07669997 0.4029 0.1533 0.5372 0.07669997 0.5372 0 0.4029 0.07669997 0.5372 0 0.5372 0.07669997 0.9166 0 0.8333 0.07669997 0.8333 0.1533 0.9166 0.07669997 0.8333 0.1533 0.8333 0.07669997 0.9166 0.1533 1 0.07669997 1 0 0.9166 0.07669997 1 0 1 0.7045 0.875 0.7701 0.7813 0.7701 0.875 0.8467 0.875 0.7701 0.7813 0.8467 0.7813 0.7701 0.875 0.8467 1 0.7701 1 0.7045 0.875 0.7701 1 0.6934 1 0.5475 1 0.5337 1 0.5112 1 0.5112 1 0.5096 1 0.475 1 0.5112 1 0.4404 1 0.5 1 0.5475 1 0.5 1 0.537 1 0.125 0.7191 0 0.5397 0.125 0.5396 0.125 0.5396 0 0.3601 0.125 0.4499 0.125 0.4499 0.2289 0.5396 0.125 0.5396 0.125 0.5396 0.25 0.719 0.125 0.7191 0.88 0.5211 1 0.6253 0.8871 0.6251 0.8871 0.6251 1 0.8333 0.8871 0.8021 0.8871 0.8021 0.7882 0.625 0.8871 0.6251 0.8871 0.6251 0.7865 0.5209 0.88 0.5211 0.3818 0.259 0.3066 0.1942 0.3711 0.4442 0.3711 0.4442 0.3066 0.4627 0.3657 0.5368 0.3657 0.5368 0.4355 0.6942 0.3711 0.4442 0.3818 0.259 0.4355 0.6942 0.457 0.5923 0.2907 0.719 0.2289 0.5396 0.2907 0.5395 0.2907 0.5395 0.2289 0.4498 0.2907 0.4498 0.2907 0.4498 0.3314 0.5395 0.2907 0.5395 0.2907 0.5395 0.3314 0.719 0.2907 0.719 0.875 0.5362 1 0.4029 0.875 0.4022 0.875 0.4022 1 0.2687 0.875 0.3352 0.875 0.3352 0.7713 0.4016 0.875 0.4022 0.875 0.4022 0.75 0.5353 0.875 0.5362 0.23 0.5372 0.3066 0.4029 0.2299 0.4029 0.2299 0.4029 0.3066 0.2687 0.23 0.3358 0.23 0.3358 0.1533 0.4029 0.2299 0.4029 0.2299 0.4029 0.1533 0.5372 0.23 0.5372 0.8871 0.9166 0.8377 0.8021 0.8306 0.9166 0.8306 0.9166 0.7759 0.8021 0.7741 0.9166 0.7741 0.9166 0.8306 1 0.8306 0.9166 0.8306 0.9166 0.8871 1 0.8871 0.9166 0.5249 1 0.4881 1 0.5314 1 0.5453 1 0.5314 1 0.5746 1 0.5453 1 0.5126 1 0.5249 1 0.5249 1 0.4801 1 0.4841 1 0.547 1 0.4848 0.9662 0.4876 0.9983 0.547 1 0.4893 1 0.5376 1 0.5376 1 0.591 0.9896 0.547 1 0.554 0.9688 0.591 0.9896 0.6119 0.9661 0.1694 0.9831 0.2258999 1 0.2258999 0.9869 0.1694 0.9434 0.2258999 0.9869 0.2258999 0.9491 0.1694 0.9831 0.1349 0.922 0.12 0.9506 0.1694 1 0.12 0.9506 0.1129 1 1 0.5131 0.9233 0.5 0.9233 0.5131 0.9233 0.5131 0.8467 0.5 0.8467 0.5131 0.8467 0.5131 0.9233 0.5295 0.9233 0.5131 0.9233 0.5131 1 0.5261 1 0.5131 0.4839 0.5133 0.4114 0.5 0.4114 0.5133 0.4114 0.5133 0.3388 0.5 0.3428 0.5133 0.3428 0.5133 0.4114 0.53 0.4114 0.5133 0.4114 0.5133 0.4839 0.5299 0.4839 0.5133 0.4866 0.9166 0.5 1 0.5 0.9166 0.4866 0.8333 0.5 0.9166 0.5 0.8333 0.4866 0.9166 0.4731 0.8333 0.4697 0.9166 0.4866 1 0.4697 0.9166 0.4731 1 0.7045 0.5131 0.6611 0.5 0.6611 0.5131 0.6611 0.5131 0.6289 0.5 0.6188 0.5132 0.6188 0.5132 0.6611 0.5297 0.6611 0.5131 0.6611 0.5131 0.7045 0.5296 0.7045 0.5131 0.6188 0.5132 0.5564 0.5 0.5564 0.5132 0.5564 0.5132 0.4839 0.5 0.4839 0.5133 0.4839 0.5133 0.5564 0.5298 0.5564 0.5132 0.5564 0.5132 0.6188 0.5297 0.6188 0.5132 0.7741 0.9166 0.7176 0.8021 0.7176 0.9166 0.7176 0.9166 0.6612 0.8333 0.6612 0.9166 0.7176 0.9166 0.6612 1 0.7176 1 0.7176 0.9166 0.7741 1 0.7741 0.9166 0.7176 0.625 0.7759 0.8021 0.7812 0.625 0.7176 0.5209 0.7812 0.625 0.7865 0.5209 0.7176 0.625 0.6612 0.4167 0.6612 0.625 0.7176 0.8021 0.6612 0.625 0.6612 0.8333 0.2824 0.5133 0.2258999 0.5 0.2258999 0.5133 0.2824 0.53 0.2258999 0.5133 0.2258999 0.5301 0.2824 0.5133 0.3428 0.53 0.3428 0.5133 0.2824 0.5 0.3428 0.5133 0.3388 0.5 0.875 0.9166 1 0.8333 0.875 0.8333 0.7713 0.9166 0.875 0.8333 0.75 0.8333 0.875 0.9166 0.75 1 0.875 1 0.875 0.9166 1 1 1 0.9166 0.23 0.9166 0.3066 0.8333 0.23 0.8333 0.1533 0.9166 0.23 0.8333 0.1533 0.8333 0.1533 0.9166 0.23 1 0.23 0.9166 0.23 0.9166 0.3066 1 0.3066 0.9166 0.3657 1 0.4006 1 0.3697 0.9932 0.3868 0.9899 0.4006 1 0.4086 1 0.3868 0.9899 0.3324 0.9884 0.3697 0.9932 0.3697 0.9932 0.3388 1 0.3657 1 0.6021 0.9583 0.5859 1 0.543 0.9166 0.5967 0.9166 0.543 0.9166 0.5 0.8333 0.5967 0.9166 0.6464 0.9583 0.6021 0.9583 0.6021 0.9583 0.6119 0.9661 0.591 0.9896 0.7104 0.535 0.7713 0.4016 0.7104 0.4013 0.7104 0.2676 0.7713 0.4016 0.75 0.2677 0.7104 0.2676 0.675 0.4011 0.7104 0.4013 0.7104 0.4013 0.6708 0.5347 0.7104 0.535 0.1694 0.7095 0.2258999 0.7679 0.2258999 0.7096 0.1694 0.6736 0.2258999 0.7096 0.2258999 0.6738 0.1694 0.7095 0.1342999 0.6948 0.1129 0.7094 0.1694 0.7669 0.1129 0.7094 0.1147 0.7666 1 0.875 0.9233 0.7713 0.9233 0.875 0.9233 0.875 0.8467 0.7713 0.8467 0.875 0.8467 0.875 0.9233 1 0.9233 0.875 0.9233 0.875 1 1 1 0.875 0.1532 0.9166 0.25 1 0.236 0.9166 0.125 0.8333 0.236 0.9166 0.25 0.8333 0.1532 0.9166 0 0.8333 0.0564 0.9166 0.1814 1 0.0564 0.9166 0.1129 1 0.7045 0.875 0.6611 0.7712 0.6611 0.875 0.6611 0.875 0.6188 0.7712 0.6188 0.875 0.6188 0.875 0.6464 0.9583 0.6611 0.875 0.6611 0.875 0.6934 1 0.7045 0.875 0.6188 0.875 0.5564 0.7712 0.5564 0.875 0.5564 0.875 0.4839 0.7708 0.4839 0.8733 0.4839 0.8733 0.554 0.9688 0.5564 0.875 0.5564 0.875 0.6119 0.9661 0.6188 0.875 0.0564 0.7093 0.1147 0.7666 0.1129 0.7094 0.0564 0.6686 0.1129 0.7094 0.1342999 0.6948 0.0564 0.7093 0 0.6686 0 0.7093 0.0564 0.7093 0 0.75 0.06349998 0.7683 0.3324 0.9884 0.2824 0.95 0.2824 0.9875 0.2258999 0.9869 0.2824 0.95 0.2258999 0.9491 0.2258999 0.9869 0.2824 1 0.2824 0.9875 0.2824 0.9875 0.3388 1 0.3324 0.9884 0.7104 1 0.7713 0.9166 0.7104 0.9166 0.7104 0.9166 0.75 0.8333 0.7104 0.8333 0.7104 0.8333 0.6708 0.9166 0.7104 0.9166 0.7104 0.9166 0.6708 1 0.7104 1 0.07669997 0.5372 0.1533 0.4029 0.07669997 0.4029 0.07669997 0.4029 0.1533 0.3358 0.07669997 0.3358 0.07669997 0.3358 0 0.4029 0.07669997 0.4029 0.07669997 0.4029 0 0.5372 0.07669997 0.5372 0.7701 0.7102 0.8467 0.7713 0.8467 0.7103 0.7701 0.6747 0.8467 0.7103 0.8467 0.6748 0.7701 0.7102 0.7045 0.6744 0.7045 0.7101 0.7701 0.7713 0.7045 0.7101 0.7045 0.7713 0.07669997 0.9166 0.1533 1 0.1533 0.9166 0.07669997 0.9166 0.1533 0.8333 0.07669997 0.8333 0.07669997 0.8333 0 0.9166 0.07669997 0.9166 0.07669997 1 0 0.9166 0 1 0.7701 0.875 0.8467 1 0.8467 0.875 0.7701 0.7713 0.8467 0.875 0.8467 0.7713 0.7701 0.875 0.7045 0.7713 0.7045 0.875 0.7701 1 0.7045 0.875 0.6934 1 0.5 1 0.475 1 0.5112 1 0.5112 1 0.5096 1 0.5337 1 0.5337 1 0.5475 1 0.5112 1 0.5112 1 0.537 1 0.5 1 0.2289 0.5396 0.125 0.4499 0.125 0.5396 0.125 0.5396 0 0.3601 0 0.5397 0 0.5397 0.125 0.7191 0.125 0.5396 0.125 0.5396 0.25 0.719 0.2289 0.5396 0.9435 0.6253 0.88 0.5211 0.8588 0.6251 0.8588 0.6251 0.7865 0.5209 0.7812 0.625 0.7812 0.625 0.8377 0.8021 0.8588 0.6251 0.8588 0.6251 0.8871 0.8333 0.9435 0.6253 0.3711 0.4442 0.4141 0.7961 0.3657 0.5368 0.3066 0.1942 0.3657 0.5368 0.3066 0.4627 0.3711 0.4442 0.3066 -0.07429999 0.3818 0.259 0.4355 0.6942 0.3818 0.259 0.457 0.5923 0.5 0.5395 0.4866 0.4497 0.4866 0.5395 0.4866 0.5395 0.4697 0.4497 0.4697 0.5395 0.4697 0.5395 0.4866 0.7189 0.4866 0.5395 0.4866 0.5395 0.5 0.7189 0.5 0.5395 1 0.75 0.9233 0.7813 0.9233 0.75 0.8467 0.75 0.9233 0.7813 0.8467 0.7813 0.8467 0.75 0.9233 0.75 0.9233 0.75 1 0.75 0.9233 0.75 1 0.75 0.7126 0.7395 0.6853 0.7087 0.6934 0.7081 0.6934 0.6715 0.6853 0.7087 0.6853 0.6723 0.6934 0.6715 0.6934 0.7079 0.6934 0.7081 0.7126 0.7395 0.6934 0.7079 0.7126 0.7395 0.77 0.75 0.8467 0.7813 0.7701 0.7813 0.7126 0.7395 0.7701 0.7813 0.7005 0.7634 0.77 0.75 0.7126 0.7395 0.7701 0.75 0.77 0.75 0.8467 0.75 0.8467 0.75 0.9233 0.75 1 0.75 0.9233 0.75 0.8467 0.75 0.9233 0.75 0.8467 0.75 0.9233 0.75 0.8442 0.7463 0.9134 0.7404 1 0.75 0.9134 0.7404 1 0.75 0.6934 0.7082 0.7126 0.7395 0.6934 0.7079 0.6934 0.6715 0.6934 0.7079 0.6934 0.6711 0.6934 0.7082 0.7126 0.6819 0.7126 0.7137 0.7126 0.7395 0.7126 0.7137 0.7275 0.7339 0.77 0.75 0.8467 0.75 0.7701 0.75 0.7126 0.7395 0.7701 0.75 0.7126 0.7395 0.77 0.75 0.7275 0.7339 0.7701 0.7448 0.77 0.75 0.8442 0.7463 0.8467 0.75 0.8368 0.7353 0.7701 0.7448 0.77 0.7294 0.77 0.7294 0.7275 0.7339 0.7126 0.7137 0.7126 0.7137 0.7701 0.7112 0.77 0.7294 0.77 0.7294 0.818 0.703 0.8368 0.7353 0.8837 0.7117 1 0.75 0.9134 0.7404 0.8368 0.7353 0.9134 0.7404 0.8442 0.7463 0.8837 0.7117 0.818 0.703 0.8441 0.6734 0.9208 0.6734 0.8441 0.6734 0.8416 0.5969 0.4114 0.5535 0.4839 0.5792 0.4114 0.5793 0.3428 0.5536 0.4114 0.5793 0.3428 0.5794 0.4114 0.5535 0.3428 0.53 0.4114 0.53 0.4839 0.5534 0.4114 0.53 0.4839 0.5299 0.4458 1 0.4199 0.9166 0.4458 0.9166 0.4458 0.9166 0.4186 0.8333 0.4458 0.8333 0.4458 0.8333 0.4697 0.9166 0.4458 0.9166 0.4458 0.9166 0.4731 1 0.4458 1 0.6611 0.5536 0.6853 0.58 0.6611 0.5794 0.6188 0.5533 0.6611 0.5794 0.6188 0.579 0.6611 0.5536 0.6188 0.5299 0.6611 0.53 0.6853 0.5541 0.6611 0.53 0.6882 0.5291 0.5564 0.5533 0.6188 0.579 0.5564 0.579 0.4839 0.5534 0.5564 0.579 0.4839 0.5792 0.5564 0.5533 0.4839 0.5299 0.5564 0.5299 0.6188 0.5533 0.5564 0.5299 0.6188 0.5299 0.2824 0.5536 0.3428 0.5794 0.2824 0.5794 0.2258999 0.5537 0.2824 0.5794 0.2258999 0.5795 0.2824 0.5536 0.2258999 0.5301 0.2824 0.53 0.3428 0.5536 0.2824 0.53 0.3428 0.53 0.1694 0.7095 0.1342999 0.6948 0.1694 0.6736 0.2258999 0.7096 0.1694 0.6736 0.2258999 0.6738 0.1694 0.7095 0.2263 0.7678 0.1694 0.7663 0.1129 0.7094 0.1694 0.7663 0.1129 0.766 0.0564 0.7093 0 0.6686 0.0564 0.6686 0.1129 0.7094 0.0564 0.6686 0.1342999 0.6948 0.0564 0.7093 0.1129 0.766 0.0564 0.768 0 0.7093 0.0564 0.768 0 0.75 0.4458 0.7189 0.4186 0.5395 0.4458 0.5395 0.4458 0.5395 0.4199 0.4641 0.4458 0.4497 0.4458 0.4497 0.4697 0.5395 0.4458 0.5395 0.4458 0.5395 0.4731 0.7189 0.4458 0.7189 1 0.7104 0.9233 0.6749 0.9233 0.7104 0.9233 0.7104 0.8467 0.6748 0.8467 0.7103 0.8467 0.7103 0.9233 0.7713 0.9233 0.7104 0.9233 0.7104 1 0.75 1 0.7104 0.4839 0.7098 0.4114 0.674 0.4114 0.7098 0.4114 0.7098 0.3428 0.674 0.3428 0.7097 0.3428 0.7097 0.4114 0.7695 0.4114 0.7098 0.4114 0.7098 0.4839 0.7708 0.4839 0.7098 0.2907 0.9166 0.3314 1 0.3267 0.9166 0.2907 0.8333 0.3267 0.9166 0.3314 0.8333 0.2907 0.9166 0.25 0.8333 0.236 0.9166 0.2907 1 0.236 0.9166 0.25 1 0.7045 0.7101 0.6611 0.6743 0.6611 0.71 0.6611 0.71 0.6188 0.6742 0.6188 0.7099 0.6188 0.7099 0.6611 0.7712 0.6611 0.71 0.6611 0.71 0.7045 0.7713 0.7045 0.7101 0.6188 0.7099 0.5564 0.6741 0.5564 0.7098 0.5564 0.7098 0.4839 0.6741 0.4839 0.7098 0.4839 0.7098 0.5564 0.7712 0.5564 0.7098 0.5564 0.7098 0.6188 0.7712 0.6188 0.7099 0.3428 0.7097 0.2824 0.6739 0.2824 0.7097 0.2824 0.7097 0.2258999 0.6738 0.2258999 0.7096 0.2258999 0.7096 0.2824 0.768 0.2824 0.7097 0.2824 0.7097 0.3428 0.7683 0.3428 0.7097 0.5527 0.5337 0.5783 0.4005 0.5527 0.4004 0.5527 0.4004 0.5792 0.2671 0.5527 0.267 0.5527 0.267 0.5295 0.4002 0.5527 0.4004 0.5527 0.4004 0.5261 0.5335 0.5527 0.5337 0.1129 0.554 0.1694 0.5797 0.1694 0.5539 0.1694 0.5539 0.2258999 0.5795 0.2258999 0.5537 0.2258999 0.5537 0.1694 0.5302 0.1694 0.5539 0.1694 0.5539 0.1129 0.5303 0.1129 0.554 0.0564 0.5541 0 0.5814 0.0564 0.5814 0.0564 0.5541 0.1384 0.6054 0.1129 0.554 0.1129 0.554 0.0564 0.5303 0.0564 0.5541 0 0.5542 0.0564 0.5303 0 0.5269 0.5527 1 0.5792 0.9166 0.5527 0.9166 0.5527 0.9166 0.5792 0.8333 0.5527 0.8333 0.5527 0.8333 0.5295 0.9166 0.5527 0.9166 0.5527 0.9166 0.5261 1 0.5527 1 0.7045 0.5529 0.7701 0.5785 0.7701 0.5528 0.7701 0.5528 0.8467 0.5784 0.8467 0.5528 0.8467 0.5528 0.7701 0.5296 0.7701 0.5528 0.7701 0.5528 0.7045 0.5296 0.7045 0.5529 0.2907 0.5395 0.3314 0.719 0.3314 0.5395 0.2907 0.4498 0.3314 0.5395 0.3267 0.4641 0.2907 0.5395 0.2289 0.4498 0.2289 0.5396 0.2907 0.719 0.2289 0.5396 0.25 0.719 0.6934 0.555 0.6934 0.5806 0.6934 0.5547 0.6853 0.5541 0.6934 0.5806 0.6853 0.58 0.6934 0.5547 0.6882 0.5291 0.6934 0.534 0.6934 0.5547 0.6934 0.5342 0.6934 0.555 0.6934 0.5547 0.7126 0.6014 0.6934 0.5806 0.6934 0.555 0.6934 0.5806 0.6934 0.5809 0.6934 0.5547 0.6934 0.5342 0.6934 0.534 0.7126 0.5788 0.6934 0.534 0.7104 0.5624 0.77 0.6521 0.7981 0.6763 0.7701 0.665 0.7126 0.5788 0.7701 0.665 0.7126 0.6014 0.77 0.6521 0.7104 0.5624 0.7701 0.6384 0.7974 0.6778 0.7701 0.6384 0.8467 0.75 0.6054 0.3686 0.7526 0.585 0.726 0.5593 0.7974 0.6778 0.7526 0.585 0.7981 0.6763 0.726 0.5593 0.8467 0.75 0.6995 0.5337 0.726 0.5593 0.5523 0.3173 0.6054 0.3686 0.4839 0.6472 0.4114 0.674 0.4114 0.6473 0.3428 0.6472 0.4114 0.674 0.3428 0.674 0.4114 0.6473 0.3428 0.625 0.4114 0.625 0.4114 0.6473 0.4839 0.6249 0.4839 0.6472 0.3232 0.935 0.3267 0.9166 0.3532 0.9166 0.3532 0.9166 0.3314 0.8333 0.3532 0.795 0.3532 0.795 0.375 0.9166 0.3532 0.9166 0.3232 0.935 0.375 0.9166 0.3422 0.9323 0.6853 0.6458 0.6611 0.673 0.6611 0.6464 0.6611 0.6464 0.6188 0.6736 0.6188 0.6468 0.6188 0.6468 0.6611 0.6245 0.6611 0.6464 0.6611 0.6464 0.6853 0.6244 0.6853 0.6458 0.6188 0.6468 0.5564 0.6739 0.5564 0.6471 0.5564 0.6471 0.4839 0.674 0.4839 0.6472 0.4839 0.6472 0.5564 0.6248 0.5564 0.6471 0.5564 0.6471 0.6188 0.6246 0.6188 0.6468 0.2824 0.6472 0.3428 0.674 0.2824 0.6739 0.2258999 0.6471 0.2824 0.6739 0.2258999 0.6738 0.2824 0.6472 0.2258999 0.625 0.2824 0.625 0.3428 0.6472 0.2824 0.625 0.3428 0.625 0.1694 0.603 0.1384 0.6054 0.1694 0.5797 0.2258999 0.6029 0.1694 0.5797 0.2258999 0.5795 0.1694 0.603 0.2258999 0.625 0.1694 0.625 0.1625 0.6527 0.1694 0.625 0.1597999 0.6719 0.3613 0.9296 0.2657 0.7907 0.2548 0.8016 0.1625 0.6527 0.2657 0.7907 0.1384 0.6054 0.2548 0.8016 0.1597999 0.6719 0.244 0.8125 0.3613 0.9296 0.244 0.8125 0.3422 0.9323 0.3532 0.795 0.3314 0.5967 0.3532 0.5967 0.3532 0.5967 0.3267 0.4641 0.3532 0.4784 0.3532 0.4784 0.375 0.5967 0.3532 0.5967 0.3532 0.5967 0.375 0.795 0.3532 0.795 0.9311 0.5936 0.9233 0.5783 0.9233 0.6021 0.9233 0.6021 0.8467 0.5784 0.8467 0.6022 0.8467 0.6022 0.9233 0.625 0.9233 0.6021 0.9233 0.6021 0.934 0.6137 0.9311 0.5936 0.4839 0.6027 0.4114 0.5793 0.4114 0.6027 0.4114 0.6027 0.3428 0.5794 0.3428 0.6028 0.3428 0.6028 0.4114 0.625 0.4114 0.6027 0.4114 0.6027 0.4839 0.625 0.4839 0.6027 0.3968 0.9166 0.4186 1 0.4199 0.9166 0.3968 0.795 0.4199 0.9166 0.4186 0.8333 0.3968 0.9166 0.375 0.795 0.375 0.9166 0.3968 0.9166 0.3422 0.9323 0.3613 0.9296 0.7045 0.6022 0.6611 0.5786 0.6611 0.6022 0.6611 0.6022 0.6188 0.5788 0.6188 0.6023 0.6188 0.6023 0.6611 0.6248 0.6611 0.6022 0.6611 0.6022 0.7045 0.6249 0.7045 0.6022 0.6188 0.6023 0.5564 0.579 0.5564 0.6025 0.5564 0.6025 0.4839 0.5792 0.4839 0.6027 0.4839 0.6027 0.5564 0.6249 0.5564 0.6025 0.5564 0.6025 0.6188 0.6248 0.6188 0.6023 0.3428 0.6028 0.2824 0.5794 0.2824 0.6028 0.2824 0.6028 0.2258999 0.5795 0.2258999 0.6029 0.2258999 0.6029 0.2824 0.625 0.2824 0.6028 0.2824 0.6028 0.3428 0.625 0.3428 0.6028 0.6919 0.5153 0.675 0.4011 0.6479 0.4009 0.6479 0.4009 0.6708 0.2674 0.6727 0.3611 0.6727 0.3611 0.625 0.4008 0.6479 0.4009 0.6479 0.4009 0.6719 0.5123 0.6919 0.5153 0.1571 0.691 0.1694 0.6736 0.1694 0.647 0.1694 0.647 0.2258999 0.6738 0.2258999 0.6471 0.2258999 0.6471 0.1694 0.625 0.1694 0.647 0.1694 0.647 0.1597999 0.6719 0.1571 0.691 0.3232 0.935 0.2222 0.8343 0.2330999 0.8234 0.2330999 0.8234 0.1342999 0.6948 0.1571 0.691 0.1571 0.691 0.2439 0.8125 0.2330999 0.8234 0.2330999 0.8234 0.3422 0.9323 0.3232 0.935 0.9368 0.6337 0.8354 0.6027 0.8239 0.5912 0.8239 0.5912 0.6708 0.5347 0.6919 0.5153 0.6919 0.5153 0.8125 0.5797 0.8239 0.5912 0.8239 0.5912 0.934 0.6137 0.9368 0.6337 0.7045 0.6475 0.7701 0.6747 0.7701 0.6477 0.7701 0.6477 0.8467 0.6748 0.8467 0.6478 0.8467 0.6478 0.7701 0.6249 0.7701 0.6477 0.7701 0.6477 0.7045 0.6249 0.7045 0.6475 0.3968 0.5967 0.4186 0.8333 0.4186 0.5967 0.3968 0.4784 0.4186 0.5967 0.4199 0.4641 0.3968 0.5967 0.375 0.4784 0.375 0.5967 0.3968 0.795 0.375 0.5967 0.375 0.795 0.6934 0.6453 0.6934 0.6711 0.6934 0.6715 0.6934 0.6453 0.6853 0.6723 0.6853 0.6458 0.6934 0.6453 0.6853 0.6244 0.6934 0.6242 0.6934 0.6453 0.6934 0.6242 0.6934 0.645 0.7126 0.6588 0.6934 0.6715 0.6934 0.6453 0.6934 0.6453 0.6934 0.6711 0.6934 0.645 0.6934 0.645 0.6934 0.6243 0.6934 0.6453 0.7126 0.6588 0.6934 0.6243 0.7126 0.6401 0.77 0.698 0.818 0.703 0.7701 0.7112 0.77 0.698 0.7126 0.6819 0.7126 0.6588 0.77 0.698 0.7126 0.6401 0.7701 0.6872 0.8027 0.6767 0.7701 0.6872 0.7998 0.674 0.6727 0.3611 0.7587 0.5087 0.7473 0.5087 0.8027 0.6767 0.7587 0.5087 0.818 0.703 0.7473 0.5087 0.7998 0.674 0.7358 0.5086 0.7473 0.5087 0.6527 0.361 0.6727 0.3611 0.1694 0.5539 0.1129 0.5303 0.1694 0.5302 0.2258999 0.5537 0.1694 0.5302 0.2258999 0.5301 0.1694 0.5539 0.2258999 0.5795 0.1694 0.5797 0.1129 0.554 0.1694 0.5797 0.1384 0.6054 0 0.5542 0.0564 0.5303 0.0564 0.5541 0.1129 0.554 0.0564 0.5303 0.1129 0.5303 0.0564 0.5541 0.1384 0.6054 0.0564 0.5814 0.0564 0.5541 0 0.5814 0 0.5542 1 0.5527 0.9233 0.5295 0.9233 0.5527 0.9233 0.5527 0.8467 0.5296 0.8467 0.5528 0.8467 0.5528 0.9233 0.5783 0.9233 0.5527 0.9233 0.5527 1 0.5792 1 0.5527 0.4839 0.5534 0.4114 0.53 0.4114 0.5535 0.4114 0.5535 0.3428 0.53 0.3428 0.5536 0.3428 0.5536 0.4114 0.5793 0.4114 0.5535 0.4114 0.5535 0.4839 0.5792 0.4839 0.5534 0.4458 0.9166 0.4731 1 0.4697 0.9166 0.4458 0.8333 0.4697 0.9166 0.4731 0.8333 0.4458 0.9166 0.4186 0.8333 0.4199 0.9166 0.4458 1 0.4199 0.9166 0.4186 1 0.7045 0.5529 0.6611 0.5297 0.6611 0.553 0.6611 0.553 0.6188 0.5297 0.6188 0.5531 0.6188 0.5531 0.6611 0.5786 0.6611 0.553 0.6611 0.553 0.7045 0.5786 0.7045 0.5529 0.6188 0.5531 0.5564 0.5298 0.5564 0.5533 0.5564 0.5533 0.4839 0.5299 0.4839 0.5534 0.4839 0.5534 0.5564 0.579 0.5564 0.5533 0.5564 0.5533 0.6188 0.5788 0.6188 0.5531 0.3428 0.5536 0.2824 0.53 0.2824 0.5536 0.2824 0.5536 0.2258999 0.5301 0.2258999 0.5537 0.2258999 0.5537 0.2824 0.5794 0.2824 0.5536 0.2824 0.5536 0.3428 0.5794 0.3428 0.5536 0.4458 0.5395 0.4731 0.7189 0.4697 0.5395 0.4458 0.4497 0.4697 0.5395 0.4697 0.4497 0.4458 0.5395 0.4199 0.4641 0.4186 0.5395 0.4458 0.7189 0.4186 0.5395 0.4186 0.7189 0.4114 0.5133 0.4839 0.5299 0.4114 0.53 0.3428 0.5133 0.4114 0.53 0.3428 0.53 0.4114 0.5133 0.3388 0.5 0.4114 0.5 0.4839 0.5133 0.4114 0.5 0.4839 0.5 0.4866 1 0.4697 0.9166 0.4866 0.9166 0.4866 0.9166 0.4731 0.8333 0.4866 0.8333 0.4866 0.8333 0.5 0.9166 0.4866 0.9166 0.4866 0.9166 0.5 1 0.4866 1 0.6611 0.5133 0.6882 0.5291 0.6611 0.53 0.6188 0.5132 0.6611 0.53 0.6188 0.5299 0.6188 0.5132 0.6611 0.5 0.6611 0.5133 0.6611 0.5133 0.6934 0.5 0.6853 0.5134 0.5564 0.5132 0.6188 0.5299 0.5564 0.5299 0.4839 0.5133 0.5564 0.5299 0.4839 0.5299 0.5564 0.5132 0.4839 0.5 0.5564 0.5 0.5564 0.5132 0.6289 0.5 0.6188 0.5132 0.2824 0.5133 0.3428 0.53 0.2824 0.53 0.2258999 0.5133 0.2824 0.53 0.2258999 0.5301 0.2824 0.5133 0.2258999 0.5 0.2824 0.5 0.3428 0.5133 0.2824 0.5 0.3388 0.5 0.4866 0.7189 0.4697 0.5395 0.4866 0.5395 0.4866 0.5395 0.4697 0.4497 0.4866 0.4497 0.4866 0.4497 0.5 0.5395 0.4866 0.5395 0.4866 0.5395 0.5 0.7189 0.4866 0.7189 0.5131 0.5334 0.5295 0.4002 0.5131 0.4001 0.5131 0.2668 0.5295 0.4002 0.5261 0.2669 0.5131 0.2668 0.5 0.4 0.5131 0.4001 0.5131 0.4001 0.5 0.5333 0.5131 0.5334 0.1129 0.5134 0.1694 0.5302 0.1694 0.5134 0.1694 0.5134 0.2258999 0.5301 0.2258999 0.5133 0.2258999 0.5133 0.1694 0.5 0.1694 0.5134 0.1694 0.5134 0.1129 0.5 0.1129 0.5134 0.0564 0.5134 0 0.5269 0.0564 0.5303 0.0564 0.5134 0.1129 0.5303 0.1129 0.5134 0.1129 0.5134 0.0564 0.5 0.0564 0.5134 0 0.5134 0.0564 0.5 0 0.5 0.5131 1 0.5295 0.9166 0.5131 0.9166 0.5131 0.9166 0.5261 0.8333 0.5131 0.8333 0.5131 0.8333 0.5 0.9166 0.5131 0.9166 0.5131 0.9166 0.5 1 0.5131 1 0.7045 0.5131 0.7701 0.5296 0.7701 0.5131 0.7701 0.5131 0.8467 0.5296 0.8467 0.5131 0.8467 0.5131 0.7701 0.5 0.7701 0.5131 0.7701 0.5131 0.6934 0.5 0.7045 0.5131 0.6853 0.5134 0.6934 0.5 0.6934 0.5134 0.6934 0.5134 0.6934 0.5 0.6934 0.5134 0.6934 0.5134 0.6934 0.5236 0.6934 0.5134 0.6853 0.5134 0.6934 0.5236 0.6882 0.5291 0.6934 0.534 0.6934 0.5236 0.6934 0.5271 0.6934 0.5271 0.6934 0.5236 0.6934 0.5271 0.6934 0.5271 0.6934 0.5273 0.6934 0.5271 0.6934 0.5271 0.6934 0.5342 0.6934 0.534 0.6934 0.534 0.6934 0.5273 0.6934 0.5271 0.6934 0.5271 0.6934 0.5273 0.6934 0.5271 0.6934 0.5271 0.6934 0.5269 0.6934 0.5269 0.6934 0.5271 0.7104 0.5624 0.6934 0.534 0.6934 0.5134 0.6934 0.5 0.6934 0.5134 0.6934 0.5134 0.6934 0.5 0.6934 0.5 0.6934 0.5134 0.6934 0.521 0.6934 0.5236 0.6934 0.5134 0.6934 0.5236 0.6934 0.5134 0.6934 0.5271 0.6934 0.5236 0.6934 0.5271 0.6934 0.5271 0.6934 0.5236 0.6934 0.521 0.6934 0.5271 0.6934 0.5274 0.6934 0.5273 0.6934 0.5271 0.6934 0.5273 0.6934 0.5271 0.6934 0.5271 0.6934 0.5273 0.6934 0.5271 0.6934 0.5271 0.6934 0.5274 0.6934 0.5271 0.6934 0.5271 0.6934 0.5269 0.6934 0.5271 0.6934 0.5271 0.6934 0.5269 0.6934 0.5269 0.6934 0.5134 0.6934 0.5 0.6934 0.5134 0.6934 0.5134 0.6934 0.5 0.6934 0.5134 0.6934 0.5134 0.6934 0.5269 0.6934 0.5134 0.6934 0.5134 0.6934 0.521 0.6934 0.5134 0.6934 0.5134 0.6934 0.5 0.6934 0.5134 0.6934 0.5134 0.6934 0.5 0.6934 0.5134 0.6934 0.5134 0.6934 0.5269 0.6934 0.5269 0.6934 0.5134 0.6934 0.5269 0.6934 0.5134 0.4114 0.6027 0.4839 0.6249 0.4114 0.625 0.3428 0.6028 0.4114 0.625 0.3428 0.625 0.4114 0.6027 0.3428 0.5794 0.4114 0.5793 0.4839 0.6027 0.4114 0.5793 0.4839 0.5792 0.3968 0.9166 0.3422 0.9323 0.375 0.9166 0.3968 0.9166 0.375 0.795 0.3968 0.795 0.3968 0.795 0.4199 0.9166 0.3968 0.9166 0.3968 0.9166 0.4186 1 0.3613 0.9296 0.6611 0.6026 0.6853 0.6244 0.6611 0.6245 0.6188 0.6024 0.6611 0.6245 0.6188 0.6246 0.6611 0.6026 0.6188 0.579 0.6611 0.5794 0.6853 0.6029 0.6611 0.5794 0.6853 0.58 0.5564 0.6025 0.6188 0.6246 0.5564 0.6248 0.4839 0.6027 0.5564 0.6248 0.4839 0.6249 0.5564 0.6025 0.4839 0.5792 0.5564 0.579 0.6188 0.6024 0.5564 0.579 0.6188 0.579 0.2824 0.6028 0.3428 0.625 0.2824 0.625 0.2258999 0.6029 0.2824 0.625 0.2258999 0.625 0.2824 0.6028 0.2258999 0.5795 0.2824 0.5794 0.3428 0.6028 0.2824 0.5794 0.3428 0.5794 0.1694 0.647 0.1597999 0.6719 0.1694 0.625 0.2258999 0.6471 0.1694 0.625 0.2258999 0.625 0.1694 0.647 0.2258999 0.6738 0.1694 0.6736 0.1571 0.691 0.1694 0.6736 0.1342999 0.6948 0.2330999 0.8234 0.3422 0.9323 0.244 0.8125 0.1571 0.691 0.244 0.8125 0.1597999 0.6719 0.2330999 0.8234 0.1342999 0.6948 0.2222 0.8343 0.3232 0.935 0.2222 0.8343 0.3314 1 0.3968 0.795 0.375 0.5967 0.3968 0.5967 0.3968 0.5967 0.375 0.4784 0.3968 0.4784 0.3968 0.4784 0.4186 0.5967 0.3968 0.5967 0.3968 0.5967 0.4186 0.8333 0.3968 0.795 0.9368 0.6337 0.9233 0.625 0.9233 0.6479 0.9233 0.6479 0.8467 0.625 0.8467 0.6478 0.8467 0.6478 0.9233 0.6749 0.9233 0.6479 0.9233 0.6479 1 0.6708 0.9368 0.6337 0.4839 0.6473 0.4114 0.625 0.4114 0.6473 0.4114 0.6473 0.3428 0.625 0.3428 0.6472 0.3428 0.6472 0.4114 0.674 0.4114 0.6473 0.4114 0.6473 0.4839 0.6741 0.4839 0.6473 0.3232 0.935 0.375 0.9166 0.3532 0.9166 0.3532 0.795 0.375 0.9166 0.375 0.795 0.3532 0.9166 0.3314 0.8333 0.3267 0.9166 0.3232 0.935 0.3267 0.9166 0.3314 1 0.7045 0.6475 0.6611 0.6248 0.6611 0.6474 0.6611 0.6474 0.6188 0.6248 0.6188 0.6473 0.6188 0.6473 0.6611 0.6743 0.6611 0.6474 0.6611 0.6474 0.7045 0.6744 0.7045 0.6475 0.6188 0.6473 0.5564 0.6249 0.5564 0.6473 0.5564 0.6473 0.4839 0.625 0.4839 0.6473 0.4839 0.6473 0.5564 0.6741 0.5564 0.6473 0.5564 0.6473 0.6188 0.6742 0.6188 0.6473 0.3428 0.6472 0.2824 0.625 0.2824 0.6472 0.2824 0.6472 0.2258999 0.625 0.2258999 0.6471 0.2258999 0.6471 0.2824 0.6739 0.2824 0.6472 0.2824 0.6472 0.3428 0.674 0.3428 0.6472 0.6518 0.5092 0.625 0.4008 0.6021 0.4006 0.6021 0.4006 0.6527 0.361 0.6327 0.3609 0.6327 0.3609 0.5783 0.4005 0.6021 0.4006 0.6021 0.4006 0.5792 0.5339 0.6518 0.5092 0.1625 0.6527 0.1694 0.625 0.1694 0.603 0.1694 0.603 0.2258999 0.625 0.2258999 0.6029 0.2258999 0.6029 0.1694 0.5797 0.1694 0.603 0.1694 0.603 0.1384 0.6054 0.1625 0.6527 0.3613 0.9296 0.2439 0.8125 0.2548 0.8016 0.2548 0.8016 0.1597999 0.6719 0.1625 0.6527 0.1625 0.6527 0.2657 0.7907 0.2548 0.8016 0.3613 0.9296 0.2657 0.7907 0.4186 1 0.9311 0.5936 0.8125 0.5797 0.8011 0.5681 0.8011 0.5681 0.6719 0.5123 0.6518 0.5092 0.6518 0.5092 0.7896 0.5566 0.8011 0.5681 0.8011 0.5681 1 0.5792 0.9311 0.5936 0.7045 0.6022 0.7701 0.6249 0.7701 0.6022 0.7701 0.6022 0.8467 0.625 0.8467 0.6022 0.8467 0.6022 0.7701 0.5785 0.7701 0.6022 0.7701 0.6022 0.7045 0.5786 0.7045 0.6022 0.3532 0.5967 0.375 0.795 0.375 0.5967 0.3532 0.4784 0.375 0.5967 0.375 0.4784 0.3532 0.5967 0.3267 0.4641 0.3314 0.5967 0.3532 0.795 0.3314 0.5967 0.3314 0.8333 0.6934 0.6034 0.6934 0.6242 0.6934 0.6032 0.6934 0.6032 0.6853 0.6244 0.6853 0.6029 0.6934 0.6032 0.6853 0.58 0.6934 0.5806 0.6934 0.6032 0.6934 0.5809 0.6934 0.6034 0.6934 0.6033 0.7126 0.6401 0.6934 0.6243 0.6934 0.6033 0.6934 0.6242 0.6934 0.6034 0.6934 0.6033 0.6934 0.5809 0.6934 0.5806 0.7126 0.6214 0.6934 0.5806 0.7126 0.6014 0.77 0.6765 0.7998 0.674 0.7701 0.6872 0.7126 0.6214 0.7701 0.6872 0.7126 0.6401 0.77 0.6765 0.7126 0.6014 0.7701 0.665 0.797 0.6713 0.7701 0.665 0.7981 0.6763 0.6327 0.3609 0.7358 0.5086 0.7244 0.5086 0.797 0.6713 0.7358 0.5086 0.7998 0.674 0.7244 0.5086 0.7981 0.6763 0.713 0.5085 0.7244 0.5086 0.5792 0.2671 0.6327 0.3609 0.1412 0.9807 0.1161 0.9193 0.1623 0.9398 0.2203 0.9865 0.1623 0.9398 0.2264 0.9485 0.1412 0.9807 0.2258999 1 0.1129 1 0.0776 0.9485 0.1129 1 0 1 0.2203 0.9865 0.2914 0.9583 0.2884 0.993 0.2884 0.993 0.3618 0.9783 0.3414 0.9983 0.2884 0.993 0.3388 1 0.2824 1 0.2203 0.9865 0.2824 1 0.2258999 1 0.08469998 0.8639 0.1129 1 0.12 0.9506 0.12 0.8568 0.12 0.9506 0.1349 0.922 0.08469998 0.8639 0.1147 0.7666 0.06349998 0.7683 0.0564 0.875 0.06349998 0.7683 0 0.75 0.1694 0.8581 0.1349 0.922 0.1694 0.9434 0.1694 0.8581 0.2258999 0.9491 0.2258999 0.8619 0.2258999 0.8619 0.1694 0.7669 0.1694 0.8581 0.1694 0.8581 0.1147 0.7666 0.12 0.8568 0.2258999 0.8619 0.2824 0.95 0.2824 0.8625 0.2824 0.8625 0.3462 0.9611 0.3428 0.8634 0.3428 0.8634 0.2824 0.768 0.2824 0.8625 0.2824 0.8625 0.2258999 0.7679 0.2258999 0.8619 0.3428 0.8634 0.4161 0.9586 0.4114 0.8682 0.4114 0.8682 0.4848 0.9662 0.4839 0.8733 0.4839 0.8733 0.4114 0.7695 0.4114 0.8682 0.4114 0.8682 0.3428 0.7683 0.3428 0.8634 0.4302 0.9932 0.3462 0.9611 0.3868 0.9899 0.4302 0.9932 0.4086 1 0.449 1 0.449 1 0.4876 0.9983 0.4302 0.9932 0.4161 0.9586 0.4876 0.9983 0.4848 0.9662 0.4599 1 0.5126 1 0.4886 1 0.4886 1 0.5309 1 0.503 1 0.503 1 0.4588 1 0.4886 1 0.4886 1 0.4397 1 0.4599 1 0.4886 1 0.5309 1 0.5126 1 0.4599 1 0.5126 1 0.48 1 0.4886 1 0.4397 1 0.4588 1 0.4886 1 0.4779 1 0.503 1 0.4362 1 0.4087 1 0.3959 1 0.4362 1 0.3618 0.9783 0.4251 0.9688 0.4251 0.9688 0.4891 1 0.4362 1 0.449 1 0.4891 1 0.4893 1 0.4251 0.9688 0.3518 0.8733 0.4174 0.875 0.4174 0.875 0.3451 0.7707 0.4129 0.7712 0.4129 0.7712 0.4854 0.875 0.4174 0.875 0.4174 0.875 0.4871 0.9688 0.4251 0.9688 0.875 0.3948 1 0.3333 1 0.3948 0.875 0.4563 1 0.3948 1 0.4563 0.875 0.4563 0.75 0.3948 0.875 0.3948 0.875 0.3487 0.75 0.3948 0.75 0.3487 0.1589 0.3948 0.2859 0.3894 0.2878 0.4326 0.1589 0.4563 0.2878 0.4326 0.3512 0.4861 0.1589 0.3948 0 0.4563 0 0.3948 0.1582 0.3487 0 0.3948 0 0.3333 0.5281 1 0.5374 1 0.5239 1 0.5239 1 0.523 1 0.5152 1 0.5239 1 0.5033 1 0.5048 1 0.5239 1 0.5052 1 0.5281 1 0.1561 0.3333 0 0.3333 0 0.3333 0.1533 0.3333 0 0.3333 0 0.3333 0.1561 0.3333 0.3066 0.3333 0.2822 0.375 0.1582 0.3487 0.2822 0.375 0.2859 0.3894 0.4812 1 0.457 1 0.4812 1 0.5054 1 0.4812 1 0.5054 1 0.4812 1 0.5054 1 0.4812 1 0.454 0.9583 0.4812 1 0.4575 0.9739 0.5975 0.6974 0.6612 0.3333 0.6151 0.5253 0.5975 0.6974 0.6099 0.5524 0.5884 0.7259 0.5884 0.7259 0.551 0.9244 0.5975 0.6974 0.6075 0.6666 0.551 0.9244 0.5504 0.9603 0.4704 1 0.4463 1 0.4704 1 0.4704 1 0.4946 1 0.4946 1 0.4946 1 0.4704 1 0.4704 1 0.4704 1 0.4698 0.9772 0.4463 1 0.1582 0.6513 0.2876 0.6875 0.1561 0.6667 0.1561 0.6667 0.3066 0.6667 0.1533 0.6667 0.1533 0.6667 0 0.6667 0.1561 0.6667 0.1561 0.6667 0 0.6667 0.1582 0.6513 0.875 0.6513 1 0.6667 0.875 0.6667 0.875 0.6667 1 0.6667 0.875 0.6667 0.875 0.6667 0.75 0.6667 0.875 0.6667 0.875 0.6667 0.75 0.6513 0.875 0.6513 0.2878 0.4326 0.3525 0.5115 0.3566 0.5461 0.3953 0.6974 0.3525 0.5115 0.3887 0.6744 0.3953 0.6974 0.3603 0.5889 0.3566 0.5461 0.3566 0.5461 0.3512 0.4861 0.2878 0.4326 0.3525 0.5115 0.2822 0.375 0.3484 0.5 0.3484 0.5 0.3066 0.3333 0.3442 0.5 0.3442 0.5 0.3846 0.6667 0.3484 0.5 0.3484 0.5 0.3887 0.6744 0.3525 0.5115 0.5225 0.9792 0.4839 0.9166 0.4853 0.9166 0.4276 0.8333 0.4839 0.9166 0.4248 0.8333 0.4276 0.8333 0.4834 0.9128 0.4853 0.9166 0.4853 0.9166 0.5278 0.986 0.5225 0.9792 0.5074 1 0.4952 1 0.5134 1 0.5134 1 0.4948 1 0.5175 1 0.5134 1 0.5275 1 0.5263 1 0.5134 1 0.5143 1 0.5074 1 0.5295 1 0.5054 1 0.5295 1 0.5295 1 0.5537 1 0.5537 1 0.5295 1 0.5504 0.9603 0.5295 1 0.5054 1 0.5295 1 0.5054 1 0.4946 1 0.5188 1 0.5188 1 0.5188 1 0.543 1 0.5225 0.9792 0.5225 0.9792 0.5188 1 0.5188 1 0.5188 1 0.4946 1 0.4946 1 0.4812 1 0.4725 1 0.4665 1 0.4812 1 0.4665 1 0.4575 0.9739 0.4812 1 0.5054 1 0.5054 1 0.4825 1 0.5054 1 0.5052 1 0.5295 1 0.5052 1 0.5054 1 0.5295 1 0.5054 1 0.5054 1 0.5295 1 0.5439 1 0.5295 1 0.5295 1 0.5384 1 0.5281 1 0.5439 1 0.551 0.9244 0.5387 1 0.5387 1 0.5352 0.9315 0.5216 1 0.5216 1 0.5374 1 0.5387 1 0.5387 1 0.5384 1 0.5439 1 0.4704 1 0.4616 1 0.4561 1 0.4704 1 0.4561 1 0.4698 0.9772 0.4704 1 0.4946 1 0.4704 1 0.4704 1 0.4948 1 0.4718 1 0.5175 1 0.4946 1 0.5188 1 0.5188 1 0.4946 1 0.5188 1 0.5188 1 0.5335 1 0.5188 1 0.5188 1 0.5275 1 0.5175 1 0.5292 1 0.5278 0.986 0.5146 0.9753 0.5292 1 0.5009 0.9718 0.515 1 0.515 1 0.5263 1 0.5292 1 0.5335 1 0.5263 1 0.5275 1 0.875 0.6052 1 0.5437 1 0.6052 0.875 0.6052 1 0.6667 0.875 0.6513 0.875 0.6513 0.75 0.6052 0.875 0.6052 0.875 0.6052 0.75 0.5437 0.875 0.5437 0.1589 0.6052 0.3527 0.5764 0.2912 0.6299 0.1589 0.6052 0.2908 0.6731 0.1582 0.6513 0.1582 0.6513 0 0.6052 0.1589 0.6052 0.1589 0.5437 0 0.6052 0 0.5437 0.4761 1 0.477 1 0.4626 1 0.4718 1 0.4626 1 0.4616 1 0.4761 1 0.4948 1 0.4952 1 0.4761 1 0.4967 1 0.4848 1 0.5728 0.7741 0.6612 0.6052 0.5637 0.8026 0.5637 0.8026 0.6612 0.6667 0.5537 0.8334 0.5537 0.8334 0.4893 0.9506 0.5637 0.8026 0.5728 0.7741 0.4893 0.9506 0.5051 0.9435 0.4638 0.887 0.5146 0.9753 0.4748 0.9013 0.4834 0.9128 0.5146 0.9753 0.5278 0.986 0.4748 0.9013 0.4277 0.8256 0.4225 0.8026 0.4638 0.887 0.4225 0.8026 0.4151 0.7741 0.5048 1 0.4926 1 0.4866 1 0.4866 1 0.4857 1 0.4737 1 0.4866 1 0.4725 1 0.4825 1 0.4866 1 0.5052 1 0.5048 1 0.4626 1 0.4784 1 0.4613 1 0.4613 1 0.5051 0.9435 0.4893 0.9506 0.4893 0.9506 0.4561 1 0.4613 1 0.4613 1 0.4616 1 0.4626 1 0.4737 1 0.485 1 0.4708 1 0.4708 1 0.4763 0.9657 0.4627 0.9622 0.4708 1 0.4575 0.9739 0.4665 1 0.4737 1 0.4665 1 0.4725 1 1 0.5 1 0.4563 0.9147 0.5 1 0.5437 0.9147 0.5 1 0.5437 1 0.5437 1 0.5 1 0.5 1 0.5 1 0.4563 1 0.4563 0.9147 0.5 0.6589 0.4563 0.6589 0.5 0.6589 0.5 0.3512 0.4861 0.4145 0.5313 0.4145 0.5313 0.6589 0.5437 0.6589 0.5 0.6589 0.5 1 0.5437 0.9147 0.5 0.5 1 0.5152 1 0.5 1 0.5 1 0.523 1 0.5 1 0.5 1 0.4848 1 0.5 1 0.5 1 0.4848 1 0.4967 1 0.5202 0.9375 0.5884 0.7259 0.5806 0.75 0.6209 0.5833 0.5884 0.7259 0.6099 0.5524 0.5806 0.75 0.6297 0.6351 0.5728 0.7741 0.5806 0.75 0.5051 0.9435 0.5202 0.9375 0.4545 0.875 0.4763 0.9657 0.4886 0.9688 0.4545 0.875 0.5009 0.9718 0.4638 0.887 0.4545 0.875 0.4151 0.7741 0.4089 0.75 0.4451 0.863 0.4089 0.75 0.4027 0.7259 0.5 1 0.4967 1 0.5074 1 0.5 1 0.5074 1 0.5143 1 0.5 1 0.4926 1 0.5 1 0.5 1 0.5033 1 0.5 1 0.5 1 0.5216 1 0.5 1 0.5 1 0.5352 0.9315 0.5202 0.9375 0.5202 0.9375 0.4784 1 0.5 1 0.5 1 0.477 1 0.5 1 0.5 1 0.5143 1 0.515 1 0.4886 0.9688 0.515 1 0.5009 0.9718 0.4886 0.9688 0.485 1 0.5 1 0.5 1 0.4857 1 0.5 1 0.5 0.3333 0.625 0.3333 0.625 0.3333 0.625 0.3333 0.75 0.3333 0.75 0.3333 0.75 0.3333 0.625 0.3487 0.625 0.3333 0.625 0.3333 0.5 0.3333 0.5 0.3333 0.5671 0.6945 0.6074 0.6667 0.5805 0.625 0.5805 0.625 0.6253 0.5556 0.594 0.5556 0.594 0.5556 0.5537 0.5834 0.5805 0.625 0.5805 0.625 0.5447 0.6111 0.5671 0.6945 0.4167 0.4094 0.5067 0.4973 0.5 0.4474 0.5 0.4474 0.5287 0.5381 0.5833 0.4854 0.5833 0.4854 0.5156 0.408 0.5 0.4474 0.5 0.4474 0.375 0.3856 0.4167 0.4094 0.4167 0.3846 0.5156 0.408 0.5625 0.3948 0.5625 0.3948 0.6563 0.4303 0.7083 0.4051 0.7083 0.4051 0.625 0.3948 0.5625 0.3948 0.5625 0.3948 0.5 0.3948 0.4167 0.3846 0.5 0.541 0.7031 0.4288 0.625 0.5308 0.625 0.5308 0.8021 0.4134 0.75 0.5205 0.75 0.5205 0.5514 0.6119 0.625 0.5308 0.625 0.5308 0.4397 0.624 0.5 0.541 0.594 0.5556 0.6432 0.4444 0.6074 0.4861 0.6074 0.4861 0.6612 0.3333 0.6209 0.4166 0.6209 0.4166 0.5716 0.5278 0.6074 0.4861 0.6074 0.4861 0.5627 0.5556 0.594 0.5556 0.5224 0.5278 0.4628 0.4157 0.5179 0.5139 0.5134 0.5 0.4628 0.4157 0.5 0.3333 0.5179 0.5139 0.5268 0.6666 0.5358 0.6389 0.5179 0.5139 0.5447 0.6111 0.5224 0.5278 0.5833 0.4854 0.5506 0.5788 0.6667 0.5235 0.6667 0.5235 0.5 0.6667 0.75 0.5615 0.75 0.5615 0.7969 0.4526 0.6667 0.5235 0.6667 0.5235 0.6563 0.4303 0.5833 0.4854 0.4167 0.4094 0.2344 0.3633 0.3333 0.3713 0.3333 0.3713 0 0.3333 0.25 0.3333 0.3333 0.3713 0.5 0.3333 0.4628 0.4157 0.3333 0.3713 0.4848 0.4565 0.4167 0.4094 0.7083 0.4051 0.7969 0.4526 0.8542 0.4153 1 0.4255 0.7969 0.4526 1 0.4563 0.8542 0.4153 1 0.3948 0.875 0.3948 0.8542 0.4153 0.75 0.3948 0.7083 0.4051 0.5833 0.4051 0.5052 0.4595 0.4792 0.4153 0.375 0.4255 0.5052 0.4595 0.5 0.4563 0.4792 0.4153 0.25 0.3948 0.375 0.3948 0.4792 0.4153 0.5 0.3948 0.5833 0.4051 0.75 0.5205 0.901 0.398 0.875 0.5102 1 0.5 0.901 0.398 1 0.3333 0.875 0.5102 1 0.6667 0.8088 0.6407 0.875 0.5102 0.6835 0.6205 0.75 0.5205 0.5 0.541 0.1666 0.6667 0.375 0.5512 0.375 0.5512 0 0.6667 0.25 0.5615 0.25 0.5615 0.5052 0.4595 0.375 0.5512 0.375 0.5512 0.6042 0.4442 0.5 0.541 0.5288 0.5801 0.6151 0.5253 0.5403 0.6141 0.5833 0.6666 0.6151 0.5253 0.6612 0.3333 0.5833 0.6666 0.4193 0.8334 0.5403 0.6141 0.5403 0.6141 0.4397 0.624 0.5288 0.5801 0.6505 0.6283 0.8088 0.6407 0.6935 0.7193 0.7232 0.8334 0.8088 0.6407 1 0.6667 0.7232 0.8334 0.5537 0.7718 0.6935 0.7193 0.6935 0.7193 0.6297 0.6351 0.6505 0.6283 0.5288 0.5801 0.5514 0.6119 0.5806 0.5834 0.5806 0.5834 0.6835 0.6205 0.6505 0.6283 0.6505 0.6283 0.6209 0.5833 0.5806 0.5834 0.5806 0.5834 0.6099 0.5524 0.5288 0.5801 0.4341 0.8487 0.3887 0.6744 0.4248 0.8372 0.4627 0.9622 0.4248 0.8372 0.4575 0.9739 0.4627 0.9622 0.4451 0.863 0.4341 0.8487 0.4341 0.8487 0.4027 0.7259 0.3953 0.6974 0.4248 0.8372 0.3846 0.6667 0.4208 0.8334 0.4194 0.8334 0.3846 0.6667 0.3818 0.6667 0.4194 0.8334 0.454 0.9583 0.4208 0.8334 0.4208 0.8334 0.4575 0.9739 0.4248 0.8372 0.4276 0.8333 0.3657 0.75 0.3699 0.75 0.3699 0.75 0.3066 0.6667 0.2876 0.6875 0.2876 0.6875 0.3721 0.7385 0.3699 0.75 0.3699 0.75 0.4277 0.8256 0.4276 0.8333 0.4225 0.8026 0.3721 0.7385 0.3701 0.7039 0.3701 0.7039 0.2908 0.6731 0.2912 0.6299 0.2912 0.6299 0.3664 0.6611 0.3701 0.7039 0.3701 0.7039 0.4151 0.7741 0.4225 0.8026 0.4089 0.75 0.3664 0.6611 0.3633 0.625 0.3633 0.625 0.3527 0.5764 0.4145 0.5313 0.4145 0.5313 0.3603 0.5889 0.3633 0.625 0.3633 0.625 0.4027 0.7259 0.4089 0.75 0.6875 0.3948 0.75 0.3948 0.7917 0.3846 0.6875 0.3948 0.8021 0.4134 0.7031 0.4288 0.7031 0.4288 0.5833 0.4051 0.6875 0.3948 0.625 0.3948 0.5833 0.4051 0.5 0.3948 0.8958 0.3743 1 0.3948 1 0.3641 0.901 0.398 1 0.3641 1 0.3333 0.901 0.398 0.7917 0.3846 0.8958 0.3743 0.875 0.3948 0.7917 0.3846 0.75 0.3948 0.2708 0.3743 0.25 0.3948 0.125 0.3641 0.2344 0.3633 0.125 0.3641 0 0.3333 0.2708 0.3743 0.375 0.3856 0.4167 0.3846 0.375 0.3948 0.4167 0.3846 0.5 0.3948 0.625 0.3948 0.75 0.3487 0.75 0.3948 0.625 0.3948 0.75 0.4563 0.625 0.4563 0.625 0.4563 0.5 0.3948 0.625 0.3948 0.625 0.3487 0.5 0.3948 0.5 0.3333 0.625 0.6513 0.75 0.6667 0.625 0.6667 0.625 0.6667 0.75 0.6667 0.625 0.6667 0.625 0.6667 0.5 0.6667 0.625 0.6667 0.625 0.6667 0.5 0.6667 0.625 0.6513 0.625 0.5437 0.75 0.6052 0.625 0.6052 0.625 0.6052 0.75 0.6513 0.625 0.6513 0.625 0.6513 0.5 0.6052 0.625 0.6052 0.625 0.6052 0.5 0.5437 0.625 0.5437 1 0.4563 1 0.5 1 0.5 1 0.5 1 0.5437 1 0.5437 1 0.5437 1 0.5 1 0.5 1 0.5 1 0.4563 1 0.4563 0.875 0.3333 0.75 0.3487 0.75 0.3333 0.875 0.3333 0.75 0.3333 0.75 0.3333 0.875 0.3333 1 0.3333 1 0.3333 0.875 0.3487 1 0.3333 1 0.3333 0.5224 0.5278 0.5537 0.5834 0.5268 0.5417 0.5268 0.5417 0.5627 0.5556 0.5313 0.5556 0.5313 0.5556 0.5067 0.4973 0.5268 0.5417 0.5268 0.5417 0.4848 0.4565 0.5224 0.5278 0.5313 0.5556 0.5716 0.5278 0.5358 0.5695 0.5358 0.5695 0.5806 0.5 0.5403 0.5834 0.5403 0.5834 0.5506 0.5788 0.5358 0.5695 0.5358 0.5695 0.5287 0.5381 0.5313 0.5556 0.5671 0.6945 0.5358 0.6389 0.5537 0.7639 0.5403 0.8333 0.5358 0.6389 0.5268 0.6666 0.5537 0.7639 0.5537 1 0.5716 0.8889 0.5537 0.7639 0.5895 0.7778 0.5671 0.6945 0.875 0.3948 1 0.3333 0.875 0.3487 0.75 0.3948 0.875 0.3487 0.75 0.3487 0.75 0.3948 0.875 0.4563 0.875 0.3948 1 0.3948 0.875 0.4563 1 0.4563 0.1589 0.3948 0.2859 0.3894 0.1582 0.3487 0 0.3948 0.1582 0.3487 0 0.3333 0.1589 0.3948 0 0.4563 0.1589 0.4563 0.2878 0.4326 0.1589 0.4563 0.3512 0.4861 0.5374 1 0.5281 1 0.5239 1 0.5239 1 0.5052 1 0.5048 1 0.5239 1 0.5033 1 0.5152 1 0.5239 1 0.523 1 0.5374 1 0.1561 0.3333 0 0.3333 0.1582 0.3487 0.2822 0.375 0.1582 0.3487 0.2859 0.3894 0.1561 0.3333 0.3066 0.3333 0.1533 0.3333 0 0.3333 0.1533 0.3333 0 0.3333 0.4812 1 0.457 1 0.454 0.9583 0.4812 1 0.454 0.9583 0.4575 0.9739 0.4812 1 0.5054 1 0.5054 1 0.4812 1 0.5054 1 0.5054 1 0.5976 0.6974 0.6612 0.3333 0.6075 0.6666 0.551 0.9244 0.6075 0.6666 0.5504 0.9603 0.551 0.9244 0.5884 0.7259 0.5976 0.6974 0.5976 0.6974 0.6099 0.5524 0.6151 0.5253 0.4704 1 0.4463 1 0.4463 1 0.4704 1 0.4698 0.9772 0.4704 1 0.4704 1 0.4946 1 0.4704 1 0.4704 1 0.4946 1 0.4704 1 0.2876 0.6875 0.1582 0.6513 0.1561 0.6667 0.1561 0.6667 0 0.6667 0 0.6667 0 0.6667 0.1533 0.6667 0.1561 0.6667 0.1561 0.6667 0.3066 0.6667 0.2876 0.6875 1 0.6667 0.875 0.6513 0.875 0.6667 0.875 0.6667 0.75 0.6513 0.75 0.6667 0.75 0.6667 0.875 0.6667 0.875 0.6667 0.875 0.6667 1 0.6667 1 0.6667 0.3525 0.5115 0.2878 0.4326 0.3566 0.5461 0.3566 0.5461 0.3512 0.4861 0.3603 0.5889 0.3603 0.5889 0.3953 0.6974 0.3566 0.5461 0.3525 0.5115 0.3953 0.6974 0.3887 0.6744 0.2822 0.375 0.3525 0.5115 0.3484 0.5 0.3484 0.5 0.3887 0.6744 0.3846 0.6667 0.3846 0.6667 0.3442 0.5 0.3484 0.5 0.3484 0.5 0.3066 0.3333 0.2822 0.375 0.4839 0.9166 0.5225 0.9792 0.4853 0.9167 0.4853 0.9167 0.5278 0.986 0.4834 0.9128 0.4834 0.9128 0.4276 0.8333 0.4853 0.9167 0.4839 0.9166 0.4276 0.8333 0.4248 0.8333 0.4952 1 0.5074 1 0.5134 1 0.5134 1 0.5143 1 0.5263 1 0.5134 1 0.5275 1 0.5175 1 0.5134 1 0.4948 1 0.4952 1 0.5295 1 0.5054 1 0.5054 1 0.5295 1 0.5054 1 0.5054 1 0.5295 1 0.5504 0.9603 0.5537 1 0.5295 1 0.5537 1 0.5295 1 0.5188 1 0.4946 1 0.5188 1 0.5188 1 0.4946 1 0.5188 1 0.5188 1 0.5225 0.9792 0.5188 1 0.5188 1 0.543 1 0.5188 1 0.4812 1 0.4725 1 0.4825 1 0.5054 1 0.4825 1 0.5052 1 0.4812 1 0.5054 1 0.4812 1 0.4665 1 0.4812 1 0.4575 0.9739 0.5295 1 0.5052 1 0.5281 1 0.5295 1 0.5384 1 0.5439 1 0.5439 1 0.5295 1 0.5295 1 0.5054 1 0.5295 1 0.5054 1 0.551 0.9244 0.5439 1 0.5387 1 0.5387 1 0.5384 1 0.5374 1 0.5374 1 0.5216 1 0.5387 1 0.5387 1 0.5352 0.9315 0.551 0.9244 0.4704 1 0.4616 1 0.4718 1 0.4704 1 0.4948 1 0.4946 1 0.4946 1 0.4704 1 0.4704 1 0.4561 1 0.4704 1 0.4698 0.9772 0.4946 1 0.5175 1 0.5188 1 0.5188 1 0.5275 1 0.5335 1 0.5335 1 0.5188 1 0.5188 1 0.5188 1 0.4946 1 0.4946 1 0.5292 1 0.5278 0.986 0.5335 1 0.5263 1 0.5335 1 0.5275 1 0.5263 1 0.515 1 0.5292 1 0.5292 1 0.5009 0.9718 0.5146 0.9753 0.875 0.6052 1 0.5437 0.875 0.5437 0.875 0.6052 0.75 0.5437 0.75 0.6052 0.75 0.6052 0.875 0.6513 0.875 0.6052 0.875 0.6052 1 0.6667 1 0.6052 0.1589 0.6052 0.3527 0.5764 0.1589 0.5437 0 0.6052 0.1589 0.5437 0 0.5437 0 0.6052 0.1582 0.6513 0.1589 0.6052 0.1589 0.6052 0.2908 0.6731 0.2912 0.6299 0.4761 1 0.477 1 0.4848 1 0.4761 1 0.4967 1 0.4952 1 0.4761 1 0.4948 1 0.4718 1 0.4626 1 0.4718 1 0.4616 1 0.6612 0.6052 0.5728 0.7741 0.5637 0.8026 0.4893 0.9506 0.5728 0.7741 0.5051 0.9435 0.4893 0.9506 0.5537 0.8334 0.5637 0.8026 0.5637 0.8026 0.6612 0.6667 0.6612 0.6052 0.5146 0.9753 0.4638 0.887 0.4748 0.9013 0.4225 0.8026 0.4638 0.887 0.4151 0.7741 0.4748 0.9013 0.4277 0.8256 0.4834 0.9128 0.5146 0.9753 0.4834 0.9128 0.5278 0.986 0.4926 1 0.5048 1 0.4866 1 0.4866 1 0.5052 1 0.4825 1 0.4866 1 0.4725 1 0.4737 1 0.4866 1 0.4857 1 0.4926 1 0.4784 1 0.4626 1 0.4613 1 0.4613 1 0.4616 1 0.4561 1 0.4561 1 0.4893 0.9506 0.4613 1 0.4613 1 0.5051 0.9435 0.4784 1 0.485 1 0.4737 1 0.4708 1 0.4665 1 0.4737 1 0.4725 1 0.4708 1 0.4575 0.9739 0.4627 0.9622 0.4708 1 0.4763 0.9657 0.485 1 1 0.5 1 0.4563 1 0.4563 1 0.5 1 0.4563 1 0.5 1 0.5 1 0.5437 1 0.5 0.9147 0.5 1 0.5437 1 0.5437 0.6589 0.4563 0.9147 0.5 0.6589 0.5 0.6589 0.5 1 0.5437 0.6589 0.5437 0.6589 0.5437 0.4145 0.5313 0.6589 0.5 0.6589 0.5 0.3512 0.4861 0.6589 0.4563 0.5152 1 0.5 1 0.5 1 0.4848 1 0.5 1 0.4967 1 0.4848 1 0.5 1 0.5 1 0.5 1 0.523 1 0.5152 1 0.5884 0.7259 0.5202 0.9375 0.5806 0.75 0.5806 0.75 0.5051 0.9435 0.5728 0.7741 0.5806 0.75 0.6297 0.6351 0.6209 0.5833 0.5884 0.7259 0.6209 0.5833 0.6099 0.5524 0.4545 0.875 0.4763 0.9657 0.4451 0.863 0.4089 0.75 0.4451 0.863 0.4027 0.7259 0.4545 0.875 0.4151 0.7741 0.4638 0.887 0.4545 0.875 0.5009 0.9718 0.4886 0.9688 0.5 1 0.4967 1 0.5 1 0.5 1 0.5033 1 0.4926 1 0.4926 1 0.5 1 0.5 1 0.5074 1 0.5 1 0.5143 1 0.5216 1 0.5 1 0.5 1 0.5 1 0.477 1 0.4784 1 0.4784 1 0.5202 0.9375 0.5 1 0.5 1 0.5352 0.9315 0.5216 1 0.5 1 0.5143 1 0.5 1 0.5 1 0.4857 1 0.485 1 0.485 1 0.4886 0.9688 0.5 1 0.515 1 0.4886 0.9688 0.5009 0.9718 0.625 0.3333 0.5 0.3333 0.625 0.3333 0.625 0.3333 0.5 0.3333 0.625 0.3487 0.625 0.3487 0.75 0.3333 0.625 0.3333 0.625 0.3333 0.75 0.3333 0.625 0.3333 0.6074 0.6667 0.5671 0.6945 0.5805 0.625 0.5805 0.625 0.5447 0.6111 0.5537 0.5833 0.5537 0.5833 0.594 0.5556 0.5805 0.625 0.5805 0.625 0.6253 0.5556 0.6074 0.6667 0.5067 0.4973 0.4167 0.4094 0.5 0.4474 0.5 0.4474 0.375 0.3856 0.5156 0.4079 0.5156 0.4079 0.5833 0.4854 0.5 0.4474 0.5 0.4474 0.5287 0.5381 0.5067 0.4973 0.5156 0.4079 0.4167 0.3846 0.5625 0.3948 0.5625 0.3948 0.5 0.3948 0.625 0.3948 0.625 0.3948 0.7083 0.4051 0.5625 0.3948 0.5625 0.3948 0.6563 0.4303 0.5156 0.4079 0.7031 0.4288 0.5 0.541 0.625 0.5308 0.625 0.5308 0.4397 0.624 0.5514 0.6119 0.5514 0.6119 0.75 0.5205 0.625 0.5308 0.625 0.5308 0.8021 0.4134 0.7031 0.4288 0.6432 0.4444 0.594 0.5556 0.6074 0.4861 0.6074 0.4861 0.5627 0.5556 0.5716 0.5278 0.5716 0.5278 0.6209 0.4166 0.6074 0.4861 0.6074 0.4861 0.6612 0.3333 0.6432 0.4444 0.4628 0.4157 0.5224 0.5278 0.5179 0.5139 0.5179 0.5139 0.5447 0.6111 0.5358 0.6389 0.5179 0.5139 0.5268 0.6666 0.5134 0.5 0.4628 0.4157 0.5134 0.5 0.5 0.3333 0.5506 0.5788 0.5833 0.4854 0.6667 0.5235 0.6667 0.5235 0.6563 0.4303 0.7969 0.4526 0.7969 0.4526 0.75 0.5615 0.6667 0.5235 0.6667 0.5235 0.5 0.6667 0.5506 0.5788 0.2344 0.3633 0.4167 0.4094 0.3333 0.3713 0.3333 0.3713 0.4848 0.4565 0.4628 0.4157 0.3333 0.3713 0.5 0.3333 0.25 0.3333 0.3333 0.3713 0 0.3333 0.2344 0.3633 0.7969 0.4526 0.7083 0.4051 0.8542 0.4153 0.8542 0.4153 0.75 0.3948 0.875 0.3948 0.8542 0.4153 1 0.3948 1 0.4255 0.7969 0.4526 1 0.4255 1 0.4563 0.5052 0.4595 0.5833 0.4051 0.4792 0.4153 0.4792 0.4153 0.5 0.3948 0.375 0.3948 0.4792 0.4153 0.25 0.3948 0.375 0.4255 0.5052 0.4595 0.375 0.4255 0.5 0.4563 0.901 0.398 0.75 0.5205 0.875 0.5102 0.875 0.5102 0.6835 0.6205 0.8088 0.6407 0.875 0.5102 1 0.6667 1 0.5 0.901 0.398 1 0.5 1 0.3333 0.1666 0.6667 0.5 0.541 0.375 0.5512 0.375 0.5512 0.6042 0.4442 0.5052 0.4595 0.5052 0.4595 0.25 0.5615 0.375 0.5512 0.375 0.5512 0 0.6667 0.1666 0.6667 0.6151 0.5253 0.5288 0.5801 0.5403 0.6141 0.5403 0.6141 0.4397 0.624 0.4193 0.8334 0.4193 0.8334 0.5833 0.6666 0.5403 0.6141 0.6151 0.5253 0.5833 0.6666 0.6612 0.3333 0.8088 0.6407 0.6505 0.6283 0.6935 0.7193 0.6935 0.7193 0.6297 0.6351 0.5537 0.7718 0.5537 0.7718 0.7232 0.8334 0.6935 0.7193 0.8088 0.6407 0.7232 0.8334 1 0.6667 0.5514 0.6119 0.5288 0.5801 0.5806 0.5834 0.5806 0.5834 0.6099 0.5524 0.6209 0.5833 0.6209 0.5833 0.6505 0.6283 0.5806 0.5834 0.5806 0.5834 0.6835 0.6205 0.5514 0.6119 0.4341 0.8487 0.3887 0.6744 0.3953 0.6974 0.4341 0.8487 0.4027 0.7259 0.4451 0.863 0.4451 0.863 0.4627 0.9622 0.4341 0.8487 0.4248 0.8372 0.4627 0.9622 0.4575 0.9739 0.3846 0.6667 0.4248 0.8372 0.4208 0.8333 0.4208 0.8333 0.4575 0.9739 0.454 0.9583 0.454 0.9583 0.4194 0.8334 0.4208 0.8333 0.3846 0.6667 0.4194 0.8334 0.3818 0.6667 0.3657 0.75 0.4276 0.8333 0.3699 0.75 0.3699 0.75 0.4277 0.8256 0.3721 0.7385 0.3721 0.7385 0.2876 0.6875 0.3699 0.75 0.3699 0.75 0.3066 0.6667 0.3657 0.75 0.3721 0.7385 0.4225 0.8026 0.3701 0.7039 0.3701 0.7039 0.4151 0.7741 0.3664 0.6611 0.3664 0.6611 0.2912 0.6299 0.3701 0.7039 0.3701 0.7039 0.2908 0.6731 0.3721 0.7385 0.3664 0.6611 0.4089 0.75 0.3633 0.625 0.3633 0.625 0.4027 0.7259 0.3603 0.5889 0.3603 0.5889 0.4145 0.5313 0.3633 0.625 0.3633 0.625 0.3527 0.5764 0.3664 0.6611 0.6875 0.3948 0.75 0.3948 0.625 0.3948 0.5833 0.4051 0.625 0.3948 0.5 0.3948 0.5833 0.4051 0.7031 0.4288 0.6875 0.3948 0.6875 0.3948 0.8021 0.4134 0.7917 0.3846 0.8958 0.3743 1 0.3948 0.875 0.3948 0.7917 0.3846 0.875 0.3948 0.75 0.3948 0.7917 0.3846 0.901 0.398 0.8958 0.3743 1 0.3641 0.901 0.398 1 0.3333 0.2708 0.3743 0.25 0.3948 0.375 0.3948 0.4167 0.3846 0.375 0.3948 0.5 0.3948 0.2708 0.3743 0.375 0.3856 0.2344 0.3633 0.125 0.3641 0.2344 0.3633 0 0.3333 0.625 0.3948 0.75 0.3487 0.625 0.3487 0.5 0.3948 0.625 0.3487 0.5 0.3333 0.5 0.3948 0.625 0.4563 0.625 0.3948 0.625 0.3948 0.75 0.4563 0.75 0.3948 0.75 0.6667 0.625 0.6513 0.625 0.6667 0.625 0.6667 0.5 0.6667 0.5 0.6667 0.5 0.6667 0.625 0.6667 0.625 0.6667 0.625 0.6667 0.75 0.6667 0.75 0.6667 0.75 0.6052 0.625 0.5437 0.625 0.6052 0.625 0.6052 0.5 0.5437 0.5 0.6052 0.5 0.6052 0.625 0.6513 0.625 0.6052 0.625 0.6052 0.75 0.6513 0.75 0.6052 1 0.5 1 0.4563 1 0.5 1 0.5 1 0.4563 1 0.5 1 0.5 1 0.5437 1 0.5 1 0.5 1 0.5437 1 0.5 0.875 0.3333 0.75 0.3487 0.875 0.3487 1 0.3333 0.875 0.3487 1 0.3333 0.875 0.3333 1 0.3333 0.875 0.3333 0.75 0.3333 0.875 0.3333 0.75 0.3333 0.5537 0.5833 0.5224 0.5278 0.5268 0.5417 0.5268 0.5417 0.4848 0.4565 0.5067 0.4973 0.5067 0.4973 0.5313 0.5556 0.5268 0.5417 0.5268 0.5417 0.5627 0.5556 0.5537 0.5833 0.5716 0.5278 0.5313 0.5556 0.5358 0.5695 0.5358 0.5695 0.5287 0.5381 0.5506 0.5788 0.5506 0.5788 0.5403 0.5834 0.5358 0.5695 0.5358 0.5695 0.5806 0.5 0.5716 0.5278 0.5358 0.6389 0.5671 0.6945 0.5537 0.7639 0.5537 0.7639 0.5895 0.7778 0.5716 0.8889 0.5537 0.7639 0.5537 1 0.5403 0.8333 0.5358 0.6389 0.5403 0.8333 0.5268 0.6666 0.875 0.4022 0.875 0.3352 0.75 0.2677 0.875 0.5362 0.875 0.4022 0.75 0.4015 0.875 0.4022 0.875 0.5362 1 0.5372 0.875 0.3352 0.875 0.4022 1 0.4029 0.23 0.4029 0.23 0.3358 0.1533 0.3358 0.23 0.5372 0.23 0.4029 0.1533 0.4029 0.23 0.4029 0.23 0.5372 0.3066 0.5372 0.23 0.3358 0.23 0.4029 0.3066 0.4029 0.7882 0.9167 0.7741 1 0.8871 1 0.8871 0.9167 0.8871 1 1 1 1 0.9166 1 0.8333 0.8871 0.8021 0.8871 0.9167 0.8871 0.8021 0.7882 0.8021 0.5249 1 0.5126 1 0.48 1 0.5249 1 0.4841 1 0.4881 1 0.5314 1 0.5746 1 0.5453 1 0.5126 1 0.5249 1 0.5453 1 0.5376 1 0.5859 1 0.591 0.9896 0.554 0.9688 0.547 1 0.591 0.9896 0.547 1 0.554 0.9688 0.4871 0.9688 0.547 1 0.4891 1 0.4893 1 0.1694 0.8557 0.1694 0.7663 0.1129 0.766 0.1694 0.8557 0.1129 0.8548 0.1161 0.9193 0.1694 0.8557 0.1623 0.9398 0.2264 0.9485 0.1694 0.7663 0.1694 0.8557 0.2274 0.8615 0.3428 0.7097 0.3451 0.7707 0.4129 0.7712 0.4114 0.7098 0.4129 0.7712 0.4843 0.7712 0.4839 0.7098 0.4839 0.674 0.4114 0.674 0.4114 0.7098 0.4114 0.674 0.3428 0.674 0.2907 0.9167 0.2907 0.8333 0.25 0.8333 0.2907 1 0.2907 0.9167 0.2289 0.9167 0.2907 0.9167 0.2907 1 0.3314 1 0.2907 0.8333 0.2907 0.9167 0.3267 0.9167 0.6611 0.7092 0.6188 0.7095 0.6188 0.7711 0.6853 0.7087 0.6611 0.7092 0.6611 0.771 0.6611 0.7092 0.6853 0.7087 0.6853 0.6723 0.6188 0.7095 0.6611 0.7092 0.6611 0.673 0.4839 0.7098 0.4843 0.7712 0.5564 0.7712 0.6188 0.7095 0.5564 0.7097 0.5564 0.7712 0.5564 0.7097 0.6188 0.7095 0.6188 0.6736 0.4839 0.7098 0.5564 0.7097 0.5564 0.6739 0.7176 0.9167 0.6612 0.9166 0.6612 1 0.7176 0.9167 0.7176 1 0.7741 1 0.7882 0.9167 0.7882 0.8021 0.7176 0.8021 0.7176 0.9167 0.7176 0.8021 0.6612 0.8333 0.7176 0.625 0.7176 0.5209 0.6612 0.4167 0.7176 0.8021 0.7176 0.625 0.6612 0.625 0.7176 0.625 0.7176 0.8021 0.7882 0.8021 0.7176 0.5209 0.7176 0.625 0.7882 0.625 0.0564 0.768 0 0.75 0 0.875 0.0564 0.8627 0 0.875 0 1 0.0776 0.9485 0.1161 0.9193 0.1129 0.8548 0.0564 0.8627 0.1129 0.8548 0.1129 0.766 0.2824 0.7097 0.2839 0.7694 0.3451 0.7707 0.2824 0.6739 0.2824 0.7097 0.3428 0.7097 0.2824 0.7097 0.2824 0.6739 0.2258999 0.6738 0.2839 0.7694 0.2824 0.7097 0.2258999 0.7096 0.875 0.9167 0.75 0.9166 0.75 1 0.875 0.9167 0.875 1 1 1 1 0.9166 1 0.8333 0.875 0.8333 0.875 0.9167 0.875 0.8333 0.75 0.8333 0.1533 0.9167 0.1533 1 0.23 1 0.2299 0.9167 0.23 1 0.3066 1 0.3066 0.9166 0.3066 0.8333 0.23 0.8333 0.2299 0.9167 0.23 0.8333 0.1533 0.8333 0.3959 1 0.3618 0.9783 0.3414 0.9983 0.3757 1 0.3414 0.9983 0.3388 1 0.3657 1 0.3926 1 0.4007 1 0.3959 1 0.3757 1 0.4007 1 0.5967 0.9166 0.6934 1 0.6464 0.9583 0.6021 0.9583 0.6464 0.9583 0.6119 0.9661 0.6021 0.9583 0.591 0.9896 0.5859 1 0.6021 0.9583 0.543 0.9166 0.5 0.8333 0.1694 0.5134 0.1694 0.5 0.1129 0.5 0.1694 0.5302 0.1694 0.5134 0.1129 0.5134 0.1694 0.5134 0.1694 0.5302 0.2258999 0.5301 0.1694 0.5 0.1694 0.5134 0.2258999 0.5133 0.8467 0.875 0.8467 1 0.9233 1 0.9233 0.875 0.9233 1 1 1 0.9233 0.875 1 0.875 1 0.75 0.9233 0.875 0.9233 0.7813 0.8467 0.7813 0.125 0.9167 0.125 0.8333 0 0.8333 0.125 1 0.125 0.9167 0 0.9166 0.125 0.9167 0.125 1 0.25 1 0.125 0.8333 0.125 0.9167 0.2289 0.9167 0.6188 0.875 0.6119 0.9661 0.6464 0.9583 0.6611 0.875 0.6464 0.9583 0.6934 1 0.6611 0.875 0.7045 0.875 0.7005 0.7634 0.6611 0.875 0.6611 0.771 0.6188 0.7711 0.4854 0.875 0.4871 0.9688 0.554 0.9688 0.5564 0.875 0.554 0.9688 0.6119 0.9661 0.6188 0.875 0.6188 0.7711 0.5564 0.7712 0.5564 0.875 0.5564 0.7712 0.4843 0.7712 0.0564 0.5 0 0.5 0 0.5134 0.0564 0.5134 0 0.5134 0 0.5269 0.0564 0.5134 0.0564 0.5303 0.1129 0.5303 0.0564 0.5 0.0564 0.5134 0.1129 0.5134 0.2884 0.868 0.2914 0.9583 0.3618 0.9783 0.2839 0.7694 0.2884 0.868 0.3518 0.8733 0.2884 0.868 0.2839 0.7694 0.2263 0.7678 0.2914 0.9583 0.2884 0.868 0.2274 0.8615 0.07669997 0.4029 0.07669997 0.3358 0 0.2687 0.07669997 0.5372 0.07669997 0.4029 0 0.4029 0.07669997 0.4029 0.07669997 0.5372 0.1533 0.5372 0.07669997 0.3358 0.07669997 0.4029 0.1533 0.4029 0.07669997 0.9167 0.07669997 0.8333 0 0.8333 0.07669997 1 0.07669997 0.9167 0 0.9166 0.07669997 0.9167 0.07669997 1 0.1533 1 0.07669997 0.8333 0.07669997 0.9167 0.1533 0.9167 0.7701 0.7813 0.7005 0.7634 0.7045 0.875 0.7701 1 0.77 0.875 0.7045 0.875 0.77 0.875 0.7701 1 0.8467 1 0.7701 0.7813 0.77 0.875 0.8467 0.875 0.5337 1 0.5579 1 0.5475 1 0.5 1 0.5112 1 0.5475 1 0.5112 1 0.5 1 0.4404 1 0.5112 1 0.475 1 0.5096 1 0 0.5397 0 0.7192 0.125 0.7191 0.125 0.5396 0.125 0.7191 0.25 0.719 0.2289 0.5396 0.2289 0.4498 0.125 0.4499 0.125 0.5396 0.125 0.4499 0 0.3601 1 0.6253 1 0.4173 0.88 0.5211 0.8871 0.6251 0.88 0.5211 0.7865 0.5209 0.7882 0.625 0.7882 0.8021 0.8871 0.8021 0.8871 0.6251 0.8871 0.8021 1 0.8333 0.3066 0.1942 0.3066 -0.07429999 0.3818 0.259 0.4355 0.6942 0.3711 0.4442 0.3818 0.259 0.4355 0.6942 0.4141 0.7961 0.3657 0.5368 0.3711 0.4442 0.3657 0.5368 0.3066 0.4627 0.2289 0.5396 0.25 0.719 0.2907 0.719 0.2907 0.5395 0.2907 0.719 0.3314 0.719 0.3314 0.5395 0.3267 0.4641 0.2907 0.4498 0.2907 0.5395 0.2907 0.4498 0.2289 0.4498 1 0.4029 1 0.5372 0.875 0.5362 0.875 0.4022 0.875 0.5362 0.75 0.5353 0.7713 0.4016 0.75 0.2677 0.875 0.3352 0.875 0.4022 0.875 0.3352 1 0.2687 0.3066 0.4029 0.3066 0.5372 0.23 0.5372 0.23 0.4029 0.23 0.5372 0.1533 0.5372 0.1533 0.4029 0.1533 0.3358 0.23 0.3358 0.23 0.4029 0.23 0.3358 0.3066 0.2687 0.8377 0.8021 0.8871 0.8333 0.8871 0.9166 0.8306 0.9167 0.8871 0.9166 0.8871 1 0.8306 1 0.7741 1 0.7741 0.9167 0.8306 0.9167 0.7741 0.9167 0.7759 0.8021 0.5249 1 0.5314 1 0.4881 1 0.5249 1 0.4841 1 0.4801 1 0.5126 1 0.5309 1 0.5453 1 0.5314 1 0.5249 1 0.5453 1 0.547 1 0.4876 0.9983 0.4848 0.9662 0.591 0.9896 0.547 1 0.554 0.9688 0.591 0.9896 0.5859 1 0.5376 1 0.547 1 0.5376 1 0.4893 1 0.1694 0.9831 0.2258999 0.9869 0.2258999 1 0.12 0.9506 0.1694 0.9831 0.1694 1 0.1694 0.9831 0.12 0.9506 0.1349 0.922 0.2258999 0.9869 0.1694 0.9831 0.1694 0.9434 0.9233 0.5 1 0.5 1 0.5131 0.9233 0.5131 1 0.5131 1 0.5261 0.9233 0.5295 0.8467 0.5296 0.8467 0.5131 0.9233 0.5131 0.8467 0.5131 0.8467 0.5 0.4114 0.5 0.4839 0.5 0.4839 0.5133 0.4114 0.5133 0.4839 0.5133 0.4839 0.5299 0.4114 0.53 0.3428 0.53 0.3428 0.5133 0.4114 0.5133 0.3428 0.5133 0.3388 0.5 0.4866 0.9167 0.5 0.9166 0.5 1 0.4697 0.9167 0.4866 0.9167 0.4866 1 0.4866 0.9167 0.4697 0.9167 0.4731 0.8333 0.5 0.9166 0.4866 0.9167 0.4866 0.8333 0.6611 0.5 0.6934 0.5 0.7045 0.5131 0.6612 0.5131 0.7045 0.5131 0.7045 0.5296 0.6611 0.5297 0.6188 0.5297 0.6188 0.5132 0.6612 0.5131 0.6188 0.5132 0.6289 0.5 0.5564 0.5 0.6289 0.5 0.6188 0.5132 0.5564 0.5132 0.6188 0.5132 0.6188 0.5297 0.5564 0.5298 0.4839 0.5299 0.4839 0.5133 0.5564 0.5132 0.4839 0.5133 0.4839 0.5 0.7176 0.8021 0.7759 0.8021 0.7741 0.9167 0.7176 0.9167 0.7741 0.9167 0.7741 1 0.7176 0.9167 0.7176 1 0.6612 1 0.7176 0.9167 0.6612 0.9166 0.6612 0.8333 0.7176 0.625 0.7812 0.625 0.7759 0.8021 0.6612 0.625 0.7176 0.625 0.7176 0.8021 0.7176 0.625 0.6612 0.625 0.6612 0.4167 0.7812 0.625 0.7176 0.625 0.7176 0.5209 0.2824 0.5133 0.2258999 0.5133 0.2258999 0.5 0.3428 0.5133 0.2824 0.5133 0.2824 0.5 0.2824 0.5133 0.3428 0.5133 0.3428 0.53 0.2258999 0.5133 0.2824 0.5133 0.2824 0.53 0.875 0.9167 0.875 0.8333 1 0.8333 0.875 0.9167 1 0.9166 1 1 0.875 0.9167 0.875 1 0.75 1 0.875 0.8333 0.875 0.9167 0.7713 0.9167 0.2299 0.9167 0.23 0.8333 0.3066 0.8333 0.2299 0.9167 0.3066 0.9166 0.3066 1 0.23 1 0.1533 1 0.1533 0.9167 0.23 0.8333 0.2299 0.9167 0.1533 0.9167 0.4006 1 0.3926 1 0.3657 1 0.3697 0.9932 0.3657 1 0.3388 1 0.3324 0.9884 0.3462 0.9611 0.3868 0.9899 0.4006 1 0.3697 0.9932 0.3868 0.9899 0.6021 0.9583 0.543 0.9166 0.5859 1 0.6021 0.9583 0.591 0.9896 0.6119 0.9661 0.6464 0.9583 0.6934 1 0.5967 0.9166 0.543 0.9166 0.6021 0.9583 0.5967 0.9166 0.7713 0.4016 0.75 0.5353 0.7104 0.535 0.7104 0.4013 0.7104 0.535 0.6708 0.5347 0.675 0.4011 0.6708 0.2674 0.7104 0.2676 0.7713 0.4016 0.7104 0.4013 0.7104 0.2676 0.1694 0.7095 0.2258999 0.7096 0.2258999 0.7679 0.1129 0.7094 0.1694 0.7095 0.1694 0.7669 0.1694 0.7095 0.1129 0.7094 0.1342999 0.6948 0.2258999 0.7096 0.1694 0.7095 0.1694 0.6736 0.9233 0.7713 1 0.75 1 0.875 0.9233 0.875 1 0.875 1 1 0.9233 1 0.8467 1 0.8467 0.875 0.9233 0.875 0.8467 0.875 0.8467 0.7713 0.1532 0.9167 0.236 0.9167 0.25 1 0.0564 0.9166 0.1532 0.9167 0.1814 1 0.1532 0.9167 0.0564 0.9166 0 0.8333 0.236 0.9167 0.1532 0.9167 0.125 0.8333 0.6611 0.7712 0.7045 0.7713 0.7045 0.875 0.6612 0.875 0.7045 0.875 0.6934 1 0.6464 0.9583 0.6119 0.9661 0.6188 0.875 0.6612 0.875 0.6188 0.875 0.6188 0.7712 0.5564 0.7712 0.6188 0.7712 0.6188 0.875 0.5564 0.875 0.6188 0.875 0.6119 0.9661 0.554 0.9688 0.4848 0.9662 0.4839 0.8733 0.5564 0.875 0.4839 0.8733 0.4839 0.7708 0.0564 0.7093 0.1129 0.7094 0.1147 0.7666 0.0564 0.7093 0.06349998 0.7683 0 0.75 0.0564 0.7093 0 0.7093 0 0.6686 0.1129 0.7094 0.0564 0.7093 0.0564 0.6686 0.2824 0.95 0.3462 0.9611 0.3324 0.9884 0.2824 0.9875 0.3324 0.9884 0.3388 1 0.2824 1 0.2258999 1 0.2258999 0.9869 0.2824 0.95 0.2824 0.9875 0.2258999 0.9869 0.7713 0.9167 0.75 1 0.7104 1 0.7104 0.9167 0.7104 1 0.6708 1 0.6708 0.9166 0.6708 0.8333 0.7104 0.8333 0.7104 0.9167 0.7104 0.8333 0.75 0.8333 0.1533 0.4029 0.1533 0.5372 0.07669997 0.5372 0.07669997 0.4029 0.07669997 0.5372 0 0.5372 0 0.4029 0 0.2687 0.07669997 0.3358 0.07669997 0.4029 0.07669997 0.3358 0.1533 0.3358 0.77 0.7102 0.8467 0.7103 0.8467 0.7713 0.7045 0.7101 0.77 0.7102 0.7701 0.7713 0.77 0.7102 0.7045 0.7101 0.7045 0.6744 0.8467 0.7103 0.77 0.7102 0.7701 0.6747 0.07669997 0.9167 0.1533 0.9167 0.1533 1 0 0.9166 0.07669997 0.9167 0.07669997 1 0 0.9166 0 0.8333 0.07669997 0.8333 0.07669997 0.9167 0.07669997 0.8333 0.1533 0.8333 0.77 0.875 0.8467 0.875 0.8467 1 0.7045 0.875 0.77 0.875 0.7701 1 0.77 0.875 0.7045 0.875 0.7045 0.7713 0.8467 0.875 0.77 0.875 0.7701 0.7713 0.475 1 0.4404 1 0.5 1 0.5112 1 0.5 1 0.537 1 0.5475 1 0.5579 1 0.5337 1 0.5112 1 0.5337 1 0.5096 1 0.125 0.4499 0.2289 0.4498 0.2289 0.5396 0.125 0.5396 0.2289 0.5396 0.25 0.719 0.125 0.7191 0 0.7192 0 0.5397 0.125 0.5396 0 0.5397 0 0.3601 0.88 0.5211 1 0.4173 0.9435 0.6253 0.8588 0.6251 0.9435 0.6253 0.8871 0.8333 0.8377 0.8021 0.7759 0.8021 0.7812 0.625 0.8588 0.6251 0.7812 0.625 0.7865 0.5209 0.3711 0.4442 0.3657 0.5368 0.4141 0.7961 0.3818 0.259 0.3711 0.4442 0.4355 0.6942 0.3711 0.4442 0.3818 0.259 0.3066 -0.07429999 0.3657 0.5368 0.3711 0.4442 0.3066 0.1942 0.4866 0.4497 0.5 0.36 0.5 0.5395 0.4866 0.5395 0.5 0.5395 0.5 0.7189 0.4866 0.7189 0.4731 0.7189 0.4697 0.5395 0.4866 0.5395 0.4697 0.5395 0.4697 0.4497 0.9233 0.7813 1 0.75 1 0.75 0.9233 0.75 0.9233 0.75 1 0.75 0.9233 0.75 0.8467 0.75 0.8467 0.75 0.9233 0.7813 0.9233 0.75 0.8467 0.75 0.6853 0.7087 0.7005 0.7634 0.7126 0.7395 0.6934 0.7079 0.6934 0.7081 0.7126 0.7395 0.6934 0.7079 0.6934 0.6711 0.6934 0.6715 0.6853 0.7087 0.6934 0.7081 0.6934 0.6715 0.7701 0.75 0.7701 0.7813 0.8467 0.7813 0.7701 0.75 0.8467 0.75 0.8467 0.75 0.7701 0.75 0.7701 0.75 0.7126 0.7395 0.7701 0.7813 0.7701 0.75 0.7126 0.7395 0.9233 0.75 0.9233 0.75 1 0.75 0.9134 0.7404 0.9233 0.75 1 0.75 0.9233 0.75 0.9134 0.7404 0.8442 0.7463 0.9233 0.75 0.9233 0.75 0.8467 0.75 0.6934 0.7082 0.6934 0.7079 0.7126 0.7395 0.7126 0.7137 0.6934 0.7082 0.7126 0.7395 0.6934 0.7082 0.7126 0.7137 0.7126 0.6819 0.6934 0.7079 0.6934 0.7082 0.6934 0.6715 0.7701 0.75 0.7701 0.75 0.8467 0.75 0.7701 0.75 0.8467 0.75 0.8442 0.7463 0.7701 0.75 0.7701 0.7448 0.7275 0.7339 0.7701 0.75 0.7701 0.75 0.7126 0.7395 0.7701 0.7448 0.8442 0.7463 0.8368 0.7353 0.7701 0.7294 0.8368 0.7353 0.818 0.703 0.7701 0.7112 0.7126 0.6819 0.7126 0.7137 0.7701 0.7294 0.7126 0.7137 0.7275 0.7339 0.8837 0.7117 0.9134 0.7404 1 0.75 0.8441 0.6734 0.8837 0.7117 0.9208 0.6734 0.8837 0.7117 0.8441 0.6734 0.818 0.703 0.9134 0.7404 0.8837 0.7117 0.8368 0.7353 0.4114 0.5535 0.4114 0.5793 0.4839 0.5792 0.4114 0.53 0.4114 0.5535 0.4839 0.5534 0.4114 0.5535 0.4114 0.53 0.3428 0.53 0.4114 0.5793 0.4114 0.5535 0.3428 0.5536 0.4199 0.9167 0.4186 1 0.4458 1 0.4458 0.9167 0.4458 1 0.4731 1 0.4697 0.9167 0.4731 0.8333 0.4458 0.8333 0.4458 0.9167 0.4458 0.8333 0.4186 0.8333 0.6612 0.5536 0.6611 0.5794 0.6853 0.58 0.6611 0.53 0.6612 0.5536 0.6853 0.5541 0.6612 0.5536 0.6611 0.53 0.6188 0.5299 0.6611 0.5794 0.6612 0.5536 0.6188 0.5533 0.5564 0.5533 0.5564 0.579 0.6188 0.579 0.5564 0.5299 0.5564 0.5533 0.6188 0.5533 0.5564 0.5533 0.5564 0.5299 0.4839 0.5299 0.5564 0.579 0.5564 0.5533 0.4839 0.5534 0.2824 0.5536 0.2824 0.5794 0.3428 0.5794 0.2824 0.53 0.2824 0.5536 0.3428 0.5536 0.2824 0.5536 0.2824 0.53 0.2258999 0.5301 0.2824 0.5794 0.2824 0.5536 0.2258999 0.5537 0.1694 0.7095 0.1694 0.6736 0.1342999 0.6948 0.1694 0.7663 0.1694 0.7095 0.1129 0.7094 0.1694 0.7095 0.1694 0.7663 0.2263 0.7678 0.1694 0.6736 0.1694 0.7095 0.2258999 0.7096 0.0564 0.7093 0.0564 0.6686 0 0.6686 0.0564 0.768 0.0564 0.7093 0 0.7093 0.0564 0.7093 0.0564 0.768 0.1129 0.766 0.0564 0.6686 0.0564 0.7093 0.1129 0.7094 0.4186 0.5395 0.4186 0.7189 0.4458 0.7189 0.4458 0.5395 0.4458 0.7189 0.4731 0.7189 0.4697 0.5395 0.4697 0.4497 0.4458 0.4497 0.4458 0.5395 0.4458 0.4497 0.4199 0.4641 0.9233 0.6749 1 0.6708 1 0.7104 0.9233 0.7104 1 0.7104 1 0.75 0.9233 0.7713 0.8467 0.7713 0.8467 0.7103 0.9233 0.7104 0.8467 0.7103 0.8467 0.6748 0.4114 0.674 0.4839 0.6741 0.4839 0.7098 0.4114 0.7098 0.4839 0.7098 0.4839 0.7708 0.4114 0.7695 0.3428 0.7683 0.3428 0.7097 0.4114 0.7098 0.3428 0.7097 0.3428 0.674 0.2907 0.9167 0.3267 0.9167 0.3314 1 0.236 0.9167 0.2907 0.9167 0.2907 1 0.2907 0.9167 0.236 0.9167 0.25 0.8333 0.3267 0.9167 0.2907 0.9167 0.2907 0.8333 0.6611 0.6743 0.7045 0.6744 0.7045 0.7101 0.6612 0.71 0.7045 0.7101 0.7045 0.7713 0.6611 0.7712 0.6188 0.7712 0.6188 0.7099 0.6612 0.71 0.6188 0.7099 0.6188 0.6742 0.5564 0.6741 0.6188 0.6742 0.6188 0.7099 0.5564 0.7098 0.6188 0.7099 0.6188 0.7712 0.5564 0.7712 0.4839 0.7708 0.4839 0.7098 0.5564 0.7098 0.4839 0.7098 0.4839 0.6741 0.2824 0.6739 0.3428 0.674 0.3428 0.7097 0.2824 0.7097 0.3428 0.7097 0.3428 0.7683 0.2824 0.768 0.2258999 0.7679 0.2258999 0.7096 0.2824 0.7097 0.2258999 0.7096 0.2258999 0.6738 0.5783 0.4005 0.5792 0.5339 0.5527 0.5337 0.5527 0.4004 0.5527 0.5337 0.5261 0.5335 0.5295 0.4002 0.5261 0.2669 0.5527 0.267 0.5527 0.4004 0.5527 0.267 0.5792 0.2671 0.1694 0.5797 0.1384 0.6054 0.1129 0.554 0.1694 0.5539 0.1129 0.554 0.1129 0.5303 0.1694 0.5302 0.2258999 0.5301 0.2258999 0.5537 0.1694 0.5539 0.2258999 0.5537 0.2258999 0.5795 0.0564 0.5541 0.0564 0.5814 0 0.5814 0.0564 0.5303 0.0564 0.5541 0 0.5542 0.0564 0.5303 0.1129 0.5303 0.1129 0.554 0.0564 0.5541 0.1129 0.554 0.1384 0.6054 0.5792 0.9166 0.5792 1 0.5527 1 0.5527 0.9167 0.5527 1 0.5261 1 0.5295 0.9167 0.5261 0.8333 0.5527 0.8333 0.5527 0.9167 0.5527 0.8333 0.5792 0.8333 0.7701 0.5785 0.7045 0.5786 0.7045 0.5529 0.77 0.5528 0.7045 0.5529 0.7045 0.5296 0.7701 0.5296 0.8467 0.5296 0.8467 0.5528 0.77 0.5528 0.8467 0.5528 0.8467 0.5784 0.2907 0.5395 0.3314 0.5395 0.3314 0.719 0.2289 0.5396 0.2907 0.5395 0.2907 0.719 0.2907 0.5395 0.2289 0.5396 0.2289 0.4498 0.3314 0.5395 0.2907 0.5395 0.2907 0.4498 0.6934 0.5806 0.6934 0.5809 0.6934 0.555 0.6934 0.5547 0.6934 0.555 0.6934 0.5342 0.6934 0.5547 0.6934 0.534 0.6882 0.5291 0.6934 0.5806 0.6934 0.5547 0.6853 0.5541 0.6934 0.5547 0.6934 0.5806 0.7126 0.6014 0.6934 0.534 0.6934 0.5547 0.7126 0.5788 0.6934 0.5547 0.6934 0.534 0.6934 0.5342 0.6934 0.5806 0.6934 0.5547 0.6934 0.555 0.7701 0.6521 0.7701 0.665 0.7981 0.6763 0.7701 0.6384 0.7701 0.6521 0.7974 0.6778 0.7701 0.6521 0.7701 0.6384 0.7104 0.5624 0.7701 0.665 0.7701 0.6521 0.7126 0.5788 0.7526 0.585 0.6584 0.4199 0.6054 0.3686 0.726 0.5593 0.6054 0.3686 0.5523 0.3173 0.726 0.5593 0.6995 0.5337 0.8467 0.75 0.7526 0.585 0.726 0.5593 0.7974 0.6778 0.4114 0.674 0.4839 0.674 0.4839 0.6472 0.4114 0.6473 0.4839 0.6472 0.4839 0.6249 0.4114 0.6473 0.4114 0.625 0.3428 0.625 0.4114 0.674 0.4114 0.6473 0.3428 0.6472 0.3267 0.9167 0.3314 1 0.3232 0.935 0.375 0.9167 0.3532 0.9167 0.3232 0.935 0.375 0.9167 0.375 0.795 0.3532 0.795 0.3532 0.9167 0.3532 0.795 0.3314 0.8333 0.6611 0.673 0.6853 0.6723 0.6853 0.6458 0.6612 0.6464 0.6853 0.6458 0.6853 0.6244 0.6611 0.6245 0.6188 0.6246 0.6188 0.6468 0.6612 0.6464 0.6188 0.6468 0.6188 0.6736 0.5564 0.6739 0.6188 0.6736 0.6188 0.6468 0.5564 0.6471 0.6188 0.6468 0.6188 0.6246 0.5564 0.6248 0.4839 0.6249 0.4839 0.6472 0.5564 0.6471 0.4839 0.6472 0.4839 0.674 0.2824 0.6472 0.2824 0.6739 0.3428 0.674 0.2824 0.625 0.2824 0.6472 0.3428 0.6472 0.2824 0.6472 0.2824 0.625 0.2258999 0.625 0.2824 0.6739 0.2824 0.6472 0.2258999 0.6471 0.1694 0.603 0.1694 0.5797 0.1384 0.6054 0.1694 0.625 0.1694 0.603 0.1625 0.6527 0.1694 0.603 0.1694 0.625 0.2258999 0.625 0.1694 0.5797 0.1694 0.603 0.2258999 0.6029 0.2657 0.7907 0.4186 1 0.3613 0.9296 0.244 0.8125 0.2548 0.8016 0.3613 0.9296 0.2548 0.8016 0.244 0.8125 0.1597999 0.6719 0.2657 0.7907 0.2548 0.8016 0.1625 0.6527 0.3314 0.5967 0.3314 0.8333 0.3532 0.795 0.3532 0.5967 0.3532 0.795 0.375 0.795 0.375 0.5967 0.375 0.4784 0.3532 0.4784 0.3532 0.5967 0.3532 0.4784 0.3267 0.4641 0.9233 0.5783 1 0.5792 0.9311 0.5936 0.9233 0.6021 0.9311 0.5936 0.934 0.6137 0.9233 0.625 0.8467 0.625 0.8467 0.6022 0.9233 0.6021 0.8467 0.6022 0.8467 0.5784 0.4114 0.5793 0.4839 0.5792 0.4839 0.6027 0.4114 0.6027 0.4839 0.6027 0.4839 0.625 0.4114 0.625 0.3428 0.625 0.3428 0.6028 0.4114 0.6027 0.3428 0.6028 0.3428 0.5794 0.3968 0.9167 0.4199 0.9167 0.4186 1 0.3968 0.9167 0.3613 0.9296 0.3422 0.9323 0.3968 0.9167 0.375 0.9167 0.375 0.795 0.4199 0.9167 0.3968 0.9167 0.3968 0.795 0.6611 0.5786 0.7045 0.5786 0.7045 0.6022 0.6612 0.6022 0.7045 0.6022 0.7045 0.6249 0.6611 0.6248 0.6188 0.6248 0.6188 0.6023 0.6612 0.6022 0.6188 0.6023 0.6188 0.5788 0.5564 0.579 0.6188 0.5788 0.6188 0.6023 0.5564 0.6025 0.6188 0.6023 0.6188 0.6248 0.5564 0.6249 0.4839 0.625 0.4839 0.6027 0.5564 0.6025 0.4839 0.6027 0.4839 0.5792 0.2824 0.5794 0.3428 0.5794 0.3428 0.6028 0.2824 0.6028 0.3428 0.6028 0.3428 0.625 0.2824 0.625 0.2258999 0.625 0.2258999 0.6029 0.2824 0.6028 0.2258999 0.6029 0.2258999 0.5795 0.675 0.4011 0.6708 0.5347 0.6919 0.5153 0.6479 0.4009 0.6919 0.5153 0.6719 0.5123 0.625 0.4008 0.6527 0.361 0.6727 0.3611 0.6479 0.4009 0.6727 0.3611 0.6708 0.2674 0.1694 0.6736 0.1342999 0.6948 0.1571 0.691 0.1694 0.647 0.1571 0.691 0.1597999 0.6719 0.1694 0.625 0.2258999 0.625 0.2258999 0.6471 0.1694 0.647 0.2258999 0.6471 0.2258999 0.6738 0.2222 0.8343 0.3314 1 0.3232 0.935 0.2330999 0.8234 0.3232 0.935 0.3422 0.9323 0.244 0.8125 0.1597999 0.6719 0.1571 0.691 0.2330999 0.8234 0.1571 0.691 0.1342999 0.6948 0.8354 0.6027 1 0.6708 0.9368 0.6337 0.8239 0.5912 0.9368 0.6337 0.934 0.6137 0.8125 0.5797 0.6719 0.5123 0.6919 0.5153 0.8239 0.5912 0.6919 0.5153 0.6708 0.5347 0.7701 0.6747 0.7045 0.6744 0.7045 0.6475 0.77 0.6477 0.7045 0.6475 0.7045 0.6249 0.7701 0.6249 0.8467 0.625 0.8467 0.6478 0.77 0.6477 0.8467 0.6478 0.8467 0.6748 0.3968 0.5967 0.4186 0.5967 0.4186 0.8333 0.375 0.5967 0.3968 0.5967 0.3968 0.795 0.3968 0.5967 0.375 0.5967 0.375 0.4784 0.4186 0.5967 0.3968 0.5967 0.3968 0.4784 0.6934 0.6453 0.6934 0.6715 0.6934 0.6711 0.6934 0.6242 0.6934 0.6453 0.6934 0.645 0.6934 0.6453 0.6934 0.6242 0.6853 0.6244 0.6934 0.6453 0.6853 0.6458 0.6853 0.6723 0.6934 0.6715 0.7126 0.6819 0.7126 0.6588 0.6934 0.6243 0.6934 0.6453 0.7126 0.6588 0.6934 0.6243 0.6934 0.6242 0.6934 0.645 0.6934 0.6453 0.6934 0.645 0.6934 0.6711 0.7701 0.698 0.7701 0.7112 0.818 0.703 0.7701 0.6872 0.7701 0.698 0.8027 0.6767 0.7701 0.698 0.7701 0.6872 0.7126 0.6401 0.7701 0.698 0.7126 0.6588 0.7126 0.6819 0.7587 0.5087 0.6708 0.2674 0.6727 0.3611 0.7473 0.5087 0.6727 0.3611 0.6527 0.361 0.7473 0.5087 0.7358 0.5086 0.7998 0.674 0.7587 0.5087 0.7473 0.5087 0.8027 0.6767 0.1694 0.5539 0.1694 0.5302 0.1129 0.5303 0.1694 0.5797 0.1694 0.5539 0.1129 0.554 0.1694 0.5539 0.1694 0.5797 0.2258999 0.5795 0.1694 0.5302 0.1694 0.5539 0.2258999 0.5537 0.0564 0.5303 0 0.5269 0 0.5542 0.0564 0.5541 0 0.5542 0 0.5814 0.0564 0.5541 0.0564 0.5814 0.1384 0.6054 0.0564 0.5303 0.0564 0.5541 0.1129 0.554 0.9233 0.5295 1 0.5261 1 0.5527 0.9233 0.5527 1 0.5527 1 0.5792 0.9233 0.5783 0.8467 0.5784 0.8467 0.5528 0.9233 0.5527 0.8467 0.5528 0.8467 0.5296 0.4114 0.53 0.4839 0.5299 0.4839 0.5534 0.4114 0.5535 0.4839 0.5534 0.4839 0.5792 0.4114 0.5793 0.3428 0.5794 0.3428 0.5536 0.4114 0.5535 0.3428 0.5536 0.3428 0.53 0.4458 0.9167 0.4697 0.9167 0.4731 1 0.4199 0.9167 0.4458 0.9167 0.4458 1 0.4458 0.9167 0.4199 0.9167 0.4186 0.8333 0.4697 0.9167 0.4458 0.9167 0.4458 0.8333 0.6611 0.5297 0.7045 0.5296 0.7045 0.5529 0.6612 0.553 0.7045 0.5529 0.7045 0.5786 0.6611 0.5786 0.6188 0.5788 0.6188 0.5531 0.6612 0.553 0.6188 0.5531 0.6188 0.5297 0.5564 0.5298 0.6188 0.5297 0.6188 0.5531 0.5564 0.5533 0.6188 0.5531 0.6188 0.5788 0.5564 0.579 0.4839 0.5792 0.4839 0.5534 0.5564 0.5533 0.4839 0.5534 0.4839 0.5299 0.2824 0.53 0.3428 0.53 0.3428 0.5536 0.2824 0.5536 0.3428 0.5536 0.3428 0.5794 0.2824 0.5794 0.2258999 0.5795 0.2258999 0.5537 0.2824 0.5536 0.2258999 0.5537 0.2258999 0.5301 0.4458 0.5395 0.4697 0.5395 0.4731 0.7189 0.4186 0.5395 0.4458 0.5395 0.4458 0.7189 0.4458 0.5395 0.4186 0.5395 0.4199 0.4641 0.4697 0.5395 0.4458 0.5395 0.4458 0.4497 0.4114 0.5133 0.4114 0.53 0.4839 0.5299 0.4114 0.5 0.4114 0.5133 0.4839 0.5133 0.4114 0.5133 0.4114 0.5 0.3388 0.5 0.4114 0.53 0.4114 0.5133 0.3428 0.5133 0.4697 0.9167 0.4731 1 0.4866 1 0.4866 0.9167 0.4866 1 0.5 1 0.5 0.9166 0.5 0.8333 0.4866 0.8333 0.4866 0.9167 0.4866 0.8333 0.4731 0.8333 0.6612 0.5133 0.6611 0.53 0.6882 0.5291 0.6612 0.5133 0.6853 0.5134 0.6934 0.5 0.6611 0.5 0.6289 0.5 0.6188 0.5132 0.6611 0.53 0.6612 0.5133 0.6188 0.5132 0.5564 0.5132 0.5564 0.5299 0.6188 0.5299 0.5564 0.5132 0.6188 0.5132 0.6289 0.5 0.5564 0.5132 0.5564 0.5 0.4839 0.5 0.5564 0.5299 0.5564 0.5132 0.4839 0.5133 0.2824 0.5133 0.2824 0.53 0.3428 0.53 0.2824 0.5 0.2824 0.5133 0.3428 0.5133 0.2824 0.5133 0.2824 0.5 0.2258999 0.5 0.2824 0.53 0.2824 0.5133 0.2258999 0.5133 0.4697 0.5395 0.4731 0.7189 0.4866 0.7189 0.5 0.5395 0.4866 0.5395 0.4866 0.7189 0.5 0.5395 0.5 0.36 0.4866 0.4497 0.4866 0.5395 0.4866 0.4497 0.4697 0.4497 0.5295 0.4002 0.5261 0.5335 0.5131 0.5334 0.5131 0.4001 0.5131 0.5334 0.5 0.5333 0.5 0.4 0.5 0.2668 0.5131 0.2668 0.5295 0.4002 0.5131 0.4001 0.5131 0.2668 0.1694 0.5302 0.1129 0.5303 0.1129 0.5134 0.1694 0.5134 0.1129 0.5134 0.1129 0.5 0.1694 0.5 0.2258999 0.5 0.2258999 0.5133 0.1694 0.5134 0.2258999 0.5133 0.2258999 0.5301 0.0564 0.5134 0.0564 0.5303 0 0.5269 0.0564 0.5 0.0564 0.5134 0 0.5134 0.0564 0.5 0.1129 0.5 0.1129 0.5134 0.0564 0.5134 0.1129 0.5134 0.1129 0.5303 0.5295 0.9167 0.5261 1 0.5131 1 0.5131 0.9167 0.5131 1 0.5 1 0.5 0.9166 0.5 0.8333 0.5131 0.8333 0.5131 0.9167 0.5131 0.8333 0.5261 0.8333 0.7701 0.5296 0.7045 0.5296 0.7045 0.5131 0.77 0.5131 0.7045 0.5131 0.6934 0.5 0.7701 0.5 0.8467 0.5 0.8467 0.5131 0.77 0.5131 0.8467 0.5131 0.8467 0.5296 0.6934 0.5 0.6934 0.5 0.6853 0.5134 0.6934 0.5236 0.6934 0.5134 0.6853 0.5134 0.6934 0.5236 0.6934 0.5236 0.6934 0.5134 0.6934 0.5134 0.6934 0.5134 0.6934 0.5 0.6934 0.5236 0.6882 0.5291 0.6934 0.534 0.6934 0.5271 0.6934 0.534 0.6934 0.5342 0.6934 0.5273 0.6934 0.5273 0.6934 0.5271 0.6934 0.5271 0.6934 0.5271 0.6934 0.5236 0.6934 0.5273 0.6934 0.5342 0.6934 0.534 0.6934 0.5271 0.6934 0.534 0.7104 0.5624 0.6934 0.5271 0.6934 0.5269 0.6934 0.5269 0.6934 0.5271 0.6934 0.5271 0.6934 0.5273 0.6934 0.5 0.6934 0.5 0.6934 0.5134 0.6934 0.5134 0.6934 0.5134 0.6934 0.5236 0.6934 0.5134 0.6934 0.5236 0.6934 0.521 0.6934 0.5 0.6934 0.5134 0.6934 0.5134 0.6934 0.5236 0.6934 0.5236 0.6934 0.5271 0.6934 0.5271 0.6934 0.5271 0.6934 0.5273 0.6934 0.5271 0.6934 0.5273 0.6934 0.5274 0.6934 0.5236 0.6934 0.5271 0.6934 0.5271 0.6934 0.5273 0.6934 0.5273 0.6934 0.5271 0.6934 0.5269 0.6934 0.5271 0.6934 0.5271 0.6934 0.5269 0.6934 0.5269 0.6934 0.5271 0.6934 0.5271 0.6934 0.5271 0.6934 0.5274 0.6934 0.5 0.6934 0.5 0.6934 0.5134 0.6934 0.5134 0.6934 0.5134 0.6934 0.521 0.6934 0.5269 0.6934 0.5269 0.6934 0.5134 0.6934 0.5134 0.6934 0.5134 0.6934 0.5 0.6934 0.5 0.6934 0.5 0.6934 0.5134 0.6934 0.5134 0.6934 0.5134 0.6934 0.5269 0.6934 0.5134 0.6934 0.5269 0.6934 0.5269 0.6934 0.5134 0.6934 0.5134 0.6934 0.5 0.4114 0.6027 0.4114 0.625 0.4839 0.6249 0.4114 0.5793 0.4114 0.6027 0.4839 0.6027 0.4114 0.6027 0.4114 0.5793 0.3428 0.5794 0.4114 0.625 0.4114 0.6027 0.3428 0.6028 0.3968 0.9167 0.375 0.9167 0.3422 0.9323 0.3968 0.9167 0.3613 0.9296 0.4186 1 0.4199 0.9167 0.4186 0.8333 0.3968 0.795 0.3968 0.9167 0.3968 0.795 0.375 0.795 0.6612 0.6026 0.6611 0.6245 0.6853 0.6244 0.6611 0.5794 0.6612 0.6026 0.6853 0.6029 0.6612 0.6026 0.6611 0.5794 0.6188 0.579 0.6611 0.6245 0.6612 0.6026 0.6188 0.6024 0.5564 0.6025 0.5564 0.6248 0.6188 0.6246 0.5564 0.579 0.5564 0.6025 0.6188 0.6024 0.5564 0.6025 0.5564 0.579 0.4839 0.5792 0.5564 0.6248 0.5564 0.6025 0.4839 0.6027 0.2824 0.6028 0.2824 0.625 0.3428 0.625 0.2824 0.5794 0.2824 0.6028 0.3428 0.6028 0.2824 0.6028 0.2824 0.5794 0.2258999 0.5795 0.2824 0.625 0.2824 0.6028 0.2258999 0.6029 0.1694 0.647 0.1694 0.625 0.1597999 0.6719 0.1694 0.6736 0.1694 0.647 0.1571 0.691 0.1694 0.647 0.1694 0.6736 0.2258999 0.6738 0.1694 0.625 0.1694 0.647 0.2258999 0.6471 0.2330999 0.8234 0.244 0.8125 0.3422 0.9323 0.2222 0.8343 0.2330999 0.8234 0.3232 0.935 0.2330999 0.8234 0.2222 0.8343 0.1342999 0.6948 0.244 0.8125 0.2330999 0.8234 0.1571 0.691 0.375 0.5967 0.375 0.795 0.3968 0.795 0.3968 0.5967 0.3968 0.795 0.4186 0.8333 0.4186 0.5967 0.4199 0.4641 0.3968 0.4784 0.3968 0.5967 0.3968 0.4784 0.375 0.4784 0.9233 0.625 0.934 0.6137 0.9368 0.6337 0.9233 0.6479 0.9368 0.6337 1 0.6708 0.9233 0.6749 0.8467 0.6748 0.8467 0.6478 0.9233 0.6479 0.8467 0.6478 0.8467 0.625 0.4114 0.625 0.4839 0.625 0.4839 0.6473 0.4114 0.6473 0.4839 0.6473 0.4839 0.6741 0.4114 0.674 0.3428 0.674 0.3428 0.6472 0.4114 0.6473 0.3428 0.6472 0.3428 0.625 0.375 0.9167 0.3422 0.9323 0.3232 0.935 0.3267 0.9167 0.3532 0.9167 0.3232 0.935 0.3532 0.9167 0.3267 0.9167 0.3314 0.8333 0.375 0.9167 0.3532 0.9167 0.3532 0.795 0.6611 0.6248 0.7045 0.6249 0.7045 0.6475 0.6612 0.6474 0.7045 0.6475 0.7045 0.6744 0.6611 0.6743 0.6188 0.6742 0.6188 0.6473 0.6612 0.6474 0.6188 0.6473 0.6188 0.6248 0.5564 0.6249 0.6188 0.6248 0.6188 0.6473 0.5564 0.6473 0.6188 0.6473 0.6188 0.6742 0.5564 0.6741 0.4839 0.6741 0.4839 0.6473 0.5564 0.6473 0.4839 0.6473 0.4839 0.625 0.2824 0.625 0.3428 0.625 0.3428 0.6472 0.2824 0.6472 0.3428 0.6472 0.3428 0.674 0.2824 0.6739 0.2258999 0.6738 0.2258999 0.6471 0.2824 0.6472 0.2258999 0.6471 0.2258999 0.625 0.625 0.4008 0.6719 0.5123 0.6518 0.5092 0.6021 0.4006 0.6518 0.5092 0.5792 0.5339 0.5783 0.4005 0.5792 0.2671 0.6327 0.3609 0.6021 0.4006 0.6327 0.3609 0.6527 0.361 0.1694 0.625 0.1597999 0.6719 0.1625 0.6527 0.1694 0.603 0.1625 0.6527 0.1384 0.6054 0.1694 0.5797 0.2258999 0.5795 0.2258999 0.6029 0.1694 0.603 0.2258999 0.6029 0.2258999 0.625 0.244 0.8125 0.3422 0.9323 0.3613 0.9296 0.2657 0.7907 0.2548 0.8016 0.3613 0.9296 0.2657 0.7907 0.1384 0.6054 0.1625 0.6527 0.2548 0.8016 0.1625 0.6527 0.1597999 0.6719 0.8125 0.5797 0.934 0.6137 0.9311 0.5936 0.8011 0.5681 0.9311 0.5936 1 0.5792 0.7896 0.5566 0.5792 0.5339 0.6518 0.5092 0.8011 0.5681 0.6518 0.5092 0.6719 0.5123 0.7701 0.6249 0.7045 0.6249 0.7045 0.6022 0.77 0.6022 0.7045 0.6022 0.7045 0.5786 0.7701 0.5785 0.8467 0.5784 0.8467 0.6022 0.77 0.6022 0.8467 0.6022 0.8467 0.625 0.3532 0.5967 0.375 0.5967 0.375 0.795 0.3314 0.5967 0.3532 0.5967 0.3532 0.795 0.3532 0.5967 0.3314 0.5967 0.3267 0.4641 0.375 0.5967 0.3532 0.5967 0.3532 0.4784 0.6934 0.6242 0.6934 0.6242 0.6934 0.6034 0.6934 0.6032 0.6934 0.6034 0.6934 0.5809 0.6934 0.6032 0.6934 0.5806 0.6853 0.58 0.6934 0.6032 0.6853 0.6029 0.6853 0.6244 0.6934 0.6033 0.6934 0.6243 0.7126 0.6401 0.6934 0.5806 0.6934 0.6033 0.7126 0.6214 0.6934 0.6033 0.6934 0.5806 0.6934 0.5809 0.6934 0.6033 0.6934 0.6034 0.6934 0.6242 0.7701 0.6765 0.7701 0.6872 0.7998 0.674 0.7701 0.665 0.7701 0.6765 0.797 0.6713 0.7701 0.6765 0.7701 0.665 0.7126 0.6014 0.7701 0.6872 0.7701 0.6765 0.7126 0.6214 0.7358 0.5086 0.6527 0.361 0.6327 0.3609 0.7244 0.5086 0.6327 0.3609 0.5792 0.2671 0.7244 0.5086 0.713 0.5085 0.7981 0.6763 0.7358 0.5086 0.7244 0.5086 0.797 0.6713 0.1412 0.9807 0.1623 0.9398 0.1161 0.9193 0.1129 1 0.1412 0.9807 0.0776 0.9485 0.1412 0.9807 0.1129 1 0.2258999 1 0.1623 0.9398 0.1412 0.9807 0.2203 0.9865 0.2914 0.9583 0.2264 0.9485 0.2203 0.9865 0.2824 1 0.2884 0.993 0.2203 0.9865 0.2884 0.993 0.2824 1 0.3388 1 0.2884 0.993 0.3414 0.9983 0.3618 0.9783 0.08469998 0.8639 0.12 0.9506 0.1129 1 0.06349998 0.7683 0.08469998 0.8639 0.0564 0.875 0.08469998 0.8639 0.06349998 0.7683 0.1147 0.7666 0.12 0.9506 0.08469998 0.8639 0.12 0.8568 0.1694 0.8581 0.1694 0.9434 0.1349 0.922 0.1694 0.8581 0.12 0.8568 0.1147 0.7666 0.1694 0.7669 0.2258999 0.7679 0.2258999 0.8619 0.1694 0.8581 0.2258999 0.8619 0.2258999 0.9491 0.2824 0.95 0.2258999 0.9491 0.2258999 0.8619 0.2824 0.8625 0.2258999 0.8619 0.2258999 0.7679 0.2824 0.768 0.3428 0.7683 0.3428 0.8634 0.2824 0.8625 0.3428 0.8634 0.3462 0.9611 0.4161 0.9586 0.3462 0.9611 0.3428 0.8634 0.4114 0.8682 0.3428 0.8634 0.3428 0.7683 0.4114 0.7695 0.4839 0.7708 0.4839 0.8733 0.4114 0.8682 0.4839 0.8733 0.4848 0.9662 0.4302 0.9932 0.3868 0.9899 0.3462 0.9611 0.4876 0.9983 0.4302 0.9932 0.4161 0.9586 0.4876 0.9983 0.4893 1 0.449 1 0.4302 0.9932 0.449 1 0.4086 1 0.5126 1 0.4801 1 0.4599 1 0.4886 1 0.4599 1 0.4397 1 0.4588 1 0.4779 1 0.503 1 0.4886 1 0.503 1 0.5309 1 0.4886 1 0.5126 1 0.5309 1 0.4886 1 0.503 1 0.4779 1 0.4886 1 0.4588 1 0.4397 1 0.5126 1 0.4886 1 0.4599 1 0.4362 1 0.3959 1 0.4087 1 0.4891 1 0.4362 1 0.449 1 0.4891 1 0.4871 0.9688 0.4251 0.9688 0.4362 1 0.4251 0.9688 0.3618 0.9783 0.3518 0.8733 0.3618 0.9783 0.4251 0.9688 0.4174 0.875 0.4251 0.9688 0.4871 0.9688 0.4854 0.875 0.4843 0.7712 0.4129 0.7712 0.4174 0.875 0.4129 0.7712 0.3451 0.7707 0.875 0.4022 0.75 0.4015 0.75 0.2677 1 0.4029 0.875 0.4022 0.875 0.3352 0.875 0.4022 1 0.4029 1 0.5372 0.75 0.4015 0.875 0.4022 0.875 0.5362 0.2299 0.4029 0.1533 0.4029 0.1533 0.3358 0.3066 0.4029 0.2299 0.4029 0.23 0.3358 0.2299 0.4029 0.3066 0.4029 0.3066 0.5372 0.1533 0.4029 0.2299 0.4029 0.23 0.5372 0.8871 1 0.7741 1 0.7882 0.9166 0.8871 0.9166 0.7882 0.9166 0.7882 0.8021 0.8871 0.8021 1 0.8333 1 0.9166 0.8871 0.9166 1 0.9166 1 1 0.5249 1 0.4841 1 0.48 1 0.5453 1 0.5249 1 0.5126 1 0.5453 1 0.5746 1 0.5314 1 0.5249 1 0.5314 1 0.4881 1 0.591 0.9896 0.5859 1 0.5376 1 0.547 1 0.5376 1 0.4893 1 0.547 1 0.4891 1 0.4871 0.9688 0.591 0.9896 0.547 1 0.554 0.9688 0.1694 0.8557 0.1129 0.8548 0.1129 0.766 0.2274 0.8615 0.1694 0.8557 0.1694 0.7663 0.1694 0.8557 0.2274 0.8615 0.2264 0.9485 0.1694 0.8557 0.1623 0.9398 0.1161 0.9193 0.4129 0.7712 0.3451 0.7707 0.3428 0.7097 0.4114 0.7098 0.3428 0.7097 0.3428 0.674 0.4114 0.674 0.4839 0.674 0.4839 0.7098 0.4114 0.7098 0.4839 0.7098 0.4843 0.7712 0.2907 0.9166 0.2289 0.9166 0.25 0.8333 0.3267 0.9166 0.2907 0.9166 0.2907 0.8333 0.2907 0.9166 0.3267 0.9166 0.3314 1 0.2289 0.9166 0.2907 0.9166 0.2907 1 0.6611 0.7092 0.6611 0.771 0.6188 0.7711 0.6611 0.673 0.6611 0.7092 0.6188 0.7095 0.6611 0.7092 0.6611 0.673 0.6853 0.6723 0.6611 0.771 0.6611 0.7092 0.6853 0.7087 0.5564 0.7712 0.4843 0.7712 0.4839 0.7098 0.5564 0.6739 0.5564 0.7097 0.4839 0.7098 0.5564 0.7097 0.5564 0.6739 0.6188 0.6736 0.5564 0.7712 0.5564 0.7097 0.6188 0.7095 0.7176 0.9166 0.7176 1 0.6612 1 0.7176 0.9166 0.6612 0.9166 0.6612 0.8333 0.7176 0.8021 0.7882 0.8021 0.7882 0.9166 0.7176 0.9166 0.7882 0.9166 0.7741 1 0.7176 0.625 0.6612 0.625 0.6612 0.4167 0.7882 0.625 0.7176 0.625 0.7176 0.5209 0.7176 0.625 0.7882 0.625 0.7882 0.8021 0.6612 0.625 0.7176 0.625 0.7176 0.8021 0 0.875 0 0.75 0.0564 0.768 0.0564 0.8627 0.0564 0.768 0.1129 0.766 0.1129 0.8548 0.1161 0.9193 0.0776 0.9485 0.0564 0.8627 0.0776 0.9485 0 1 0.2824 0.7097 0.3428 0.7097 0.3451 0.7707 0.2258999 0.7096 0.2824 0.7097 0.2839 0.7694 0.2824 0.7097 0.2258999 0.7096 0.2258999 0.6738 0.3428 0.7097 0.2824 0.7097 0.2824 0.6739 0.875 0.9166 0.875 1 0.75 1 0.875 0.9166 0.75 0.9166 0.75 0.8333 0.875 0.8333 1 0.8333 1 0.9166 0.875 0.9166 1 0.9166 1 1 0.23 1 0.1533 1 0.1533 0.9166 0.23 0.9166 0.1533 0.9166 0.1533 0.8333 0.23 0.8333 0.3066 0.8333 0.3066 0.9166 0.23 0.9166 0.3066 0.9166 0.3066 1 0.3414 0.9983 0.3618 0.9783 0.3959 1 0.4007 1 0.3757 1 0.3959 1 0.4007 1 0.3926 1 0.3657 1 0.3757 1 0.3657 1 0.3388 1 0.6464 0.9583 0.6934 1 0.5967 0.9166 0.6021 0.9583 0.5967 0.9166 0.5 0.8333 0.6021 0.9583 0.543 0.9166 0.5859 1 0.6021 0.9583 0.591 0.9896 0.6119 0.9661 0.1694 0.5134 0.1129 0.5134 0.1129 0.5 0.2258999 0.5133 0.1694 0.5134 0.1694 0.5 0.1694 0.5134 0.2258999 0.5133 0.2258999 0.5301 0.1129 0.5134 0.1694 0.5134 0.1694 0.5302 0.9233 1 0.8467 1 0.8467 0.875 0.9233 0.875 0.8467 0.875 0.8467 0.7813 0.9233 0.875 0.9233 0.7813 1 0.75 0.9233 0.875 1 0.875 1 1 0.125 0.9166 0 0.9166 0 0.8333 0.2289 0.9166 0.125 0.9166 0.125 0.8333 0.125 0.9166 0.2289 0.9166 0.25 1 0 0.9166 0.125 0.9166 0.125 1 0.6464 0.9583 0.6119 0.9661 0.6188 0.875 0.6611 0.875 0.6188 0.875 0.6188 0.7711 0.6611 0.875 0.6611 0.771 0.7005 0.7634 0.6611 0.875 0.7045 0.875 0.6934 1 0.554 0.9688 0.4871 0.9688 0.4854 0.875 0.5564 0.875 0.4854 0.875 0.4843 0.7712 0.5564 0.7712 0.6188 0.7711 0.6188 0.875 0.5564 0.875 0.6188 0.875 0.6119 0.9661 0 0.5134 0 0.5 0.0564 0.5 0.1129 0.5134 0.0564 0.5134 0.0564 0.5 0.0564 0.5134 0.1129 0.5134 0.1129 0.5303 0.0564 0.5134 0.0564 0.5303 0 0.5269 0.2884 0.868 0.3518 0.8733 0.3618 0.9783 0.2274 0.8615 0.2884 0.868 0.2914 0.9583 0.2884 0.868 0.2274 0.8615 0.2263 0.7678 0.3518 0.8733 0.2884 0.868 0.2839 0.7694 0.07669997 0.4029 0 0.4029 0 0.2687 0.1533 0.4029 0.07669997 0.4029 0.07669997 0.3358 0.07669997 0.4029 0.1533 0.4029 0.1533 0.5372 0 0.4029 0.07669997 0.4029 0.07669997 0.5372 0.07669997 0.9166 0 0.9166 0 0.8333 0.1533 0.9166 0.07669997 0.9166 0.07669997 0.8333 0.07669997 0.9166 0.1533 0.9166 0.1533 1 0 0.9166 0.07669997 0.9166 0.07669997 1 0.7045 0.875 0.7005 0.7634 0.7701 0.7813 0.8467 0.875 0.7701 0.875 0.7701 0.7813 0.7701 0.875 0.8467 0.875 0.8467 1 0.7045 0.875 0.7701 0.875 0.7701 1 0.5475 1 0.5579 1 0.5337 1 0.5112 1 0.5337 1 0.5096 1 0.5112 1 0.475 1 0.4404 1 0.5475 1 0.5112 1 0.5 1 0.125 0.7191 0 0.7192 0 0.5397 0.125 0.5396 0 0.5397 0 0.3601 0.125 0.4499 0.2289 0.4498 0.2289 0.5396 0.125 0.5396 0.2289 0.5396 0.25 0.719 0.88 0.5211 1 0.4173 1 0.6253 0.8871 0.6251 1 0.6253 1 0.8333 0.8871 0.8021 0.7882 0.8021 0.7882 0.625 0.8871 0.6251 0.7882 0.625 0.7865 0.5209 0.3818 0.259 0.3066 -0.07429999 0.3066 0.1942 0.3711 0.4442 0.3066 0.1942 0.3066 0.4627 0.3657 0.5368 0.4141 0.7961 0.4355 0.6942 0.3818 0.259 0.3711 0.4442 0.4355 0.6942 0.2907 0.719 0.25 0.719 0.2289 0.5396 0.2907 0.5395 0.2289 0.5396 0.2289 0.4498 0.2907 0.4498 0.3267 0.4641 0.3314 0.5395 0.2907 0.5395 0.3314 0.5395 0.3314 0.719 0.875 0.5362 1 0.5372 1 0.4029 0.875 0.4022 1 0.4029 1 0.2687 0.875 0.3352 0.75 0.2677 0.7713 0.4016 0.875 0.4022 0.7713 0.4016 0.75 0.5353 0.23 0.5372 0.3066 0.5372 0.3066 0.4029 0.2299 0.4029 0.3066 0.4029 0.3066 0.2687 0.23 0.3358 0.1533 0.3358 0.1533 0.4029 0.2299 0.4029 0.1533 0.4029 0.1533 0.5372 0.8871 0.9166 0.8871 0.8333 0.8377 0.8021 0.8306 0.9166 0.8377 0.8021 0.7759 0.8021 0.7741 0.9166 0.7741 1 0.8306 1 0.8306 0.9166 0.8306 1 0.8871 1 0.5249 1 0.4841 1 0.4881 1 0.5453 1 0.5249 1 0.5314 1 0.5453 1 0.5309 1 0.5126 1 0.5249 1 0.5126 1 0.4801 1 0.547 1 0.554 0.9688 0.4848 0.9662 0.547 1 0.4876 0.9983 0.4893 1 0.5376 1 0.5859 1 0.591 0.9896 0.554 0.9688 0.547 1 0.591 0.9896 0.1694 0.9831 0.1694 1 0.2258999 1 0.1694 0.9434 0.1694 0.9831 0.2258999 0.9869 0.1694 0.9831 0.1694 0.9434 0.1349 0.922 0.1694 1 0.1694 0.9831 0.12 0.9506 1 0.5131 1 0.5 0.9233 0.5 0.9233 0.5131 0.9233 0.5 0.8467 0.5 0.8467 0.5131 0.8467 0.5296 0.9233 0.5295 0.9233 0.5131 0.9233 0.5295 1 0.5261 0.4839 0.5133 0.4839 0.5 0.4114 0.5 0.4114 0.5133 0.4114 0.5 0.3388 0.5 0.3428 0.5133 0.3428 0.53 0.4114 0.53 0.4114 0.5133 0.4114 0.53 0.4839 0.5299 0.4866 0.9166 0.4866 1 0.5 1 0.4866 0.8333 0.4866 0.9166 0.5 0.9166 0.4866 0.9166 0.4866 0.8333 0.4731 0.8333 0.4866 1 0.4866 0.9166 0.4697 0.9166 0.7045 0.5131 0.6934 0.5 0.6611 0.5 0.6611 0.5131 0.6611 0.5 0.6289 0.5 0.6188 0.5132 0.6188 0.5297 0.6611 0.5297 0.6611 0.5131 0.6611 0.5297 0.7045 0.5296 0.6188 0.5132 0.6289 0.5 0.5564 0.5 0.5564 0.5132 0.5564 0.5 0.4839 0.5 0.4839 0.5133 0.4839 0.5299 0.5564 0.5298 0.5564 0.5132 0.5564 0.5298 0.6188 0.5297 0.7741 0.9166 0.7759 0.8021 0.7176 0.8021 0.7176 0.9166 0.7176 0.8021 0.6612 0.8333 0.7176 0.9166 0.6612 0.9166 0.6612 1 0.7176 0.9166 0.7176 1 0.7741 1 0.7176 0.625 0.7176 0.8021 0.7759 0.8021 0.7176 0.5209 0.7176 0.625 0.7812 0.625 0.7176 0.625 0.7176 0.5209 0.6612 0.4167 0.7176 0.8021 0.7176 0.625 0.6612 0.625 0.2824 0.5133 0.2824 0.5 0.2258999 0.5 0.2824 0.53 0.2824 0.5133 0.2258999 0.5133 0.2824 0.5133 0.2824 0.53 0.3428 0.53 0.2824 0.5 0.2824 0.5133 0.3428 0.5133 0.875 0.9166 1 0.9166 1 0.8333 0.7713 0.9166 0.875 0.9166 0.875 0.8333 0.875 0.9166 0.7713 0.9166 0.75 1 0.875 0.9166 0.875 1 1 1 0.23 0.9166 0.3066 0.9166 0.3066 0.8333 0.1533 0.9166 0.23 0.9166 0.23 0.8333 0.1533 0.9166 0.1533 1 0.23 1 0.23 0.9166 0.23 1 0.3066 1 0.3657 1 0.3926 1 0.4006 1 0.3868 0.9899 0.3697 0.9932 0.4006 1 0.3868 0.9899 0.3462 0.9611 0.3324 0.9884 0.3697 0.9932 0.3324 0.9884 0.3388 1 0.6021 0.9583 0.591 0.9896 0.5859 1 0.5967 0.9166 0.6021 0.9583 0.543 0.9166 0.5967 0.9166 0.6934 1 0.6464 0.9583 0.6021 0.9583 0.6464 0.9583 0.6119 0.9661 0.7104 0.535 0.75 0.5353 0.7713 0.4016 0.7104 0.2676 0.7104 0.4013 0.7713 0.4016 0.7104 0.2676 0.6708 0.2674 0.675 0.4011 0.7104 0.4013 0.675 0.4011 0.6708 0.5347 0.1694 0.7095 0.1694 0.7669 0.2258999 0.7679 0.1694 0.6736 0.1694 0.7095 0.2258999 0.7096 0.1694 0.7095 0.1694 0.6736 0.1342999 0.6948 0.1694 0.7669 0.1694 0.7095 0.1129 0.7094 1 0.875 1 0.75 0.9233 0.7713 0.9233 0.875 0.9233 0.7713 0.8467 0.7713 0.8467 0.875 0.8467 1 0.9233 1 0.9233 0.875 0.9233 1 1 1 0.1532 0.9166 0.1814 1 0.25 1 0.125 0.8333 0.1532 0.9166 0.236 0.9166 0.1532 0.9166 0.125 0.8333 0 0.8333 0.1814 1 0.1532 0.9166 0.0564 0.9166 0.7045 0.875 0.7045 0.7713 0.6611 0.7712 0.6611 0.875 0.6611 0.7712 0.6188 0.7712 0.6188 0.875 0.6119 0.9661 0.6464 0.9583 0.6611 0.875 0.6464 0.9583 0.6934 1 0.6188 0.875 0.6188 0.7712 0.5564 0.7712 0.5564 0.875 0.5564 0.7712 0.4839 0.7708 0.4839 0.8733 0.4848 0.9662 0.554 0.9688 0.5564 0.875 0.554 0.9688 0.6119 0.9661 0.0564 0.7093 0.06349998 0.7683 0.1147 0.7666 0.0564 0.6686 0.0564 0.7093 0.1129 0.7094 0.0564 0.7093 0.0564 0.6686 0 0.6686 0.0564 0.7093 0 0.7093 0 0.75 0.3324 0.9884 0.3462 0.9611 0.2824 0.95 0.2258999 0.9869 0.2824 0.9875 0.2824 0.95 0.2258999 0.9869 0.2258999 1 0.2824 1 0.2824 0.9875 0.2824 1 0.3388 1 0.7104 1 0.75 1 0.7713 0.9166 0.7104 0.9166 0.7713 0.9166 0.75 0.8333 0.7104 0.8333 0.6708 0.8333 0.6708 0.9166 0.7104 0.9166 0.6708 0.9166 0.6708 1 0.07669997 0.5372 0.1533 0.5372 0.1533 0.4029 0.07669997 0.4029 0.1533 0.4029 0.1533 0.3358 0.07669997 0.3358 0 0.2687 0 0.4029 0.07669997 0.4029 0 0.4029 0 0.5372 0.7701 0.7102 0.7701 0.7713 0.8467 0.7713 0.7701 0.6747 0.7701 0.7102 0.8467 0.7103 0.7701 0.7102 0.7701 0.6747 0.7045 0.6744 0.7701 0.7713 0.7701 0.7102 0.7045 0.7101 0.07669997 0.9166 0.07669997 1 0.1533 1 0.07669997 0.9166 0.1533 0.9166 0.1533 0.8333 0.07669997 0.8333 0 0.8333 0 0.9166 0.07669997 1 0.07669997 0.9166 0 0.9166 0.7701 0.875 0.7701 1 0.8467 1 0.7701 0.7713 0.7701 0.875 0.8467 0.875 0.7701 0.875 0.7701 0.7713 0.7045 0.7713 0.7701 1 0.7701 0.875 0.7045 0.875 0.5 1 0.4404 1 0.475 1 0.5112 1 0.475 1 0.5096 1 0.5337 1 0.5579 1 0.5475 1 0.5112 1 0.5475 1 0.537 1 0.2289 0.5396 0.2289 0.4498 0.125 0.4499 0.125 0.5396 0.125 0.4499 0 0.3601 0 0.5397 0 0.7192 0.125 0.7191 0.125 0.5396 0.125 0.7191 0.25 0.719 0.9435 0.6253 1 0.4173 0.88 0.5211 0.8588 0.6251 0.88 0.5211 0.7865 0.5209 0.7812 0.625 0.7759 0.8021 0.8377 0.8021 0.8588 0.6251 0.8377 0.8021 0.8871 0.8333 0.3711 0.4442 0.4355 0.6942 0.4141 0.7961 0.3066 0.1942 0.3711 0.4442 0.3657 0.5368 0.3711 0.4442 0.3066 0.1942 0.3066 -0.07429999 0.4355 0.6942 0.3711 0.4442 0.3818 0.259 0.5 0.5395 0.5 0.36 0.4866 0.4497 0.4866 0.5395 0.4866 0.4497 0.4697 0.4497 0.4697 0.5395 0.4731 0.7189 0.4866 0.7189 0.4866 0.5395 0.4866 0.7189 0.5 0.7189 1 0.75 1 0.75 0.9233 0.7813 0.8467 0.75 0.9233 0.75 0.9233 0.7813 0.8467 0.75 0.8467 0.75 0.9233 0.75 1 0.75 0.9233 0.75 0.9233 0.75 0.7126 0.7395 0.7005 0.7634 0.6853 0.7087 0.6934 0.6715 0.6934 0.7081 0.6853 0.7087 0.6934 0.6715 0.6934 0.6711 0.6934 0.7079 0.7126 0.7395 0.6934 0.7081 0.6934 0.7079 0.77 0.75 0.8467 0.75 0.8467 0.7813 0.7126 0.7395 0.77 0.75 0.7701 0.7813 0.77 0.75 0.7126 0.7395 0.7126 0.7395 0.77 0.75 0.7701 0.75 0.8467 0.75 0.9233 0.75 1 0.75 1 0.75 0.8467 0.75 0.9233 0.75 0.9233 0.75 0.9233 0.75 0.8467 0.75 0.8442 0.7463 1 0.75 0.9233 0.75 0.9134 0.7404 0.6934 0.7082 0.7126 0.7395 0.7126 0.7395 0.6934 0.6715 0.6934 0.7082 0.6934 0.7079 0.6934 0.7082 0.6934 0.6715 0.7126 0.6819 0.7126 0.7395 0.6934 0.7082 0.7126 0.7137 0.77 0.75 0.8467 0.75 0.8467 0.75 0.7126 0.7395 0.77 0.75 0.7701 0.75 0.77 0.75 0.7126 0.7395 0.7275 0.7339 0.77 0.75 0.7701 0.7448 0.8442 0.7463 0.8368 0.7353 0.8442 0.7463 0.7701 0.7448 0.77 0.7294 0.7701 0.7448 0.7275 0.7339 0.7126 0.7137 0.7126 0.6819 0.7701 0.7112 0.77 0.7294 0.7701 0.7112 0.818 0.703 0.8837 0.7117 0.9208 0.6734 1 0.75 0.8368 0.7353 0.8837 0.7117 0.9134 0.7404 0.8837 0.7117 0.8368 0.7353 0.818 0.703 0.9208 0.6734 0.8837 0.7117 0.8441 0.6734 0.4114 0.5535 0.4839 0.5534 0.4839 0.5792 0.3428 0.5536 0.4114 0.5535 0.4114 0.5793 0.4114 0.5535 0.3428 0.5536 0.3428 0.53 0.4839 0.5534 0.4114 0.5535 0.4114 0.53 0.4458 1 0.4186 1 0.4199 0.9166 0.4458 0.9166 0.4199 0.9166 0.4186 0.8333 0.4458 0.8333 0.4731 0.8333 0.4697 0.9166 0.4458 0.9166 0.4697 0.9166 0.4731 1 0.6611 0.5536 0.6853 0.5541 0.6853 0.58 0.6188 0.5533 0.6611 0.5536 0.6611 0.5794 0.6611 0.5536 0.6188 0.5533 0.6188 0.5299 0.6853 0.5541 0.6611 0.5536 0.6611 0.53 0.5564 0.5533 0.6188 0.5533 0.6188 0.579 0.4839 0.5534 0.5564 0.5533 0.5564 0.579 0.5564 0.5533 0.4839 0.5534 0.4839 0.5299 0.6188 0.5533 0.5564 0.5533 0.5564 0.5299 0.2824 0.5536 0.3428 0.5536 0.3428 0.5794 0.2258999 0.5537 0.2824 0.5536 0.2824 0.5794 0.2824 0.5536 0.2258999 0.5537 0.2258999 0.5301 0.3428 0.5536 0.2824 0.5536 0.2824 0.53 0.1694 0.7095 0.1129 0.7094 0.1342999 0.6948 0.2258999 0.7096 0.1694 0.7095 0.1694 0.6736 0.1694 0.7095 0.2258999 0.7096 0.2263 0.7678 0.1129 0.7094 0.1694 0.7095 0.1694 0.7663 0.0564 0.7093 0 0.7093 0 0.6686 0.1129 0.7094 0.0564 0.7093 0.0564 0.6686 0.0564 0.7093 0.1129 0.7094 0.1129 0.766 0 0.7093 0.0564 0.7093 0.0564 0.768 0.4458 0.7189 0.4186 0.7189 0.4186 0.5395 0.4458 0.5395 0.4186 0.5395 0.4199 0.4641 0.4458 0.4497 0.4697 0.4497 0.4697 0.5395 0.4458 0.5395 0.4697 0.5395 0.4731 0.7189 1 0.7104 1 0.6708 0.9233 0.6749 0.9233 0.7104 0.9233 0.6749 0.8467 0.6748 0.8467 0.7103 0.8467 0.7713 0.9233 0.7713 0.9233 0.7104 0.9233 0.7713 1 0.75 0.4839 0.7098 0.4839 0.6741 0.4114 0.674 0.4114 0.7098 0.4114 0.674 0.3428 0.674 0.3428 0.7097 0.3428 0.7683 0.4114 0.7695 0.4114 0.7098 0.4114 0.7695 0.4839 0.7708 0.2907 0.9166 0.2907 1 0.3314 1 0.2907 0.8333 0.2907 0.9166 0.3267 0.9166 0.2907 0.9166 0.2907 0.8333 0.25 0.8333 0.2907 1 0.2907 0.9166 0.236 0.9166 0.7045 0.7101 0.7045 0.6744 0.6611 0.6743 0.6611 0.71 0.6611 0.6743 0.6188 0.6742 0.6188 0.7099 0.6188 0.7712 0.6611 0.7712 0.6611 0.71 0.6611 0.7712 0.7045 0.7713 0.6188 0.7099 0.6188 0.6742 0.5564 0.6741 0.5564 0.7098 0.5564 0.6741 0.4839 0.6741 0.4839 0.7098 0.4839 0.7708 0.5564 0.7712 0.5564 0.7098 0.5564 0.7712 0.6188 0.7712 0.3428 0.7097 0.3428 0.674 0.2824 0.6739 0.2824 0.7097 0.2824 0.6739 0.2258999 0.6738 0.2258999 0.7096 0.2258999 0.7679 0.2824 0.768 0.2824 0.7097 0.2824 0.768 0.3428 0.7683 0.5527 0.5337 0.5792 0.5339 0.5783 0.4005 0.5527 0.4004 0.5783 0.4005 0.5792 0.2671 0.5527 0.267 0.5261 0.2669 0.5295 0.4002 0.5527 0.4004 0.5295 0.4002 0.5261 0.5335 0.1129 0.554 0.1384 0.6054 0.1694 0.5797 0.1694 0.5539 0.1694 0.5797 0.2258999 0.5795 0.2258999 0.5537 0.2258999 0.5301 0.1694 0.5302 0.1694 0.5539 0.1694 0.5302 0.1129 0.5303 0.0564 0.5541 0 0.5542 0 0.5814 0.0564 0.5541 0.0564 0.5814 0.1384 0.6054 0.1129 0.554 0.1129 0.5303 0.0564 0.5303 0 0.5542 0.0564 0.5541 0.0564 0.5303 0.5527 1 0.5792 1 0.5792 0.9166 0.5527 0.9166 0.5792 0.9166 0.5792 0.8333 0.5527 0.8333 0.5261 0.8333 0.5295 0.9166 0.5527 0.9166 0.5295 0.9166 0.5261 1 0.7045 0.5529 0.7045 0.5786 0.7701 0.5785 0.7701 0.5528 0.7701 0.5785 0.8467 0.5784 0.8467 0.5528 0.8467 0.5296 0.7701 0.5296 0.7701 0.5528 0.7701 0.5296 0.7045 0.5296 0.2907 0.5395 0.2907 0.719 0.3314 0.719 0.2907 0.4498 0.2907 0.5395 0.3314 0.5395 0.2907 0.5395 0.2907 0.4498 0.2289 0.4498 0.2907 0.719 0.2907 0.5395 0.2289 0.5396 0.6934 0.555 0.6934 0.5809 0.6934 0.5806 0.6853 0.5541 0.6934 0.5547 0.6934 0.5806 0.6934 0.5547 0.6853 0.5541 0.6882 0.5291 0.6934 0.5547 0.6934 0.534 0.6934 0.5342 0.6934 0.5547 0.7126 0.5788 0.7126 0.6014 0.6934 0.555 0.6934 0.5547 0.6934 0.5806 0.6934 0.5547 0.6934 0.555 0.6934 0.5342 0.7126 0.5788 0.6934 0.5547 0.6934 0.534 0.77 0.6521 0.7974 0.6778 0.7981 0.6763 0.7126 0.5788 0.77 0.6521 0.7701 0.665 0.77 0.6521 0.7126 0.5788 0.7104 0.5624 0.7974 0.6778 0.77 0.6521 0.7701 0.6384 0.6054 0.3686 0.6584 0.4199 0.7526 0.585 0.7974 0.6778 0.726 0.5593 0.7526 0.585 0.726 0.5593 0.7974 0.6778 0.8467 0.75 0.726 0.5593 0.6995 0.5337 0.5523 0.3173 0.4839 0.6472 0.4839 0.674 0.4114 0.674 0.3428 0.6472 0.4114 0.6473 0.4114 0.674 0.4114 0.6473 0.3428 0.6472 0.3428 0.625 0.4114 0.6473 0.4114 0.625 0.4839 0.6249 0.3232 0.935 0.3314 1 0.3267 0.9166 0.3532 0.9166 0.3267 0.9166 0.3314 0.8333 0.3532 0.795 0.375 0.795 0.375 0.9166 0.3232 0.935 0.3532 0.9166 0.375 0.9166 0.6853 0.6458 0.6853 0.6723 0.6611 0.673 0.6611 0.6464 0.6611 0.673 0.6188 0.6736 0.6188 0.6468 0.6188 0.6246 0.6611 0.6245 0.6611 0.6464 0.6611 0.6245 0.6853 0.6244 0.6188 0.6468 0.6188 0.6736 0.5564 0.6739 0.5564 0.6471 0.5564 0.6739 0.4839 0.674 0.4839 0.6472 0.4839 0.6249 0.5564 0.6248 0.5564 0.6471 0.5564 0.6248 0.6188 0.6246 0.2824 0.6472 0.3428 0.6472 0.3428 0.674 0.2258999 0.6471 0.2824 0.6472 0.2824 0.6739 0.2824 0.6472 0.2258999 0.6471 0.2258999 0.625 0.3428 0.6472 0.2824 0.6472 0.2824 0.625 0.1694 0.603 0.1625 0.6527 0.1384 0.6054 0.2258999 0.6029 0.1694 0.603 0.1694 0.5797 0.1694 0.603 0.2258999 0.6029 0.2258999 0.625 0.1625 0.6527 0.1694 0.603 0.1694 0.625 0.3613 0.9296 0.4186 1 0.2657 0.7907 0.1625 0.6527 0.2548 0.8016 0.2657 0.7907 0.2548 0.8016 0.1625 0.6527 0.1597999 0.6719 0.3613 0.9296 0.2548 0.8016 0.244 0.8125 0.3532 0.795 0.3314 0.8333 0.3314 0.5967 0.3532 0.5967 0.3314 0.5967 0.3267 0.4641 0.3532 0.4784 0.375 0.4784 0.375 0.5967 0.3532 0.5967 0.375 0.5967 0.375 0.795 0.9311 0.5936 1 0.5792 0.9233 0.5783 0.9233 0.6021 0.9233 0.5783 0.8467 0.5784 0.8467 0.6022 0.8467 0.625 0.9233 0.625 0.9233 0.6021 0.9233 0.625 0.934 0.6137 0.4839 0.6027 0.4839 0.5792 0.4114 0.5793 0.4114 0.6027 0.4114 0.5793 0.3428 0.5794 0.3428 0.6028 0.3428 0.625 0.4114 0.625 0.4114 0.6027 0.4114 0.625 0.4839 0.625 0.3968 0.9166 0.3613 0.9296 0.4186 1 0.3968 0.795 0.3968 0.9166 0.4199 0.9166 0.3968 0.9166 0.3968 0.795 0.375 0.795 0.3968 0.9166 0.375 0.9166 0.3422 0.9323 0.7045 0.6022 0.7045 0.5786 0.6611 0.5786 0.6611 0.6022 0.6611 0.5786 0.6188 0.5788 0.6188 0.6023 0.6188 0.6248 0.6611 0.6248 0.6611 0.6022 0.6611 0.6248 0.7045 0.6249 0.6188 0.6023 0.6188 0.5788 0.5564 0.579 0.5564 0.6025 0.5564 0.579 0.4839 0.5792 0.4839 0.6027 0.4839 0.625 0.5564 0.6249 0.5564 0.6025 0.5564 0.6249 0.6188 0.6248 0.3428 0.6028 0.3428 0.5794 0.2824 0.5794 0.2824 0.6028 0.2824 0.5794 0.2258999 0.5795 0.2258999 0.6029 0.2258999 0.625 0.2824 0.625 0.2824 0.6028 0.2824 0.625 0.3428 0.625 0.6919 0.5153 0.6708 0.5347 0.675 0.4011 0.6479 0.4009 0.675 0.4011 0.6708 0.2674 0.6727 0.3611 0.6527 0.361 0.625 0.4008 0.6479 0.4009 0.625 0.4008 0.6719 0.5123 0.1571 0.691 0.1342999 0.6948 0.1694 0.6736 0.1694 0.647 0.1694 0.6736 0.2258999 0.6738 0.2258999 0.6471 0.2258999 0.625 0.1694 0.625 0.1694 0.647 0.1694 0.625 0.1597999 0.6719 0.3232 0.935 0.3314 1 0.2222 0.8343 0.2330999 0.8234 0.2222 0.8343 0.1342999 0.6948 0.1571 0.691 0.1597999 0.6719 0.2439 0.8125 0.2330999 0.8234 0.2439 0.8125 0.3422 0.9323 0.9368 0.6337 1 0.6708 0.8354 0.6027 0.8239 0.5912 0.8354 0.6027 0.6708 0.5347 0.6919 0.5153 0.6719 0.5123 0.8125 0.5797 0.8239 0.5912 0.8125 0.5797 0.934 0.6137 0.7045 0.6475 0.7045 0.6744 0.7701 0.6747 0.7701 0.6477 0.7701 0.6747 0.8467 0.6748 0.8467 0.6478 0.8467 0.625 0.7701 0.6249 0.7701 0.6477 0.7701 0.6249 0.7045 0.6249 0.3968 0.5967 0.3968 0.795 0.4186 0.8333 0.3968 0.4784 0.3968 0.5967 0.4186 0.5967 0.3968 0.5967 0.3968 0.4784 0.375 0.4784 0.3968 0.795 0.3968 0.5967 0.375 0.5967 0.6934 0.6453 0.6934 0.645 0.6934 0.6711 0.6934 0.6453 0.6934 0.6715 0.6853 0.6723 0.6934 0.6453 0.6853 0.6458 0.6853 0.6244 0.6934 0.6453 0.6934 0.6242 0.6934 0.6242 0.7126 0.6588 0.7126 0.6819 0.6934 0.6715 0.6934 0.6453 0.6934 0.6715 0.6934 0.6711 0.6934 0.645 0.6934 0.6242 0.6934 0.6243 0.7126 0.6588 0.6934 0.6453 0.6934 0.6243 0.77 0.698 0.8027 0.6767 0.818 0.703 0.77 0.698 0.7701 0.7112 0.7126 0.6819 0.77 0.698 0.7126 0.6588 0.7126 0.6401 0.8027 0.6767 0.77 0.698 0.7701 0.6872 0.6727 0.3611 0.6708 0.2674 0.7587 0.5087 0.8027 0.6767 0.7473 0.5087 0.7587 0.5087 0.7473 0.5087 0.8027 0.6767 0.7998 0.674 0.7473 0.5087 0.7358 0.5086 0.6527 0.361 0.1694 0.5539 0.1129 0.554 0.1129 0.5303 0.2258999 0.5537 0.1694 0.5539 0.1694 0.5302 0.1694 0.5539 0.2258999 0.5537 0.2258999 0.5795 0.1129 0.554 0.1694 0.5539 0.1694 0.5797 0 0.5542 0 0.5269 0.0564 0.5303 0.1129 0.554 0.0564 0.5541 0.0564 0.5303 0.0564 0.5541 0.1129 0.554 0.1384 0.6054 0.0564 0.5541 0.0564 0.5814 0 0.5814 1 0.5527 1 0.5261 0.9233 0.5295 0.9233 0.5527 0.9233 0.5295 0.8467 0.5296 0.8467 0.5528 0.8467 0.5784 0.9233 0.5783 0.9233 0.5527 0.9233 0.5783 1 0.5792 0.4839 0.5534 0.4839 0.5299 0.4114 0.53 0.4114 0.5535 0.4114 0.53 0.3428 0.53 0.3428 0.5536 0.3428 0.5794 0.4114 0.5793 0.4114 0.5535 0.4114 0.5793 0.4839 0.5792 0.4458 0.9166 0.4458 1 0.4731 1 0.4458 0.8333 0.4458 0.9166 0.4697 0.9166 0.4458 0.9166 0.4458 0.8333 0.4186 0.8333 0.4458 1 0.4458 0.9166 0.4199 0.9166 0.7045 0.5529 0.7045 0.5296 0.6611 0.5297 0.6611 0.553 0.6611 0.5297 0.6188 0.5297 0.6188 0.5531 0.6188 0.5788 0.6611 0.5786 0.6611 0.553 0.6611 0.5786 0.7045 0.5786 0.6188 0.5531 0.6188 0.5297 0.5564 0.5298 0.5564 0.5533 0.5564 0.5298 0.4839 0.5299 0.4839 0.5534 0.4839 0.5792 0.5564 0.579 0.5564 0.5533 0.5564 0.579 0.6188 0.5788 0.3428 0.5536 0.3428 0.53 0.2824 0.53 0.2824 0.5536 0.2824 0.53 0.2258999 0.5301 0.2258999 0.5537 0.2258999 0.5795 0.2824 0.5794 0.2824 0.5536 0.2824 0.5794 0.3428 0.5794 0.4458 0.5395 0.4458 0.7189 0.4731 0.7189 0.4458 0.4497 0.4458 0.5395 0.4697 0.5395 0.4458 0.5395 0.4458 0.4497 0.4199 0.4641 0.4458 0.7189 0.4458 0.5395 0.4186 0.5395 0.4114 0.5133 0.4839 0.5133 0.4839 0.5299 0.3428 0.5133 0.4114 0.5133 0.4114 0.53 0.4114 0.5133 0.3428 0.5133 0.3388 0.5 0.4839 0.5133 0.4114 0.5133 0.4114 0.5 0.4866 1 0.4731 1 0.4697 0.9166 0.4866 0.9166 0.4697 0.9166 0.4731 0.8333 0.4866 0.8333 0.5 0.8333 0.5 0.9166 0.4866 0.9166 0.5 0.9166 0.5 1 0.6611 0.5133 0.6853 0.5134 0.6882 0.5291 0.6188 0.5132 0.6611 0.5133 0.6611 0.53 0.6188 0.5132 0.6289 0.5 0.6611 0.5 0.6611 0.5133 0.6611 0.5 0.6934 0.5 0.5564 0.5132 0.6188 0.5132 0.6188 0.5299 0.4839 0.5133 0.5564 0.5132 0.5564 0.5299 0.5564 0.5132 0.4839 0.5133 0.4839 0.5 0.5564 0.5132 0.5564 0.5 0.6289 0.5 0.2824 0.5133 0.3428 0.5133 0.3428 0.53 0.2258999 0.5133 0.2824 0.5133 0.2824 0.53 0.2824 0.5133 0.2258999 0.5133 0.2258999 0.5 0.3428 0.5133 0.2824 0.5133 0.2824 0.5 0.4866 0.7189 0.4731 0.7189 0.4697 0.5395 0.4866 0.5395 0.4697 0.5395 0.4697 0.4497 0.4866 0.4497 0.5 0.36 0.5 0.5395 0.4866 0.5395 0.5 0.5395 0.5 0.7189 0.5131 0.5334 0.5261 0.5335 0.5295 0.4002 0.5131 0.2668 0.5131 0.4001 0.5295 0.4002 0.5131 0.2668 0.5 0.2668 0.5 0.4 0.5131 0.4001 0.5 0.4 0.5 0.5333 0.1129 0.5134 0.1129 0.5303 0.1694 0.5302 0.1694 0.5134 0.1694 0.5302 0.2258999 0.5301 0.2258999 0.5133 0.2258999 0.5 0.1694 0.5 0.1694 0.5134 0.1694 0.5 0.1129 0.5 0.0564 0.5134 0 0.5134 0 0.5269 0.0564 0.5134 0.0564 0.5303 0.1129 0.5303 0.1129 0.5134 0.1129 0.5 0.0564 0.5 0 0.5134 0.0564 0.5134 0.0564 0.5 0.5131 1 0.5261 1 0.5295 0.9166 0.5131 0.9166 0.5295 0.9166 0.5261 0.8333 0.5131 0.8333 0.5 0.8333 0.5 0.9166 0.5131 0.9166 0.5 0.9166 0.5 1 0.7045 0.5131 0.7045 0.5296 0.7701 0.5296 0.7701 0.5131 0.7701 0.5296 0.8467 0.5296 0.8467 0.5131 0.8467 0.5 0.7701 0.5 0.7701 0.5131 0.7701 0.5 0.6934 0.5 0.6853 0.5134 0.6934 0.5 0.6934 0.5 0.6934 0.5134 0.6934 0.5 0.6934 0.5 0.6934 0.5134 0.6934 0.5236 0.6934 0.5236 0.6853 0.5134 0.6934 0.5134 0.6934 0.5236 0.6934 0.534 0.6882 0.5291 0.6934 0.5236 0.6934 0.5271 0.6934 0.5236 0.6934 0.5236 0.6934 0.5271 0.6934 0.5273 0.6934 0.5273 0.6934 0.5271 0.6934 0.5273 0.6934 0.5342 0.6934 0.534 0.6934 0.5342 0.6934 0.5273 0.6934 0.5271 0.6934 0.5273 0.6934 0.5273 0.6934 0.5271 0.6934 0.5271 0.6934 0.5269 0.6934 0.5271 0.6934 0.5269 0.7104 0.5624 0.6934 0.5134 0.6934 0.5 0.6934 0.5 0.6934 0.5134 0.6934 0.5134 0.6934 0.5 0.6934 0.5134 0.6934 0.5134 0.6934 0.521 0.6934 0.5134 0.6934 0.5236 0.6934 0.5236 0.6934 0.5271 0.6934 0.5236 0.6934 0.5236 0.6934 0.5271 0.6934 0.5271 0.6934 0.5236 0.6934 0.5271 0.6934 0.5271 0.6934 0.5274 0.6934 0.5271 0.6934 0.5273 0.6934 0.5273 0.6934 0.5271 0.6934 0.5273 0.6934 0.5273 0.6934 0.5271 0.6934 0.5273 0.6934 0.5274 0.6934 0.5271 0.6934 0.5269 0.6934 0.5269 0.6934 0.5271 0.6934 0.5271 0.6934 0.5269 0.6934 0.5134 0.6934 0.5 0.6934 0.5 0.6934 0.5134 0.6934 0.5 0.6934 0.5 0.6934 0.5134 0.6934 0.5269 0.6934 0.5269 0.6934 0.5134 0.6934 0.5269 0.6934 0.521 0.6934 0.5134 0.6934 0.5 0.6934 0.5 0.6934 0.5134 0.6934 0.5 0.6934 0.5 0.6934 0.5134 0.6934 0.5134 0.6934 0.5269 0.6934 0.5134 0.6934 0.5269 0.6934 0.5269 0.4114 0.6027 0.4839 0.6027 0.4839 0.6249 0.3428 0.6028 0.4114 0.6027 0.4114 0.625 0.4114 0.6027 0.3428 0.6028 0.3428 0.5794 0.4839 0.6027 0.4114 0.6027 0.4114 0.5793 0.3968 0.9166 0.3613 0.9296 0.3422 0.9323 0.3968 0.9166 0.375 0.9166 0.375 0.795 0.3968 0.795 0.4186 0.8333 0.4199 0.9166 0.3968 0.9166 0.4199 0.9166 0.4186 1 0.6611 0.6026 0.6853 0.6029 0.6853 0.6244 0.6188 0.6024 0.6611 0.6026 0.6611 0.6245 0.6611 0.6026 0.6188 0.6024 0.6188 0.579 0.6853 0.6029 0.6611 0.6026 0.6611 0.5794 0.5564 0.6025 0.6188 0.6024 0.6188 0.6246 0.4839 0.6027 0.5564 0.6025 0.5564 0.6248 0.5564 0.6025 0.4839 0.6027 0.4839 0.5792 0.6188 0.6024 0.5564 0.6025 0.5564 0.579 0.2824 0.6028 0.3428 0.6028 0.3428 0.625 0.2258999 0.6029 0.2824 0.6028 0.2824 0.625 0.2824 0.6028 0.2258999 0.6029 0.2258999 0.5795 0.3428 0.6028 0.2824 0.6028 0.2824 0.5794 0.1694 0.647 0.1571 0.691 0.1597999 0.6719 0.2258999 0.6471 0.1694 0.647 0.1694 0.625 0.1694 0.647 0.2258999 0.6471 0.2258999 0.6738 0.1571 0.691 0.1694 0.647 0.1694 0.6736 0.2330999 0.8234 0.3232 0.935 0.3422 0.9323 0.1571 0.691 0.2330999 0.8234 0.244 0.8125 0.2330999 0.8234 0.1571 0.691 0.1342999 0.6948 0.3232 0.935 0.2330999 0.8234 0.2222 0.8343 0.3968 0.795 0.375 0.795 0.375 0.5967 0.3968 0.5967 0.375 0.5967 0.375 0.4784 0.3968 0.4784 0.4199 0.4641 0.4186 0.5967 0.3968 0.5967 0.4186 0.5967 0.4186 0.8333 0.9368 0.6337 0.934 0.6137 0.9233 0.625 0.9233 0.6479 0.9233 0.625 0.8467 0.625 0.8467 0.6478 0.8467 0.6748 0.9233 0.6749 0.9233 0.6479 0.9233 0.6749 1 0.6708 0.4839 0.6473 0.4839 0.625 0.4114 0.625 0.4114 0.6473 0.4114 0.625 0.3428 0.625 0.3428 0.6472 0.3428 0.674 0.4114 0.674 0.4114 0.6473 0.4114 0.674 0.4839 0.6741 0.3232 0.935 0.3422 0.9323 0.375 0.9166 0.3532 0.795 0.3532 0.9166 0.375 0.9166 0.3532 0.9166 0.3532 0.795 0.3314 0.8333 0.3232 0.935 0.3532 0.9166 0.3267 0.9166 0.7045 0.6475 0.7045 0.6249 0.6611 0.6248 0.6611 0.6474 0.6611 0.6248 0.6188 0.6248 0.6188 0.6473 0.6188 0.6742 0.6611 0.6743 0.6611 0.6474 0.6611 0.6743 0.7045 0.6744 0.6188 0.6473 0.6188 0.6248 0.5564 0.6249 0.5564 0.6473 0.5564 0.6249 0.4839 0.625 0.4839 0.6473 0.4839 0.6741 0.5564 0.6741 0.5564 0.6473 0.5564 0.6741 0.6188 0.6742 0.3428 0.6472 0.3428 0.625 0.2824 0.625 0.2824 0.6472 0.2824 0.625 0.2258999 0.625 0.2258999 0.6471 0.2258999 0.6738 0.2824 0.6739 0.2824 0.6472 0.2824 0.6739 0.3428 0.674 0.6518 0.5092 0.6719 0.5123 0.625 0.4008 0.6021 0.4006 0.625 0.4008 0.6527 0.361 0.6327 0.3609 0.5792 0.2671 0.5783 0.4005 0.6021 0.4006 0.5783 0.4005 0.5792 0.5339 0.1625 0.6527 0.1597999 0.6719 0.1694 0.625 0.1694 0.603 0.1694 0.625 0.2258999 0.625 0.2258999 0.6029 0.2258999 0.5795 0.1694 0.5797 0.1694 0.603 0.1694 0.5797 0.1384 0.6054 0.3613 0.9296 0.3422 0.9323 0.2439 0.8125 0.2548 0.8016 0.2439 0.8125 0.1597999 0.6719 0.1625 0.6527 0.1384 0.6054 0.2657 0.7907 0.3613 0.9296 0.2548 0.8016 0.2657 0.7907 0.9311 0.5936 0.934 0.6137 0.8125 0.5797 0.8011 0.5681 0.8125 0.5797 0.6719 0.5123 0.6518 0.5092 0.5792 0.5339 0.7896 0.5566 0.8011 0.5681 0.7896 0.5566 1 0.5792 0.7045 0.6022 0.7045 0.6249 0.7701 0.6249 0.7701 0.6022 0.7701 0.6249 0.8467 0.625 0.8467 0.6022 0.8467 0.5784 0.7701 0.5785 0.7701 0.6022 0.7701 0.5785 0.7045 0.5786 0.3532 0.5967 0.3532 0.795 0.375 0.795 0.3532 0.4784 0.3532 0.5967 0.375 0.5967 0.3532 0.5967 0.3532 0.4784 0.3267 0.4641 0.3532 0.795 0.3532 0.5967 0.3314 0.5967 0.6934 0.6034 0.6934 0.6242 0.6934 0.6242 0.6934 0.6032 0.6934 0.6242 0.6853 0.6244 0.6934 0.6032 0.6853 0.6029 0.6853 0.58 0.6934 0.6032 0.6934 0.5806 0.6934 0.5809 0.6934 0.6033 0.7126 0.6214 0.7126 0.6401 0.6934 0.6033 0.6934 0.6243 0.6934 0.6242 0.6934 0.6033 0.6934 0.6034 0.6934 0.5809 0.7126 0.6214 0.6934 0.6033 0.6934 0.5806 0.77 0.6765 0.797 0.6713 0.7998 0.674 0.7126 0.6214 0.77 0.6765 0.7701 0.6872 0.77 0.6765 0.7126 0.6214 0.7126 0.6014 0.797 0.6713 0.77 0.6765 0.7701 0.665 0.6327 0.3609 0.6527 0.361 0.7358 0.5086 0.797 0.6713 0.7244 0.5086 0.7358 0.5086 0.7244 0.5086 0.797 0.6713 0.7981 0.6763 0.7244 0.5086 0.713 0.5085 0.5792 0.2671 0.1412 0.9807 0.0776 0.9485 0.1161 0.9193 0.2203 0.9865 0.1412 0.9807 0.1623 0.9398 0.1412 0.9807 0.2203 0.9865 0.2258999 1 0.0776 0.9485 0.1412 0.9807 0.1129 1 0.2203 0.9865 0.2264 0.9485 0.2914 0.9583 0.2884 0.993 0.2914 0.9583 0.3618 0.9783 0.2884 0.993 0.3414 0.9983 0.3388 1 0.2203 0.9865 0.2884 0.993 0.2824 1 0.08469998 0.8639 0.0564 0.875 0.1129 1 0.12 0.8568 0.08469998 0.8639 0.12 0.9506 0.08469998 0.8639 0.12 0.8568 0.1147 0.7666 0.0564 0.875 0.08469998 0.8639 0.06349998 0.7683 0.1694 0.8581 0.12 0.8568 0.1349 0.922 0.1694 0.8581 0.1694 0.9434 0.2258999 0.9491 0.2258999 0.8619 0.2258999 0.7679 0.1694 0.7669 0.1694 0.8581 0.1694 0.7669 0.1147 0.7666 0.2258999 0.8619 0.2258999 0.9491 0.2824 0.95 0.2824 0.8625 0.2824 0.95 0.3462 0.9611 0.3428 0.8634 0.3428 0.7683 0.2824 0.768 0.2824 0.8625 0.2824 0.768 0.2258999 0.7679 0.3428 0.8634 0.3462 0.9611 0.4161 0.9586 0.4114 0.8682 0.4161 0.9586 0.4848 0.9662 0.4839 0.8733 0.4839 0.7708 0.4114 0.7695 0.4114 0.8682 0.4114 0.7695 0.3428 0.7683 0.4302 0.9932 0.4161 0.9586 0.3462 0.9611 0.4302 0.9932 0.3868 0.9899 0.4086 1 0.449 1 0.4893 1 0.4876 0.9983 0.4161 0.9586 0.4302 0.9932 0.4876 0.9983 0.4599 1 0.4801 1 0.5126 1 0.4886 1 0.5126 1 0.5309 1 0.503 1 0.4779 1 0.4588 1 0.4886 1 0.4588 1 0.4397 1 0.4886 1 0.503 1 0.5309 1 0.4599 1 0.4886 1 0.5126 1 0.4886 1 0.4599 1 0.4397 1 0.4886 1 0.4588 1 0.4779 1 0.4362 1 0.449 1 0.4087 1 0.4362 1 0.3959 1 0.3618 0.9783 0.4251 0.9688 0.4871 0.9688 0.4891 1 0.449 1 0.4362 1 0.4891 1 0.4251 0.9688 0.3618 0.9783 0.3518 0.8733 0.4174 0.875 0.3518 0.8733 0.3451 0.7707 0.4129 0.7712 0.4843 0.7712 0.4854 0.875 0.4174 0.875 0.4854 0.875 0.4871 0.9688 0.875 0.3948 0.875 0.3487 1 0.3333 0.875 0.4563 0.875 0.3948 1 0.3948 0.875 0.4563 0.75 0.4563 0.75 0.3948 0.875 0.3487 0.875 0.3948 0.75 0.3948 0.1589 0.3948 0.1582 0.3487 0.2859 0.3894 0.1589 0.4563 0.1589 0.3948 0.2878 0.4326 0.1589 0.3948 0.1589 0.4563 0 0.4563 0.1582 0.3487 0.1589 0.3948 0 0.3948 0.5281 1 0.5384 1 0.5374 1 0.5239 1 0.5374 1 0.523 1 0.5239 1 0.5152 1 0.5033 1 0.5239 1 0.5048 1 0.5052 1 0.1561 0.3333 0.1582 0.3487 0 0.3333 0.1533 0.3333 0.1561 0.3333 0 0.3333 0.1561 0.3333 0.1533 0.3333 0.3066 0.3333 0.1582 0.3487 0.1561 0.3333 0.2822 0.375 0.4812 1 0.454 0.9583 0.457 1 0.5054 1 0.4812 1 0.4812 1 0.4812 1 0.5054 1 0.5054 1 0.454 0.9583 0.4812 1 0.4812 1 0.5975 0.6974 0.6075 0.6666 0.6612 0.3333 0.5975 0.6974 0.6151 0.5253 0.6099 0.5524 0.5884 0.7259 0.5352 0.9315 0.551 0.9244 0.6075 0.6666 0.5975 0.6974 0.551 0.9244 0.4704 1 0.4463 1 0.4463 1 0.4704 1 0.4704 1 0.4946 1 0.4946 1 0.4946 1 0.4704 1 0.4704 1 0.4704 1 0.4698 0.9772 0.1582 0.6513 0.2908 0.6731 0.2876 0.6875 0.1561 0.6667 0.2876 0.6875 0.3066 0.6667 0.1533 0.6667 0 0.6667 0 0.6667 0.1561 0.6667 0 0.6667 0 0.6667 0.875 0.6513 1 0.6667 1 0.6667 0.875 0.6667 1 0.6667 1 0.6667 0.875 0.6667 0.75 0.6667 0.75 0.6667 0.875 0.6667 0.75 0.6667 0.75 0.6513 0.2878 0.4326 0.2859 0.3894 0.3525 0.5115 0.3953 0.6974 0.3566 0.5461 0.3525 0.5115 0.3953 0.6974 0.4027 0.7259 0.3603 0.5889 0.3566 0.5461 0.3603 0.5889 0.3512 0.4861 0.3525 0.5115 0.2859 0.3894 0.2822 0.375 0.3484 0.5 0.2822 0.375 0.3066 0.3333 0.3442 0.5 0.3818 0.6667 0.3846 0.6667 0.3484 0.5 0.3846 0.6667 0.3887 0.6744 0.5225 0.9792 0.543 1 0.4839 0.9166 0.4276 0.8333 0.4853 0.9166 0.4839 0.9166 0.4276 0.8333 0.4277 0.8256 0.4834 0.9128 0.4853 0.9166 0.4834 0.9128 0.5278 0.986 0.5074 1 0.4967 1 0.4952 1 0.5134 1 0.4952 1 0.4948 1 0.5134 1 0.5175 1 0.5275 1 0.5134 1 0.5263 1 0.5143 1 0.5295 1 0.5054 1 0.5054 1 0.5295 1 0.5295 1 0.5537 1 0.5295 1 0.5537 1 0.5504 0.9603 0.5054 1 0.5295 1 0.5295 1 0.4946 1 0.4946 1 0.5188 1 0.5188 1 0.5188 1 0.543 1 0.5225 0.9792 0.5278 0.986 0.5188 1 0.5188 1 0.5188 1 0.4946 1 0.4812 1 0.4825 1 0.4725 1 0.4812 1 0.4812 1 0.4665 1 0.4812 1 0.4812 1 0.5054 1 0.4825 1 0.4812 1 0.5054 1 0.5295 1 0.5281 1 0.5052 1 0.5295 1 0.5295 1 0.5054 1 0.5295 1 0.5504 0.9603 0.5439 1 0.5295 1 0.5439 1 0.5384 1 0.5439 1 0.5504 0.9603 0.551 0.9244 0.5387 1 0.551 0.9244 0.5352 0.9315 0.5216 1 0.523 1 0.5374 1 0.5387 1 0.5374 1 0.5384 1 0.4704 1 0.4718 1 0.4616 1 0.4704 1 0.4704 1 0.4561 1 0.4704 1 0.4946 1 0.4946 1 0.4704 1 0.4946 1 0.4948 1 0.5175 1 0.4948 1 0.4946 1 0.5188 1 0.4946 1 0.4946 1 0.5188 1 0.5278 0.986 0.5335 1 0.5188 1 0.5335 1 0.5275 1 0.5292 1 0.5335 1 0.5278 0.986 0.5292 1 0.5146 0.9753 0.5009 0.9718 0.515 1 0.5143 1 0.5263 1 0.5335 1 0.5292 1 0.5263 1 0.875 0.6052 0.875 0.5437 1 0.5437 0.875 0.6052 1 0.6052 1 0.6667 0.875 0.6513 0.75 0.6513 0.75 0.6052 0.875 0.6052 0.75 0.6052 0.75 0.5437 0.1589 0.6052 0.1589 0.5437 0.3527 0.5764 0.1589 0.6052 0.2912 0.6299 0.2908 0.6731 0.1582 0.6513 0 0.6667 0 0.6052 0.1589 0.5437 0.1589 0.6052 0 0.6052 0.4761 1 0.4848 1 0.477 1 0.4718 1 0.4761 1 0.4626 1 0.4761 1 0.4718 1 0.4948 1 0.4761 1 0.4952 1 0.4967 1 0.5728 0.7741 0.6297 0.6351 0.6612 0.6052 0.5637 0.8026 0.6612 0.6052 0.6612 0.6667 0.5537 0.8334 0.4698 0.9772 0.4893 0.9506 0.5728 0.7741 0.5637 0.8026 0.4893 0.9506 0.4638 0.887 0.5009 0.9718 0.5146 0.9753 0.4834 0.9128 0.4748 0.9013 0.5146 0.9753 0.4748 0.9013 0.4834 0.9128 0.4277 0.8256 0.4638 0.887 0.4748 0.9013 0.4225 0.8026 0.5048 1 0.5033 1 0.4926 1 0.4866 1 0.4926 1 0.4857 1 0.4866 1 0.4737 1 0.4725 1 0.4866 1 0.4825 1 0.5052 1 0.4626 1 0.477 1 0.4784 1 0.4613 1 0.4784 1 0.5051 0.9435 0.4893 0.9506 0.4698 0.9772 0.4561 1 0.4613 1 0.4561 1 0.4616 1 0.4737 1 0.4857 1 0.485 1 0.4708 1 0.485 1 0.4763 0.9657 0.4708 1 0.4627 0.9622 0.4575 0.9739 0.4737 1 0.4708 1 0.4665 1 1 0.5 1 0.4563 1 0.4563 1 0.5437 1 0.5 0.9147 0.5 1 0.5437 1 0.5437 1 0.5 1 0.5 1 0.5 1 0.4563 0.9147 0.5 1 0.4563 0.6589 0.4563 0.6589 0.5 0.6589 0.4563 0.3512 0.4861 0.4145 0.5313 0.3527 0.5764 0.6589 0.5437 0.6589 0.5 0.6589 0.5437 1 0.5437 0.5 1 0.5033 1 0.5152 1 0.5 1 0.5152 1 0.523 1 0.5 1 0.477 1 0.4848 1 0.5 1 0.5 1 0.4848 1 0.5202 0.9375 0.5352 0.9315 0.5884 0.7259 0.6209 0.5833 0.5806 0.75 0.5884 0.7259 0.5806 0.75 0.6209 0.5833 0.6297 0.6351 0.5806 0.75 0.5728 0.7741 0.5051 0.9435 0.4545 0.875 0.4451 0.863 0.4763 0.9657 0.4545 0.875 0.4886 0.9688 0.5009 0.9718 0.4545 0.875 0.4638 0.887 0.4151 0.7741 0.4451 0.863 0.4545 0.875 0.4089 0.75 0.5 1 0.5 1 0.4967 1 0.5 1 0.5 1 0.5074 1 0.5 1 0.4857 1 0.4926 1 0.5 1 0.4926 1 0.5033 1 0.5 1 0.523 1 0.5216 1 0.5 1 0.5216 1 0.5352 0.9315 0.5202 0.9375 0.5051 0.9435 0.4784 1 0.5 1 0.4784 1 0.477 1 0.5 1 0.5 1 0.5143 1 0.4886 0.9688 0.5 1 0.515 1 0.4886 0.9688 0.4763 0.9657 0.485 1 0.5 1 0.485 1 0.4857 1 0.5 0.3333 0.5 0.3333 0.625 0.3333 0.625 0.3333 0.625 0.3333 0.75 0.3333 0.75 0.3333 0.75 0.3487 0.625 0.3487 0.625 0.3333 0.625 0.3487 0.5 0.3333 0.5671 0.6945 0.5895 0.7778 0.6074 0.6667 0.5805 0.625 0.6074 0.6667 0.6253 0.5556 0.594 0.5556 0.5627 0.5556 0.5537 0.5834 0.5805 0.625 0.5537 0.5834 0.5447 0.6111 0.4167 0.4094 0.4848 0.4565 0.5067 0.4973 0.5 0.4474 0.5067 0.4973 0.5287 0.5381 0.5833 0.4854 0.6563 0.4303 0.5156 0.408 0.5 0.4474 0.5156 0.408 0.375 0.3856 0.4167 0.3846 0.375 0.3856 0.5156 0.408 0.5625 0.3948 0.5156 0.408 0.6563 0.4303 0.7083 0.4051 0.75 0.3948 0.625 0.3948 0.5625 0.3948 0.625 0.3948 0.5 0.3948 0.5 0.541 0.6042 0.4442 0.7031 0.4288 0.625 0.5308 0.7031 0.4288 0.8021 0.4134 0.75 0.5205 0.6835 0.6205 0.5514 0.6119 0.625 0.5308 0.5514 0.6119 0.4397 0.624 0.594 0.5556 0.6253 0.5556 0.6432 0.4444 0.6074 0.4861 0.6432 0.4444 0.6612 0.3333 0.6209 0.4166 0.5806 0.5 0.5716 0.5278 0.6074 0.4861 0.5716 0.5278 0.5627 0.5556 0.5224 0.5278 0.4848 0.4565 0.4628 0.4157 0.5134 0.5 0.5179 0.5139 0.4628 0.4157 0.5179 0.5139 0.5134 0.5 0.5268 0.6666 0.5179 0.5139 0.5358 0.6389 0.5447 0.6111 0.5833 0.4854 0.5287 0.5381 0.5506 0.5788 0.6667 0.5235 0.5506 0.5788 0.5 0.6667 0.75 0.5615 1 0.4563 0.7969 0.4526 0.6667 0.5235 0.7969 0.4526 0.6563 0.4303 0.4167 0.4094 0.375 0.3856 0.2344 0.3633 0.3333 0.3713 0.2344 0.3633 0 0.3333 0.3333 0.3713 0.25 0.3333 0.5 0.3333 0.3333 0.3713 0.4628 0.4157 0.4848 0.4565 0.7083 0.4051 0.6563 0.4303 0.7969 0.4526 1 0.4255 0.8542 0.4153 0.7969 0.4526 0.8542 0.4153 1 0.4255 1 0.3948 0.8542 0.4153 0.875 0.3948 0.75 0.3948 0.5833 0.4051 0.6042 0.4442 0.5052 0.4595 0.375 0.4255 0.4792 0.4153 0.5052 0.4595 0.4792 0.4153 0.375 0.4255 0.25 0.3948 0.4792 0.4153 0.375 0.3948 0.5 0.3948 0.75 0.5205 0.8021 0.4134 0.901 0.398 1 0.5 0.875 0.5102 0.901 0.398 0.875 0.5102 1 0.5 1 0.6667 0.875 0.5102 0.8088 0.6407 0.6835 0.6205 0.5 0.541 0.4397 0.624 0.1666 0.6667 0.375 0.5512 0.1666 0.6667 0 0.6667 0.25 0.5615 0.5 0.4563 0.5052 0.4595 0.375 0.5512 0.5052 0.4595 0.6042 0.4442 0.5288 0.5801 0.6099 0.5524 0.6151 0.5253 0.5833 0.6666 0.5403 0.6141 0.6151 0.5253 0.5833 0.6666 0.5054 1 0.4193 0.8334 0.5403 0.6141 0.4193 0.8334 0.4397 0.624 0.6505 0.6283 0.6835 0.6205 0.8088 0.6407 0.7232 0.8334 0.6935 0.7193 0.8088 0.6407 0.7232 0.8334 0.4463 1 0.5537 0.7718 0.6935 0.7193 0.5537 0.7718 0.6297 0.6351 0.5288 0.5801 0.4397 0.624 0.5514 0.6119 0.5806 0.5834 0.5514 0.6119 0.6835 0.6205 0.6505 0.6283 0.6297 0.6351 0.6209 0.5833 0.5806 0.5834 0.6209 0.5833 0.6099 0.5524 0.4341 0.8487 0.3953 0.6974 0.3887 0.6744 0.4627 0.9622 0.4341 0.8487 0.4248 0.8372 0.4627 0.9622 0.4763 0.9657 0.4451 0.863 0.4341 0.8487 0.4451 0.863 0.4027 0.7259 0.4248 0.8372 0.3887 0.6744 0.3846 0.6667 0.4194 0.8334 0.4208 0.8334 0.3846 0.6667 0.4194 0.8334 0.457 1 0.454 0.9583 0.4208 0.8334 0.454 0.9583 0.4575 0.9739 0.4276 0.8333 0.4248 0.8333 0.3657 0.75 0.3699 0.75 0.3657 0.75 0.3066 0.6667 0.2876 0.6875 0.2908 0.6731 0.3721 0.7385 0.3699 0.75 0.3721 0.7385 0.4277 0.8256 0.4225 0.8026 0.4277 0.8256 0.3721 0.7385 0.3701 0.7039 0.3721 0.7385 0.2908 0.6731 0.2912 0.6299 0.3527 0.5764 0.3664 0.6611 0.3701 0.7039 0.3664 0.6611 0.4151 0.7741 0.4089 0.75 0.4151 0.7741 0.3664 0.6611 0.3633 0.625 0.3664 0.6611 0.3527 0.5764 0.4145 0.5313 0.3512 0.4861 0.3603 0.5889 0.3633 0.625 0.3603 0.5889 0.4027 0.7259 0.6875 0.3948 0.625 0.3948 0.75 0.3948 0.6875 0.3948 0.7917 0.3846 0.8021 0.4134 0.7031 0.4288 0.6042 0.4442 0.5833 0.4051 0.625 0.3948 0.6875 0.3948 0.5833 0.4051 0.8958 0.3743 0.875 0.3948 1 0.3948 0.901 0.398 0.8958 0.3743 1 0.3641 0.901 0.398 0.8021 0.4134 0.7917 0.3846 0.875 0.3948 0.8958 0.3743 0.7917 0.3846 0.2708 0.3743 0.375 0.3948 0.25 0.3948 0.2344 0.3633 0.2708 0.3743 0.125 0.3641 0.2708 0.3743 0.2344 0.3633 0.375 0.3856 0.375 0.3948 0.2708 0.3743 0.4167 0.3846 0.625 0.3948 0.625 0.3487 0.75 0.3487 0.625 0.3948 0.75 0.3948 0.75 0.4563 0.625 0.4563 0.5 0.4563 0.5 0.3948 0.625 0.3487 0.625 0.3948 0.5 0.3948 0.625 0.6513 0.75 0.6513 0.75 0.6667 0.625 0.6667 0.75 0.6667 0.75 0.6667 0.625 0.6667 0.5 0.6667 0.5 0.6667 0.625 0.6667 0.5 0.6667 0.5 0.6667 0.625 0.5437 0.75 0.5437 0.75 0.6052 0.625 0.6052 0.75 0.6052 0.75 0.6513 0.625 0.6513 0.5 0.6667 0.5 0.6052 0.625 0.6052 0.5 0.6052 0.5 0.5437 1 0.4563 1 0.4563 1 0.5 1 0.5 1 0.5 1 0.5437 1 0.5437 1 0.5437 1 0.5 1 0.5 1 0.5 1 0.4563 0.875 0.3333 0.875 0.3487 0.75 0.3487 0.875 0.3333 0.875 0.3333 0.75 0.3333 0.875 0.3333 0.875 0.3333 1 0.3333 0.875 0.3487 0.875 0.3333 1 0.3333 0.5224 0.5278 0.5447 0.6111 0.5537 0.5834 0.5268 0.5417 0.5537 0.5834 0.5627 0.5556 0.5313 0.5556 0.5287 0.5381 0.5067 0.4973 0.5268 0.5417 0.5067 0.4973 0.4848 0.4565 0.5313 0.5556 0.5627 0.5556 0.5716 0.5278 0.5358 0.5695 0.5716 0.5278 0.5806 0.5 0.5403 0.5834 0.5 0.6667 0.5506 0.5788 0.5358 0.5695 0.5506 0.5788 0.5287 0.5381 0.5671 0.6945 0.5447 0.6111 0.5358 0.6389 0.5403 0.8333 0.5537 0.7639 0.5358 0.6389 0.5537 0.7639 0.5403 0.8333 0.5537 1 0.5537 0.7639 0.5716 0.8889 0.5895 0.7778 0.875 0.3948 1 0.3948 1 0.3333 0.75 0.3948 0.875 0.3948 0.875 0.3487 0.75 0.3948 0.75 0.4563 0.875 0.4563 1 0.3948 0.875 0.3948 0.875 0.4563 0.1589 0.3948 0.2878 0.4326 0.2859 0.3894 0 0.3948 0.1589 0.3948 0.1582 0.3487 0.1589 0.3948 0 0.3948 0 0.4563 0.2878 0.4326 0.1589 0.3948 0.1589 0.4563 0.5374 1 0.5384 1 0.5281 1 0.5239 1 0.5281 1 0.5052 1 0.5239 1 0.5048 1 0.5033 1 0.5239 1 0.5152 1 0.523 1 0.1561 0.3333 0 0.3333 0 0.3333 0.2822 0.375 0.1561 0.3333 0.1582 0.3487 0.1561 0.3333 0.2822 0.375 0.3066 0.3333 0 0.3333 0.1561 0.3333 0.1533 0.3333 0.4812 1 0.4812 1 0.457 1 0.4812 1 0.4812 1 0.454 0.9583 0.4812 1 0.4812 1 0.5054 1 0.4812 1 0.4812 1 0.5054 1 0.5976 0.6974 0.6151 0.5253 0.6612 0.3333 0.551 0.9244 0.5976 0.6974 0.6075 0.6666 0.551 0.9244 0.5352 0.9315 0.5884 0.7259 0.5976 0.6974 0.5884 0.7259 0.6099 0.5524 0.4704 1 0.4704 1 0.4463 1 0.4704 1 0.4463 1 0.4698 0.9772 0.4704 1 0.4946 1 0.4946 1 0.4704 1 0.4946 1 0.4946 1 0.2876 0.6875 0.2908 0.6731 0.1582 0.6513 0.1561 0.6667 0.1582 0.6513 0 0.6667 0 0.6667 0 0.6667 0.1533 0.6667 0.1561 0.6667 0.1533 0.6667 0.3066 0.6667 1 0.6667 1 0.6667 0.875 0.6513 0.875 0.6667 0.875 0.6513 0.75 0.6513 0.75 0.6667 0.75 0.6667 0.875 0.6667 0.875 0.6667 0.875 0.6667 1 0.6667 0.3525 0.5115 0.2859 0.3894 0.2878 0.4326 0.3566 0.5461 0.2878 0.4326 0.3512 0.4861 0.3603 0.5889 0.4027 0.7259 0.3953 0.6974 0.3525 0.5115 0.3566 0.5461 0.3953 0.6974 0.2822 0.375 0.2859 0.3894 0.3525 0.5115 0.3484 0.5 0.3525 0.5115 0.3887 0.6744 0.3846 0.6667 0.3818 0.6667 0.3442 0.5 0.3484 0.5 0.3442 0.5 0.3066 0.3333 0.4839 0.9166 0.543 1 0.5225 0.9792 0.4853 0.9167 0.5225 0.9792 0.5278 0.986 0.4834 0.9128 0.4277 0.8256 0.4276 0.8333 0.4839 0.9166 0.4853 0.9167 0.4276 0.8333 0.4952 1 0.4967 1 0.5074 1 0.5134 1 0.5074 1 0.5143 1 0.5134 1 0.5263 1 0.5275 1 0.5134 1 0.5175 1 0.4948 1 0.5295 1 0.5295 1 0.5054 1 0.5295 1 0.5295 1 0.5054 1 0.5295 1 0.5295 1 0.5504 0.9603 0.5295 1 0.5537 1 0.5537 1 0.5188 1 0.4946 1 0.4946 1 0.5188 1 0.4946 1 0.4946 1 0.5188 1 0.5278 0.986 0.5225 0.9792 0.5188 1 0.5225 0.9792 0.543 1 0.4812 1 0.4665 1 0.4725 1 0.5054 1 0.4812 1 0.4825 1 0.4812 1 0.5054 1 0.5054 1 0.4665 1 0.4812 1 0.4812 1 0.5295 1 0.5054 1 0.5052 1 0.5295 1 0.5281 1 0.5384 1 0.5439 1 0.5504 0.9603 0.5295 1 0.5054 1 0.5295 1 0.5295 1 0.551 0.9244 0.5504 0.9603 0.5439 1 0.5387 1 0.5439 1 0.5384 1 0.5374 1 0.523 1 0.5216 1 0.5387 1 0.5216 1 0.5352 0.9315 0.4704 1 0.4561 1 0.4616 1 0.4704 1 0.4718 1 0.4948 1 0.4946 1 0.4946 1 0.4704 1 0.4561 1 0.4704 1 0.4704 1 0.4946 1 0.4948 1 0.5175 1 0.5188 1 0.5175 1 0.5275 1 0.5335 1 0.5278 0.986 0.5188 1 0.5188 1 0.5188 1 0.4946 1 0.5292 1 0.5146 0.9753 0.5278 0.986 0.5263 1 0.5292 1 0.5335 1 0.5263 1 0.5143 1 0.515 1 0.5292 1 0.515 1 0.5009 0.9718 0.875 0.6052 1 0.6052 1 0.5437 0.875 0.6052 0.875 0.5437 0.75 0.5437 0.75 0.6052 0.75 0.6513 0.875 0.6513 0.875 0.6052 0.875 0.6513 1 0.6667 0.1589 0.6052 0.2912 0.6299 0.3527 0.5764 0 0.6052 0.1589 0.6052 0.1589 0.5437 0 0.6052 0 0.6667 0.1582 0.6513 0.1589 0.6052 0.1582 0.6513 0.2908 0.6731 0.4761 1 0.4626 1 0.477 1 0.4761 1 0.4848 1 0.4967 1 0.4761 1 0.4952 1 0.4948 1 0.4626 1 0.4761 1 0.4718 1 0.6612 0.6052 0.6297 0.6351 0.5728 0.7741 0.4893 0.9506 0.5637 0.8026 0.5728 0.7741 0.4893 0.9506 0.4698 0.9772 0.5537 0.8334 0.5637 0.8026 0.5537 0.8334 0.6612 0.6667 0.5146 0.9753 0.5009 0.9718 0.4638 0.887 0.4225 0.8026 0.4748 0.9013 0.4638 0.887 0.4748 0.9013 0.4225 0.8026 0.4277 0.8256 0.5146 0.9753 0.4748 0.9013 0.4834 0.9128 0.4926 1 0.5033 1 0.5048 1 0.4866 1 0.5048 1 0.5052 1 0.4866 1 0.4825 1 0.4725 1 0.4866 1 0.4737 1 0.4857 1 0.4784 1 0.477 1 0.4626 1 0.4613 1 0.4626 1 0.4616 1 0.4561 1 0.4698 0.9772 0.4893 0.9506 0.4613 1 0.4893 0.9506 0.5051 0.9435 0.485 1 0.4857 1 0.4737 1 0.4665 1 0.4708 1 0.4737 1 0.4708 1 0.4665 1 0.4575 0.9739 0.4708 1 0.4627 0.9622 0.4763 0.9657 1 0.5 0.9147 0.5 1 0.4563 1 0.5 1 0.4563 1 0.4563 1 0.5 1 0.5437 1 0.5437 0.9147 0.5 1 0.5 1 0.5437 0.6589 0.4563 1 0.4563 0.9147 0.5 0.6589 0.5 0.9147 0.5 1 0.5437 0.6589 0.5437 0.3527 0.5764 0.4145 0.5313 0.6589 0.5 0.4145 0.5313 0.3512 0.4861 0.5152 1 0.5033 1 0.5 1 0.4848 1 0.5 1 0.5 1 0.4848 1 0.477 1 0.5 1 0.5 1 0.5 1 0.523 1 0.5884 0.7259 0.5352 0.9315 0.5202 0.9375 0.5806 0.75 0.5202 0.9375 0.5051 0.9435 0.5806 0.75 0.5728 0.7741 0.6297 0.6351 0.5884 0.7259 0.5806 0.75 0.6209 0.5833 0.4545 0.875 0.4886 0.9688 0.4763 0.9657 0.4089 0.75 0.4545 0.875 0.4451 0.863 0.4545 0.875 0.4089 0.75 0.4151 0.7741 0.4545 0.875 0.4638 0.887 0.5009 0.9718 0.5 1 0.5074 1 0.4967 1 0.5 1 0.5 1 0.5033 1 0.4926 1 0.4857 1 0.5 1 0.5074 1 0.5 1 0.5 1 0.5216 1 0.523 1 0.5 1 0.5 1 0.5 1 0.477 1 0.4784 1 0.5051 0.9435 0.5202 0.9375 0.5 1 0.5202 0.9375 0.5352 0.9315 0.5 1 0.515 1 0.5143 1 0.5 1 0.5 1 0.4857 1 0.485 1 0.4763 0.9657 0.4886 0.9688 0.515 1 0.5 1 0.4886 0.9688 0.625 0.3333 0.5 0.3333 0.5 0.3333 0.625 0.3333 0.5 0.3333 0.5 0.3333 0.625 0.3487 0.75 0.3487 0.75 0.3333 0.625 0.3333 0.75 0.3333 0.75 0.3333 0.6074 0.6667 0.5895 0.7778 0.5671 0.6945 0.5805 0.625 0.5671 0.6945 0.5447 0.6111 0.5537 0.5833 0.5627 0.5556 0.594 0.5556 0.5805 0.625 0.594 0.5556 0.6253 0.5556 0.5067 0.4973 0.4848 0.4565 0.4167 0.4094 0.5 0.4474 0.4167 0.4094 0.375 0.3856 0.5156 0.4079 0.6563 0.4303 0.5833 0.4854 0.5 0.4474 0.5833 0.4854 0.5287 0.5381 0.5156 0.4079 0.375 0.3856 0.4167 0.3846 0.5625 0.3948 0.4167 0.3846 0.5 0.3948 0.625 0.3948 0.75 0.3948 0.7083 0.4051 0.5625 0.3948 0.7083 0.4051 0.6563 0.4303 0.7031 0.4288 0.6042 0.4442 0.5 0.541 0.625 0.5308 0.5 0.541 0.4397 0.624 0.5514 0.6119 0.6835 0.6205 0.75 0.5205 0.625 0.5308 0.75 0.5205 0.8021 0.4134 0.6432 0.4444 0.6253 0.5556 0.594 0.5556 0.6074 0.4861 0.594 0.5556 0.5627 0.5556 0.5716 0.5278 0.5806 0.5 0.6209 0.4166 0.6074 0.4861 0.6209 0.4166 0.6612 0.3333 0.4628 0.4157 0.4848 0.4565 0.5224 0.5278 0.5179 0.5139 0.5224 0.5278 0.5447 0.6111 0.5179 0.5139 0.5358 0.6389 0.5268 0.6666 0.4628 0.4157 0.5179 0.5139 0.5134 0.5 0.5506 0.5788 0.5287 0.5381 0.5833 0.4854 0.6667 0.5235 0.5833 0.4854 0.6563 0.4303 0.7969 0.4526 1 0.4563 0.75 0.5615 0.6667 0.5235 0.75 0.5615 0.5 0.6667 0.2344 0.3633 0.375 0.3856 0.4167 0.4094 0.3333 0.3713 0.4167 0.4094 0.4848 0.4565 0.3333 0.3713 0.4628 0.4157 0.5 0.3333 0.3333 0.3713 0.25 0.3333 0 0.3333 0.7969 0.4526 0.6563 0.4303 0.7083 0.4051 0.8542 0.4153 0.7083 0.4051 0.75 0.3948 0.8542 0.4153 0.875 0.3948 1 0.3948 0.7969 0.4526 0.8542 0.4153 1 0.4255 0.5052 0.4595 0.6042 0.4442 0.5833 0.4051 0.4792 0.4153 0.5833 0.4051 0.5 0.3948 0.4792 0.4153 0.375 0.3948 0.25 0.3948 0.5052 0.4595 0.4792 0.4153 0.375 0.4255 0.901 0.398 0.8021 0.4134 0.75 0.5205 0.875 0.5102 0.75 0.5205 0.6835 0.6205 0.875 0.5102 0.8088 0.6407 1 0.6667 0.901 0.398 0.875 0.5102 1 0.5 0.1666 0.6667 0.4397 0.624 0.5 0.541 0.375 0.5512 0.5 0.541 0.6042 0.4442 0.5052 0.4595 0.5 0.4563 0.25 0.5615 0.375 0.5512 0.25 0.5615 0 0.6667 0.6151 0.5253 0.6099 0.5524 0.5288 0.5801 0.5403 0.6141 0.5288 0.5801 0.4397 0.624 0.4193 0.8334 0.5054 1 0.5833 0.6666 0.6151 0.5253 0.5403 0.6141 0.5833 0.6666 0.8088 0.6407 0.6835 0.6205 0.6505 0.6283 0.6935 0.7193 0.6505 0.6283 0.6297 0.6351 0.5537 0.7718 0.4463 1 0.7232 0.8334 0.8088 0.6407 0.6935 0.7193 0.7232 0.8334 0.5514 0.6119 0.4397 0.624 0.5288 0.5801 0.5806 0.5834 0.5288 0.5801 0.6099 0.5524 0.6209 0.5833 0.6297 0.6351 0.6505 0.6283 0.5806 0.5834 0.6505 0.6283 0.6835 0.6205 0.4341 0.8487 0.4248 0.8372 0.3887 0.6744 0.4341 0.8487 0.3953 0.6974 0.4027 0.7259 0.4451 0.863 0.4763 0.9657 0.4627 0.9622 0.4248 0.8372 0.4341 0.8487 0.4627 0.9622 0.3846 0.6667 0.3887 0.6744 0.4248 0.8372 0.4208 0.8333 0.4248 0.8372 0.4575 0.9739 0.454 0.9583 0.457 1 0.4194 0.8334 0.3846 0.6667 0.4208 0.8333 0.4194 0.8334 0.3657 0.75 0.4248 0.8333 0.4276 0.8333 0.3699 0.75 0.4276 0.8333 0.4277 0.8256 0.3721 0.7385 0.2908 0.6731 0.2876 0.6875 0.3699 0.75 0.2876 0.6875 0.3066 0.6667 0.3721 0.7385 0.4277 0.8256 0.4225 0.8026 0.3701 0.7039 0.4225 0.8026 0.4151 0.7741 0.3664 0.6611 0.3527 0.5764 0.2912 0.6299 0.3701 0.7039 0.2912 0.6299 0.2908 0.6731 0.3664 0.6611 0.4151 0.7741 0.4089 0.75 0.3633 0.625 0.4089 0.75 0.4027 0.7259 0.3603 0.5889 0.3512 0.4861 0.4145 0.5313 0.3633 0.625 0.4145 0.5313 0.3527 0.5764 0.6875 0.3948 0.7917 0.3846 0.75 0.3948 0.5833 0.4051 0.6875 0.3948 0.625 0.3948 0.5833 0.4051 0.6042 0.4442 0.7031 0.4288 0.6875 0.3948 0.7031 0.4288 0.8021 0.4134 0.8958 0.3743 1 0.3641 1 0.3948 0.7917 0.3846 0.8958 0.3743 0.875 0.3948 0.7917 0.3846 0.8021 0.4134 0.901 0.398 1 0.3641 0.8958 0.3743 0.901 0.398 0.2708 0.3743 0.125 0.3641 0.25 0.3948 0.4167 0.3846 0.2708 0.3743 0.375 0.3948 0.2708 0.3743 0.4167 0.3846 0.375 0.3856 0.125 0.3641 0.2708 0.3743 0.2344 0.3633 0.625 0.3948 0.75 0.3948 0.75 0.3487 0.5 0.3948 0.625 0.3948 0.625 0.3487 0.5 0.3948 0.5 0.4563 0.625 0.4563 0.625 0.3948 0.625 0.4563 0.75 0.4563 0.75 0.6667 0.75 0.6513 0.625 0.6513 0.625 0.6667 0.625 0.6513 0.5 0.6667 0.5 0.6667 0.5 0.6667 0.625 0.6667 0.625 0.6667 0.625 0.6667 0.75 0.6667 0.75 0.6052 0.75 0.5437 0.625 0.5437 0.625 0.6052 0.625 0.5437 0.5 0.5437 0.5 0.6052 0.5 0.6667 0.625 0.6513 0.625 0.6052 0.625 0.6513 0.75 0.6513 1 0.5 1 0.4563 1 0.4563 1 0.5 1 0.4563 1 0.4563 1 0.5 1 0.5437 1 0.5437 1 0.5 1 0.5437 1 0.5437 0.875 0.3333 0.75 0.3333 0.75 0.3487 1 0.3333 0.875 0.3333 0.875 0.3487 0.875 0.3333 1 0.3333 1 0.3333 0.75 0.3333 0.875 0.3333 0.875 0.3333 0.5537 0.5833 0.5447 0.6111 0.5224 0.5278 0.5268 0.5417 0.5224 0.5278 0.4848 0.4565 0.5067 0.4973 0.5287 0.5381 0.5313 0.5556 0.5268 0.5417 0.5313 0.5556 0.5627 0.5556 0.5716 0.5278 0.5627 0.5556 0.5313 0.5556 0.5358 0.5695 0.5313 0.5556 0.5287 0.5381 0.5506 0.5788 0.5 0.6667 0.5403 0.5834 0.5358 0.5695 0.5403 0.5834 0.5806 0.5 0.5358 0.6389 0.5447 0.6111 0.5671 0.6945 0.5537 0.7639 0.5671 0.6945 0.5895 0.7778 0.5537 0.7639 0.5716 0.8889 0.5537 1 0.5358 0.6389 0.5537 0.7639 0.5403 0.8333</float_array>
          <technique_common>
            <accessor source="#wheel_front_left_caliper_brakedisk-mesh-map-0-array" count="12336" stride="2">
              <param name="S" type="float"/>
              <param name="T" type="float"/>
            </accessor>
          </technique_common>
        </source>
        <vertices id="wheel_front_left_caliper_brakedisk-mesh-vertices">
          <input semantic="POSITION" source="#wheel_front_left_caliper_brakedisk-mesh-positions"/>
        </vertices>
        <polylist material="black-material" count="4112">
          <input semantic="VERTEX" source="#wheel_front_left_caliper_brakedisk-mesh-vertices" offset="0"/>
          <input semantic="NORMAL" source="#wheel_front_left_caliper_brakedisk-mesh-normals" offset="1"/>
          <input semantic="TEXCOORD" source="#wheel_front_left_caliper_brakedisk-mesh-map-0" offset="2" set="0"/>
          <vcount>3 3 3 3 3 3 3 3 3 3 3 3 3 3 3 3 3 3 3 3 3 3 3 3 3 3 3 3 3 3 3 3 3 3 3 3 3 3 3 3 3 3 3 3 3 3 3 3 3 3 3 3 3 3 3 3 3 3 3 3 3 3 3 3 3 3 3 3 3 3 3 3 3 3 3 3 3 3 3 3 3 3 3 3 3 3 3 3 3 3 3 3 3 3 3 3 3 3 3 3 3 3 3 3 3 3 3 3 3 3 3 3 3 3 3 3 3 3 3 3 3 3 3 3 3 3 3 3 3 3 3 3 3 3 3 3 3 3 3 3 3 3 3 3 3 3 3 3 3 3 3 3 3 3 3 3 3 3 3 3 3 3 3 3 3 3 3 3 3 3 3 3 3 3 3 3 3 3 3 3 3 3 3 3 3 3 3 3 3 3 3 3 3 3 3 3 3 3 3 3 3 3 3 3 3 3 3 3 3 3 3 3 3 3 3 3 3 3 3 3 3 3 3 3 3 3 3 3 3 3 3 3 3 3 3 3 3 3 3 3 3 3 3 3 3 3 3 3 3 3 3 3 3 3 3 3 3 3 3 3 3 3 3 3 3 3 3 3 3 3 3 3 3 3 3 3 3 3 3 3 3 3 3 3 3 3 3 3 3 3 3 3 3 3 3 3 3 3 3 3 3 3 3 3 3 3 3 3 3 3 3 3 3 3 3 3 3 3 3 3 3 3 3 3 3 3 3 3 3 3 3 3 3 3 3 3 3 3 3 3 3 3 3 3 3 3 3 3 3 3 3 3 3 3 3 3 3 3 3 3 3 3 3 3 3 3 3 3 3 3 3 3 3 3 3 3 3 3 3 3 3 3 3 3 3 3 3 3 3 3 3 3 3 3 3 3 3 3 3 3 3 3 3 3 3 3 3 3 3 3 3 3 3 3 3 3 3 3 3 3 3 3 3 3 3 3 3 3 3 3 3 3 3 3 3 3 3 3 3 3 3 3 3 3 3 3 3 3 3 3 3 3 3 3 3 3 3 3 3 3 3 3 3 3 3 3 3 3 3 3 3 3 3 3 3 3 3 3 3 3 3 3 3 3 3 3 3 3 3 3 3 3 3 3 3 3 3 3 3 3 3 3 3 3 3 3 3 3 3 3 3 3 3 3 3 3 3 3 3 3 3 3 3 3 3 3 3 3 3 3 3 3 3 3 3 3 3 3 3 3 3 3 3 3 3 3 3 3 3 3 3 3 3 3 3 3 3 3 3 3 3 3 3 3 3 3 3 3 3 3 3 3 3 3 3 3 3 3 3 3 3 3 3 3 3 3 3 3 3 3 3 3 3 3 3 3 3 3 3 3 3 3 3 3 3 3 3 3 3 3 3 3 3 3 3 3 3 3 3 3 3 3 3 3 3 3 3 3 3 3 3 3 3 3 3 3 3 3 3 3 3 3 3 3 3 3 3 3 3 3 3 3 3 3 3 3 3 3 3 3 3 3 3 3 3 3 3 3 3 3 3 3 3 3 3 3 3 3 3 3 3 3 3 3 3 3 3 3 3 3 3 3 3 3 3 3 3 3 3 3 3 3 3 3 3 3 3 3 3 3 3 3 3 3 3 3 3 3 3 3 3 3 3 3 3 3 3 3 3 3 3 3 3 3 3 3 3 3 3 3 3 3 3 3 3 3 3 3 3 3 3 3 3 3 3 3 3 3 3 3 3 3 3 3 3 3 3 3 3 3 3 3 3 3 3 3 3 3 3 3 3 3 3 3 3 3 3 3 3 3 3 3 3 3 3 3 3 3 3 3 3 3 3 3 3 3 3 3 3 3 3 3 3 3 3 3 3 3 3 3 3 3 3 3 3 3 3 3 3 3 3 3 3 3 3 3 3 3 3 3 3 3 3 3 3 3 3 3 3 3 3 3 3 3 3 3 3 3 3 3 3 3 3 3 3 3 3 3 3 3 3 3 3 3 3 3 3 3 3 3 3 3 3 3 3 3 3 3 3 3 3 3 3 3 3 3 3 3 3 3 3 3 3 3 3 3 3 3 3 3 3 3 3 3 3 3 3 3 3 3 3 3 3 3 3 3 3 3 3 3 3 3 3 3 3 3 3 3 3 3 3 3 3 3 3 3 3 3 3 3 3 3 3 3 3 3 3 3 3 3 3 3 3 3 3 3 3 3 3 3 3 3 3 3 3 3 3 3 3 3 3 3 3 3 3 3 3 3 3 3 3 3 3 3 3 3 3 3 3 3 3 3 3 3 3 3 3 3 3 3 3 3 3 3 3 3 3 3 3 3 3 3 3 3 3 3 3 3 3 3 3 3 3 3 3 3 3 3 3 3 3 3 3 3 3 3 3 3 3 3 3 3 3 3 3 3 3 3 3 3 3 3 3 3 3 3 3 3 3 3 3 3 3 3 3 3 3 3 3 3 3 3 3 3 3 3 3 3 3 3 3 3 3 3 3 3 3 3 3 3 3 3 3 3 3 3 3 3 3 3 3 3 3 3 3 3 3 3 3 3 3 3 3 3 3 3 3 3 3 3 3 3 3 3 3 3 3 3 3 3 3 3 3 3 3 3 3 3 3 3 3 3 3 3 3 3 3 3 3 3 3 3 3 3 3 3 3 3 3 3 3 3 3 3 3 3 3 3 3 3 3 3 3 3 3 3 3 3 3 3 3 3 3 3 3 3 3 3 3 3 3 3 3 3 3 3 3 3 3 3 3 3 3 3 3 3 3 3 3 3 3 3 3 3 3 3 3 3 3 3 3 3 3 3 3 3 3 3 3 3 3 3 3 3 3 3 3 3 3 3 3 3 3 3 3 3 3 3 3 3 3 3 3 3 3 3 3 3 3 3 3 3 3 3 3 3 3 3 3 3 3 3 3 3 3 3 3 3 3 3 3 3 3 3 3 3 3 3 3 3 3 3 3 3 3 3 3 3 3 3 3 3 3 3 3 3 3 3 3 3 3 3 3 3 3 3 3 3 3 3 3 3 3 3 3 3 3 3 3 3 3 3 3 3 3 3 3 3 3 3 3 3 3 3 3 3 3 3 3 3 3 3 3 3 3 3 3 3 3 3 3 3 3 3 3 3 3 3 3 3 3 3 3 3 3 3 3 3 3 3 3 3 3 3 3 3 3 3 3 3 3 3 3 3 3 3 3 3 3 3 3 3 3 3 3 3 3 3 3 3 3 3 3 3 3 3 3 3 3 3 3 3 3 3 3 3 3 3 3 3 3 3 3 3 3 3 3 3 3 3 3 3 3 3 3 3 3 3 3 3 3 3 3 3 3 3 3 3 3 3 3 3 3 3 3 3 3 3 3 3 3 3 3 3 3 3 3 3 3 3 3 3 3 3 3 3 3 3 3 3 3 3 3 3 3 3 3 3 3 3 3 3 3 3 3 3 3 3 3 3 3 3 3 3 3 3 3 3 3 3 3 3 3 3 3 3 3 3 3 3 3 3 3 3 3 3 3 3 3 3 3 3 3 3 3 3 3 3 3 3 3 3 3 3 3 3 3 3 3 3 3 3 3 3 3 3 3 3 3 3 3 3 3 3 3 3 3 3 3 3 3 3 3 3 3 3 3 3 3 3 3 3 3 3 3 3 3 3 3 3 3 3 3 3 3 3 3 3 3 3 3 3 3 3 3 3 3 3 3 3 3 3 3 3 3 3 3 3 3 3 3 3 3 3 3 3 3 3 3 3 3 3 3 3 3 3 3 3 3 3 3 3 3 3 3 3 3 3 3 3 3 3 3 3 3 3 3 3 3 3 3 3 3 3 3 3 3 3 3 3 3 3 3 3 3 3 3 3 3 3 3 3 3 3 3 3 3 3 3 3 3 3 3 3 3 3 3 3 3 3 3 3 3 3 3 3 3 3 3 3 3 3 3 3 3 3 3 3 3 3 3 3 3 3 3 3 3 3 3 3 3 3 3 3 3 3 3 3 3 3 3 3 3 3 3 3 3 3 3 3 3 3 3 3 3 3 3 3 3 3 3 3 3 3 3 3 3 3 3 3 3 3 3 3 3 3 3 3 3 3 3 3 3 3 3 3 3 3 3 3 3 3 3 3 3 3 3 3 3 3 3 3 3 3 3 3 3 3 3 3 3 3 3 3 3 3 3 3 3 3 3 3 3 3 3 3 3 3 3 3 3 3 3 3 3 3 3 3 3 3 3 3 3 3 3 3 3 3 3 3 3 3 3 3 3 3 3 3 3 3 3 3 3 3 3 3 3 3 3 3 3 3 3 3 3 3 3 3 3 3 3 3 3 3 3 3 3 3 3 3 3 3 3 3 3 3 3 3 3 3 3 3 3 3 3 3 3 3 3 3 3 3 3 3 3 3 3 3 3 3 3 3 3 3 3 3 3 3 3 3 3 3 3 3 3 3 3 3 3 3 3 3 3 3 3 3 3 3 3 3 3 3 3 3 3 3 3 3 3 3 3 3 3 3 3 3 3 3 3 3 3 3 3 3 3 3 3 3 3 3 3 3 3 3 3 3 3 3 3 3 3 3 3 3 3 3 3 3 3 3 3 3 3 3 3 3 3 3 3 3 3 3 3 3 3 3 3 3 3 3 3 3 3 3 3 3 3 3 3 3 3 3 3 3 3 3 3 3 3 3 3 3 3 3 3 3 3 3 3 3 3 3 3 3 3 3 3 3 3 3 3 3 3 3 3 3 3 3 3 3 3 3 3 3 3 3 3 3 3 3 3 3 3 3 3 3 3 3 3 3 3 3 3 3 3 3 3 3 3 3 3 3 3 3 3 3 3 3 3 3 3 3 3 3 3 3 3 3 3 3 3 3 3 3 3 3 3 3 3 3 3 3 3 3 3 3 3 3 3 3 3 3 3 3 3 3 3 3 3 3 3 3 3 3 3 3 3 3 3 3 3 3 3 3 3 3 3 3 3 3 3 3 3 3 3 3 3 3 3 3 3 3 3 3 3 3 3 3 3 3 3 3 3 3 3 3 3 3 3 3 3 3 3 3 3 3 3 3 3 3 3 3 3 3 3 3 3 3 3 3 3 3 3 3 3 3 3 3 3 3 3 3 3 3 3 3 3 3 3 3 3 3 3 3 3 3 3 3 3 3 3 3 3 3 3 3 3 3 3 3 3 3 3 3 3 3 3 3 3 3 3 3 3 3 3 3 3 3 3 3 3 3 3 3 3 3 3 3 3 3 3 3 3 3 3 3 3 3 3 3 3 3 3 3 3 3 3 3 3 3 3 3 3 3 3 3 3 3 3 3 3 3 3 3 3 3 3 3 3 3 3 3 3 3 3 3 3 3 3 3 3 3 3 3 3 3 3 3 3 3 3 3 3 3 3 3 3 3 3 3 3 3 3 3 3 3 3 3 3 3 3 3 3 3 3 3 3 3 3 3 3 3 3 3 3 3 3 3 3 3 3 3 3 3 3 3 3 3 3 3 3 3 3 3 3 3 3 3 3 3 3 3 3 3 3 3 3 3 3 3 3 3 3 3 3 3 3 3 3 3 3 3 3 3 3 3 3 3 3 3 3 3 3 3 3 3 3 3 3 3 3 3 3 3 3 3 3 3 3 3 3 3 3 3 3 3 3 3 3 3 3 3 3 3 3 3 3 3 3 3 3 3 3 3 3 3 3 3 3 3 3 3 3 3 3 3 3 3 3 3 3 3 3 3 3 3 3 3 3 3 3 3 3 3 3 3 3 3 3 3 3 3 3 3 3 3 3 3 3 3 3 3 3 3 3 3 3 3 3 3 3 3 3 3 3 3 3 3 3 3 3 3 3 3 3 3 3 3 3 3 3 3 3 3 3 3 3 3 3 3 3 3 3 3 3 3 3 3 3 3 3 3 3 3 3 3 3 3 3 3 3 3 3 3 3 3 3 3 3 3 3 3 3 3 3 3 3 3 3 3 3 3 3 3 3 3 3 3 3 3 3 3 3 3 3 3 3 3 3 3 3 3 3 3 3 3 3 3 3 3 3 3 3 3 3 3 3 3 3 3 3 3 3 3 3 3 3 3 3 3 3 3 3 3 3 3 3 3 3 3 3 3 3 3 3 3 3 3 3 3 3 3 3 3 3 3 3 3 3 3 3 3 3 3 3 3 3 3 3 3 3 3 3 3 3 3 3 3 3 3 3 3 3 3 3 3 3 3 3 3 3 3 3 3 3 3 3 3 3 3 3 3 3 3 3 3 3 3 3 3 3 3 3 3 3 3 3 3 3 3 3 3 3 3 3 3 3 3 3 3 3 3 3 3 3 3 3 3 3 3 3 3 3 3 3 3 3 3 3 3 3 3 3 3 3 3 3 3 3 3 3 3 3 3 3 3 3 3 3 3 3 3 3 3 3 3 3 3 3 3 3 3 3 3 3 3 3 3 3 3 3 3 3 3 3 3 3 3 3 3 3 3 3 3 3 3 3 3 3 3 3 3 3 3 3 3 3 3 3 3 3 3 3 3 3 3 3 3 3 3 3 3 3 3 3 3 3 3 3 3 3 3 3 3 3 3 3 3 3 3 3 3 3 3 3 3 3 3 3 3 3 3 3 3 3 3 3 3 3 3 3 3 3 3 3 3 3 3 3 3 3 3 3 3 3 3 3 3 3 3 3 3 3 3 3 3 3 3 3 3 3 3 3 3 3 3 3 3 3 3 3 3 3 3 3 3 3 3 3 3 3 3 3 3 3 3 3 3 3 3 3 3 3 3 3 3 3 3 3 3 3 3 3 3 3 3 3 3 3 3 3 3 3 3 3 3 3 3 3 3 3 3 3 3 3 3 3 3 3 3 3 3 3 3 3 3 3 3 3 3 3 3 3 3 3 3 3 3 3 3 3 3 3 3 3 3 3 3 3 3 3 3 3 3 3 3 3 3 3 3 3 3 3 3 3 3 3 3 3 3 3 3 3 3 3 3 3 3 3 3 3 3 3 3 3 3 3 3 3 3 3 3 3 3 3 3 3 3 3 3 3 3 3 3 3 3 3 3 3 3 3 3 3 3 3 3 3 3 3 3 3 3 3 3 3 3 3 3 3 3 3 3 3 3 3 3 3 3 3 3 3 3 3 3 3 3 3 3 3 3 3 3 3 3 3 3 3 3 3 3 3 3 3 3 3 3 3 3 3 3 3 3 3 3 3 3 3 3 3 3 3 3 3 3 3 3 3 3 3 3 3 3 3 3 3 3 3 3 3 3 3 3 3 3 3 3 3 3 3 3 3 3 3 3 3 3 3 3 3 3 3 3 3 3 3 3 3 3 3 3 3 3 3 3 3 3 3 3 3 3 3 3 3 3 3 3 3 3 3 3 3 3 3 3 3 3 3 3 3 3 3 3 3 3 3 3 3 3 3 3 3 3 3 3 3 3 3 3 3 3 3 3 3 3 3 3 3 3 3 3 3 3 3 3 3 3 3 3 3 3 3 3 3 3 3 3 3 3 3 3 3 3 3 3 3 3 3 3 3 3 3 3 3 3 3 3 3 3 3 3 3 3 3 3 3 3 3 3 3 3 3 3 3 3 3 3 3 3 3 3 3 3 3 3 3 3 3 3 3 3 3 3 3 3 3 3 3 3 3 3 3 3 3 3 3 3 3 3 3 3 3 3 3 3 3 3 3 3 3 3 3 3 3 3 3 3 3 3 3 3 3 3 3 3 3 3 3 3 3 3 3 3 3 3 3 3 3 3 3 3 3 3 3 3 3 3 3 3 3 3 3 3 3 3 3 3 3 3 3 3 3 3 3 3 3 3 3 3 3 3 3 3 3 3 3 3 3 3 3 3 3 3 3 3 3 3 3 3 3 3 3 3 3 3 3 3 3 3 3 3 3 3 3 3 3 3 3 3 3 3 3 3 3 3 3 3 3 3 3 3 3 3 3 3 3 3 3 3 3 3 3 3 3 3 3 3 3 3 3 3 3 3 3 3 3 3 3 3 3 3 3 3 3 3 3 3 3 3 3 3 3 3 3 3 3 3 3 3 3 3 3 3 3 3 3 3 3 3 3 3 3 3 3 3 3 3 3 3 3 3 3 3 3 3 3 3 3 3 3 3 3 3 3 3 3 3 3 3 3 3 3 3 3 3 3 3 3 3 3 3 3 3 3 3 3 3 3 3 3 3 3 3 3 3 3 3 3 3 3 3 3 3 3 3 3 3 3 3 3 3 3 3 3 3 3 3 3 3 3 3 3 3 3 3 3 3 3 3 3 3 3 3 3 3 3 3 3 3 3 3 3 3 3 3 3 3 3 3 3 3 3 3 3 3 3 3 3 3 3 3 3 3 3 3 3 3 3 3 3 3 3 3 3 3 3 3 3 3 3 3 3 3 3 3 3 3 3 3 3 3 3 3 3 3 3 3 3 3 3 3 3 3 3 3 3 3 3 3 3 3 3 3 3 3 3 3 3 3 3 3 3 3 3 3 3 3 3 3 3 3 3 3 3 3 3 3 3 3 3 3 3 3 3 3 3 3 3 3 3 3 3 3 3 3 3 3 3 3 3 3 3 3 3 3 3 3 3 3 3 3 3 3 3 3 3 3 3 3 3 3 3 3 3 3 3 3 3 3 3 3 3 3 3 3 3 3 3 3 3 3 3 3 3 3 3 3 3 3 3 3 3 3 3 3 3 3 3 3 3 3 3 3 3 3 3 3 3 3 3 3 3 3 3 3 3 3 3 3 3 3 3 3 3 3 3 3 3 3 3 3 3 3 3 3 3 3 3 3 3 3 3 3 3 3 3 3 3 3 3 3 3 3 3 3 3 3 3 3 3 3 3 3 3 3 3 3 3 3 3 3 3 3 3 3 3 3 3 3 3 3 3 3 3 3 3 3 3 3 3 3 3 3 3 3 3 3 3 3 3 3 3 3 3 3 3 3 3 3 3 3 3 3 3 3 3 3 3 3 3 3 3 3 3 3 3 3 3 3 3 3 3 3 3 3 3 3 3 3 3 3 3 3 3 3 3 3 3 3 3 3 3 3 3 3 3 3 3 3 3 3 3 3 3 3 3 3 3 3 3 3 3 3 3 3 3 3 3 3 3 3 3 3 3 3 3 3 3 3 3 3 3 3 3 3 3 3 3 3 3 3 3 3 3 3 3 3 3 3 3 3 3 3 3 3 3 3 3 3 3 3 3 3 3 3 3 3 3 3 3 3 3 3 3 3 3 3 3 3 3 3 3 3 3 3 3 3 3 3 3 3 3 3 3 3 3 3 3 3 3 3 3 3 3 3 3 3 3 3 3 3 3 3 </vcount>
          <p>0 0 0 2 1 1 3 2 2 4 3 3 3 2 4 5 4 5 0 0 6 6 5 7 7 5 8 1 6 9 7 5 10 8 5 11 9 7 12 11 8 13 12 9 14 13 10 15 12 9 16 14 11 17 9 7 18 15 12 19 16 13 20 10 14 21 16 13 22 17 15 23 19 16 24 21 17 25 18 18 26 18 18 27 23 19 28 22 20 29 22 20 30 25 21 31 18 18 32 18 18 33 26 22 34 19 16 35 27 23 36 29 24 37 30 25 38 27 23 39 32 26 40 31 27 41 31 27 42 34 28 43 27 23 44 28 29 45 34 28 46 35 30 47 37 31 48 39 32 49 36 33 50 40 34 51 39 32 52 41 35 53 36 33 54 42 36 55 43 37 56 36 33 57 44 38 58 37 31 59 45 39 60 47 40 61 48 41 62 45 39 63 50 42 64 49 43 65 45 39 66 51 44 67 52 45 68 46 46 69 52 45 70 53 47 71 55 48 72 57 49 73 54 50 74 54 50 75 59 51 76 58 52 77 58 52 78 61 53 79 54 50 80 54 50 81 62 54 82 55 48 83 63 55 84 65 56 85 66 57 86 67 58 87 66 57 88 68 59 89 63 55 90 69 60 91 70 61 92 64 62 93 70 61 94 71 63 95 72 64 96 74 65 97 75 66 98 76 67 99 75 66 100 77 68 101 72 64 102 78 69 103 79 70 104 73 71 105 79 70 106 80 72 107 58 52 108 82 73 109 81 74 110 73 71 111 82 73 112 74 65 113 81 74 114 80 72 115 83 75 116 58 52 117 83 75 118 60 76 119 84 77 120 86 78 121 87 79 122 84 77 123 20 80 124 19 16 125 19 16 126 88 81 127 84 77 128 84 77 129 32 26 130 85 82 131 89 83 132 33 84 133 31 27 134 88 81 135 31 27 136 32 26 137 89 83 138 26 22 139 91 22 140 90 85 141 91 22 142 92 22 143 94 86 144 95 87 145 93 88 146 93 88 147 23 19 148 96 89 149 96 89 150 48 41 151 93 88 152 93 88 153 47 40 154 94 86 155 97 90 156 56 91 157 55 48 158 99 92 159 55 48 160 62 54 161 97 90 162 100 93 163 101 94 164 98 95 165 101 94 166 53 47 167 102 96 168 104 97 169 105 98 170 102 96 171 107 99 172 106 100 173 106 100 174 4 3 175 102 96 176 102 96 177 5 4 178 103 101 179 109 102 180 111 103 181 108 104 182 108 104 183 113 105 184 112 106 185 112 106 186 13 10 187 108 104 188 108 104 189 14 11 190 109 102 191 115 107 192 117 108 193 114 109 194 114 109 195 86 78 196 85 82 197 85 82 198 30 25 199 114 109 200 115 107 201 30 25 202 29 24 203 112 106 204 119 110 205 118 111 206 118 111 207 41 35 208 39 32 209 118 111 210 38 112 211 120 113 212 118 111 213 15 12 214 112 106 215 121 114 216 123 115 217 124 116 218 125 117 219 124 116 220 126 118 221 121 114 222 127 119 223 128 120 224 122 121 225 128 120 226 129 122 227 131 123 228 132 124 229 130 125 230 130 125 231 107 99 232 105 98 233 130 125 234 104 97 235 133 126 236 130 125 237 134 127 238 131 123 239 135 128 240 24 129 241 22 20 242 95 87 243 22 20 244 23 19 245 135 128 246 68 59 247 66 57 248 136 130 249 66 57 250 65 56 251 138 131 252 119 110 253 137 132 254 137 132 255 113 105 256 139 133 257 137 132 258 77 68 259 75 66 260 137 132 261 74 65 262 138 131 263 141 134 264 40 34 265 140 135 266 140 135 267 41 35 268 138 131 269 138 131 270 82 73 271 140 135 272 140 135 273 59 51 274 141 134 275 143 136 276 145 137 277 142 138 278 142 138 279 147 139 280 146 140 281 142 138 282 126 118 283 124 116 284 143 136 285 124 116 286 123 115 287 148 141 288 116 142 289 150 143 290 98 95 291 150 143 292 56 91 293 148 141 294 53 47 295 52 45 296 149 144 297 52 45 298 51 44 299 151 145 300 8 5 301 7 5 302 153 145 303 7 5 304 6 5 305 151 145 306 14 11 307 12 9 308 152 146 309 12 9 310 11 8 311 154 147 312 6 5 313 106 100 314 132 124 315 106 100 316 107 99 317 154 147 318 110 148 319 109 102 320 153 145 321 109 102 322 14 11 323 156 149 324 139 133 325 155 150 326 111 103 327 139 133 328 113 105 329 155 150 330 110 148 331 131 123 332 156 149 333 131 123 334 134 127 335 37 31 336 158 151 337 157 152 338 159 153 339 158 151 340 160 154 341 157 152 342 161 155 343 162 156 344 157 152 345 38 112 346 37 31 347 164 129 348 136 130 349 163 130 350 163 130 351 65 56 352 165 56 353 165 56 354 167 130 355 163 130 356 163 130 357 168 129 358 164 129 359 164 129 360 170 21 361 169 21 362 169 21 363 92 22 364 91 22 365 91 22 366 25 21 367 169 21 368 169 21 369 24 129 370 164 129 371 16 13 372 120 113 373 171 157 374 162 156 375 120 113 376 38 112 377 162 156 378 172 158 379 171 157 380 171 157 381 17 15 382 16 13 383 165 56 384 64 62 385 173 62 386 173 62 387 71 63 388 174 63 389 174 63 390 176 62 391 173 62 392 173 62 393 166 56 394 165 56 395 178 5 396 180 159 397 177 159 398 177 159 399 182 160 400 181 161 401 181 161 402 1 6 403 177 159 404 177 159 405 8 5 406 178 5 407 184 162 408 186 163 409 183 164 410 183 164 411 188 165 412 187 166 413 187 166 414 10 14 415 183 164 416 183 164 417 17 15 418 184 162 419 190 21 420 192 167 421 189 168 422 189 168 423 194 169 424 193 170 425 193 170 426 196 171 427 189 168 428 189 168 429 197 22 430 190 21 431 198 172 432 200 173 433 201 174 434 198 172 435 203 175 436 202 176 437 202 176 438 34 28 439 198 172 440 199 177 441 34 28 442 33 84 443 204 178 444 206 179 445 207 180 446 208 181 447 207 180 448 209 182 449 208 181 450 211 183 451 204 178 452 204 178 453 212 184 454 205 185 455 213 186 456 195 187 457 193 170 458 215 188 459 193 170 460 194 169 461 213 186 462 216 189 463 217 190 464 214 191 465 217 190 466 218 192 467 220 193 468 222 194 469 219 195 470 219 195 471 224 196 472 223 197 473 223 197 474 226 198 475 219 195 476 219 195 477 227 199 478 220 193 479 229 200 480 231 201 481 228 202 482 228 202 483 233 203 484 232 204 485 232 204 486 235 205 487 228 202 488 228 202 489 236 206 490 229 200 491 237 207 492 239 208 493 240 209 494 241 210 495 240 209 496 242 211 497 237 207 498 243 212 499 244 213 500 238 214 501 244 213 502 245 215 503 247 216 504 249 217 505 246 218 506 246 218 507 251 219 508 250 220 509 250 220 510 253 221 511 246 218 512 246 218 513 254 222 514 247 216 515 256 223 516 253 221 517 255 224 518 255 224 519 252 225 520 257 226 521 257 226 522 231 201 523 255 224 524 255 224 525 230 227 526 256 223 527 259 228 528 196 171 529 258 229 530 258 229 531 195 187 532 260 230 533 258 229 534 261 231 535 262 232 536 258 229 537 200 173 538 259 228 539 263 233 540 197 22 541 259 228 542 199 177 543 259 228 544 200 173 545 263 233 546 33 84 547 90 85 548 264 22 549 90 85 550 92 22 551 265 234 552 267 235 553 268 236 554 235 205 555 268 236 556 236 206 557 265 234 558 234 237 559 269 238 560 266 239 561 269 238 562 270 240 563 271 241 564 179 5 565 272 242 566 271 241 567 274 243 568 273 244 569 271 241 570 275 245 571 276 246 572 180 159 573 276 246 574 182 160 575 277 247 576 185 248 577 278 249 578 277 247 579 280 250 580 279 251 581 279 251 582 282 252 583 277 247 584 186 163 585 282 252 586 188 165 587 201 174 588 262 232 589 283 253 590 283 253 591 261 231 592 284 254 593 284 254 594 286 255 595 283 253 596 201 174 597 286 255 598 203 175 599 287 256 600 210 257 601 208 181 602 287 256 603 209 182 604 289 258 605 289 258 606 278 249 607 287 256 608 288 259 609 278 249 610 185 248 611 181 161 612 291 260 613 290 261 614 290 261 615 293 262 616 292 263 617 292 263 618 295 264 619 290 261 620 181 161 621 295 264 622 2 1 623 296 265 624 298 266 625 299 267 626 300 268 627 299 267 628 301 269 629 296 265 630 302 270 631 303 271 632 297 272 633 303 271 634 304 273 635 306 274 636 273 244 637 305 275 638 305 275 639 274 243 640 307 276 641 307 276 642 308 277 643 305 275 644 305 275 645 309 278 646 306 274 647 310 279 648 312 280 649 313 281 650 192 167 651 313 281 652 194 169 653 310 279 654 191 129 655 314 130 656 311 282 657 314 130 658 315 56 659 317 283 660 319 284 661 316 285 662 316 285 663 280 250 664 289 258 665 289 258 666 320 286 667 316 285 668 316 285 669 321 287 670 317 283 671 323 288 672 320 286 673 322 289 674 322 289 675 209 182 676 207 180 677 207 180 678 324 290 679 322 289 680 322 289 681 325 291 682 323 288 683 326 292 684 301 269 685 327 293 686 326 292 687 312 280 688 328 294 689 326 292 690 329 295 691 330 296 692 300 268 693 330 296 694 302 270 695 332 297 696 284 254 697 331 298 698 331 298 699 261 231 700 260 230 701 260 230 702 214 191 703 331 298 704 332 297 705 214 191 706 218 192 707 276 246 708 334 299 709 333 300 710 333 300 711 336 301 712 335 302 713 335 302 714 291 260 715 333 300 716 333 300 717 182 160 718 276 246 719 187 166 720 338 303 721 337 304 722 337 304 723 179 5 724 178 5 725 178 5 726 152 146 727 337 304 728 337 304 729 11 8 730 187 166 731 339 305 732 309 278 733 341 306 734 342 307 735 341 306 736 318 308 737 339 305 738 343 309 739 344 310 740 340 311 741 344 310 742 345 312 743 346 313 744 281 314 745 307 276 746 272 242 747 307 276 748 274 243 749 272 242 750 338 303 751 346 313 752 346 313 753 188 165 754 282 252 755 347 315 756 281 314 757 279 251 758 319 284 759 279 251 760 280 250 761 347 315 762 318 308 763 341 306 764 308 277 765 341 306 766 309 278 767 349 316 768 159 153 769 348 317 770 348 317 771 160 154 772 350 318 773 350 318 774 211 183 775 348 317 776 348 317 777 210 257 778 349 316 779 167 130 780 352 56 781 351 130 782 351 130 783 315 56 784 314 130 785 314 130 786 353 129 787 351 130 788 351 130 789 168 129 790 167 130 791 170 21 792 353 129 793 354 21 794 354 21 795 191 129 796 190 21 797 190 21 798 264 22 799 354 21 800 354 21 801 92 22 802 170 21 803 355 319 804 161 155 805 349 316 806 288 259 807 349 316 808 210 257 809 355 319 810 185 248 811 184 162 812 172 158 813 184 162 814 17 15 815 357 213 816 359 215 817 356 213 818 356 213 819 245 215 820 244 213 821 244 213 822 360 212 823 356 213 824 356 213 825 361 212 826 357 213 827 133 126 828 103 101 829 362 320 830 363 321 831 103 101 832 5 4 833 363 321 834 365 322 835 362 320 836 133 126 837 365 322 838 134 127 839 76 67 840 367 323 841 366 324 842 368 325 843 367 323 844 369 326 845 368 325 846 371 327 847 366 324 848 76 67 849 371 327 850 78 69 851 372 328 852 134 127 853 365 322 854 372 328 855 364 329 856 373 330 857 372 328 858 369 326 859 367 323 860 156 149 861 367 323 862 77 68 863 374 331 864 5 4 865 3 2 866 375 332 867 3 2 868 2 1 869 374 331 870 376 333 871 377 334 872 363 321 873 377 334 874 364 329 875 378 335 876 369 326 877 379 336 878 380 337 879 379 336 880 381 338 881 378 335 882 382 339 883 383 340 884 368 325 885 383 340 886 370 341 887 384 342 888 364 329 889 377 334 890 384 342 891 376 333 892 385 343 893 384 342 894 381 338 895 379 336 896 373 330 897 379 336 898 369 326 899 385 343 900 387 344 901 386 345 902 386 345 903 389 346 904 388 347 905 388 347 906 380 337 907 386 345 908 386 345 909 381 338 910 385 343 911 390 348 912 2 1 913 295 264 914 391 349 915 295 264 916 294 350 917 390 348 918 389 346 919 387 344 920 375 332 921 387 344 922 376 333 923 392 351 924 394 352 925 395 353 926 396 354 927 395 353 928 397 355 929 392 351 930 398 356 931 399 356 932 393 357 933 399 356 934 400 356 935 402 358 936 404 359 937 401 360 938 401 360 939 147 139 940 405 361 941 405 361 942 407 362 943 401 360 944 401 360 945 408 363 946 402 358 947 409 364 948 411 365 949 412 366 950 413 367 951 412 366 952 414 368 953 409 364 954 415 369 955 416 370 956 410 371 957 416 370 958 417 372 959 418 373 960 417 372 961 416 370 962 420 374 963 416 370 964 415 369 965 418 373 966 397 355 967 395 353 968 419 375 969 395 353 970 394 352 971 421 376 972 400 356 973 399 356 974 423 377 975 399 356 976 398 356 977 421 376 978 127 119 979 424 378 980 422 379 981 424 378 982 425 380 983 426 381 984 428 382 985 429 383 986 46 46 987 429 383 988 47 40 989 426 381 990 53 47 991 101 94 992 427 384 993 101 94 994 100 93 995 430 385 996 69 60 997 67 58 998 94 86 999 67 58 1000 68 59 1001 430 385 1002 47 40 1003 429 383 1004 431 386 1005 429 383 1006 428 382 1007 433 363 1008 407 362 1009 432 362 1010 432 387 1011 406 387 1012 434 387 1013 434 388 1014 435 388 1015 432 388 1016 432 362 1017 436 363 1018 433 363 1019 438 389 1020 334 299 1021 437 390 1022 437 390 1023 275 245 1024 306 274 1025 306 274 1026 340 311 1027 437 390 1028 437 390 1029 345 312 1030 438 389 1031 440 391 1032 442 392 1033 439 393 1034 439 393 1035 325 291 1036 443 394 1037 443 394 1038 445 395 1039 439 393 1040 439 393 1041 446 396 1042 440 391 1043 447 397 1044 329 295 1045 328 294 1046 311 282 1047 328 294 1048 312 280 1049 447 397 1050 315 56 1051 449 62 1052 448 398 1053 449 62 1054 450 63 1055 452 399 1056 342 307 1057 451 400 1058 451 400 1059 318 308 1060 317 283 1061 317 283 1062 453 401 1063 451 400 1064 451 400 1065 454 402 1066 452 399 1067 456 403 1068 453 401 1069 455 404 1070 455 404 1071 321 287 1072 323 288 1073 323 288 1074 442 392 1075 455 404 1076 455 404 1077 441 405 1078 456 403 1079 458 406 1080 445 395 1081 457 407 1082 457 407 1083 444 408 1084 459 409 1085 459 409 1086 297 272 1087 457 407 1088 457 407 1089 304 273 1090 458 406 1091 461 410 1092 463 411 1093 460 412 1094 460 412 1095 465 413 1096 464 414 1097 464 414 1098 467 415 1099 460 412 1100 460 412 1101 468 416 1102 461 410 1103 470 417 1104 472 418 1105 469 419 1106 469 419 1107 474 420 1108 473 421 1109 473 421 1110 475 422 1111 469 419 1112 469 419 1113 476 423 1114 470 417 1115 477 424 1116 479 425 1117 480 426 1118 481 427 1119 480 426 1120 242 211 1121 481 427 1122 472 418 1123 477 424 1124 477 424 1125 471 428 1126 478 429 1127 483 430 1128 485 431 1129 482 432 1130 482 432 1131 224 196 1132 486 433 1133 486 433 1134 463 411 1135 482 432 1136 482 432 1137 462 434 1138 483 430 1139 488 435 1140 490 436 1141 487 437 1142 487 437 1143 251 219 1144 491 438 1145 491 438 1146 492 439 1147 487 437 1148 487 437 1149 493 440 1150 488 435 1151 494 62 1152 450 63 1153 449 62 1154 352 56 1155 449 62 1156 315 56 1157 494 62 1158 166 56 1159 176 62 1160 495 63 1161 176 62 1162 175 63 1163 497 441 1164 499 442 1165 496 443 1166 496 443 1167 501 444 1168 500 445 1169 496 443 1170 414 368 1171 412 366 1172 497 441 1173 412 366 1174 411 365 1175 502 446 1176 504 447 1177 505 448 1178 506 449 1179 505 448 1180 507 450 1181 502 446 1182 501 444 1183 499 442 1184 503 451 1185 499 442 1186 498 452 1187 508 453 1188 510 454 1189 511 455 1190 512 456 1191 511 455 1192 513 457 1193 508 453 1194 507 450 1195 505 448 1196 509 458 1197 505 448 1198 504 447 1199 515 459 1200 467 415 1201 514 460 1202 514 460 1203 466 461 1204 516 462 1205 514 460 1206 513 457 1207 511 455 1208 515 459 1209 511 455 1210 510 454 1211 61 53 1212 518 463 1213 517 464 1214 517 464 1215 520 465 1216 519 466 1217 517 464 1218 521 356 1219 522 356 1220 61 53 1221 522 356 1222 62 54 1223 70 61 1224 524 467 1225 523 468 1226 525 469 1227 524 467 1228 526 470 1229 525 469 1230 528 471 1231 523 468 1232 523 468 1233 71 63 1234 70 61 1235 79 70 1236 530 472 1237 529 473 1238 529 473 1239 532 474 1240 531 475 1241 531 475 1242 534 476 1243 529 473 1244 529 473 1245 80 72 1246 79 70 1247 83 75 1248 534 476 1249 535 477 1250 535 477 1251 533 478 1252 536 479 1253 536 479 1254 518 463 1255 535 477 1256 535 477 1257 60 76 1258 83 75 1259 537 480 1260 62 54 1261 522 356 1262 538 481 1263 522 356 1264 521 356 1265 537 480 1266 539 482 1267 540 483 1268 99 92 1269 540 483 1270 100 93 1271 541 484 1272 543 485 1273 544 486 1274 545 487 1275 544 486 1276 546 488 1277 541 484 1278 539 482 1279 547 489 1280 542 490 1281 547 489 1282 425 380 1283 549 491 1284 550 492 1285 548 493 1286 551 494 1287 550 492 1288 526 470 1289 548 493 1290 546 488 1291 544 486 1292 549 491 1293 544 486 1294 543 485 1295 174 63 1296 528 471 1297 552 471 1298 552 471 1299 527 495 1300 553 495 1301 553 495 1302 555 471 1303 552 471 1304 552 471 1305 175 63 1306 174 63 1307 557 496 1308 558 497 1309 556 498 1310 556 498 1311 560 499 1312 559 500 1313 559 500 1314 562 501 1315 556 498 1316 556 498 1317 493 440 1318 557 496 1319 564 502 1320 566 503 1321 563 504 1322 563 504 1323 568 505 1324 567 506 1325 567 506 1326 570 237 1327 563 504 1328 563 504 1329 571 237 1330 564 502 1331 572 507 1332 479 425 1333 574 508 1334 572 507 1335 576 509 1336 575 510 1337 572 507 1338 577 495 1339 578 511 1340 573 512 1341 578 511 1342 579 363 1343 581 513 1344 582 514 1345 580 515 1346 580 515 1347 584 516 1348 583 517 1349 583 517 1350 586 518 1351 580 515 1352 580 515 1353 587 519 1354 581 513 1355 589 520 1356 586 518 1357 588 521 1358 588 521 1359 585 522 1360 590 523 1361 590 523 1362 566 503 1363 588 521 1364 588 521 1365 565 524 1366 589 520 1367 592 525 1368 570 237 1369 591 526 1370 591 526 1371 569 237 1372 593 527 1373 593 527 1374 595 528 1375 591 526 1376 591 526 1377 476 423 1378 592 525 1379 292 263 1380 597 529 1381 596 412 1382 596 412 1383 599 530 1384 598 531 1385 598 531 1386 601 532 1387 596 412 1388 596 412 1389 294 350 1390 292 263 1391 303 271 1392 603 533 1393 602 534 1394 602 534 1395 605 535 1396 604 536 1397 604 536 1398 606 537 1399 602 534 1400 602 534 1401 304 273 1402 303 271 1403 330 296 1404 608 538 1405 607 539 1406 607 539 1407 576 509 1408 609 540 1409 609 540 1410 603 533 1411 607 539 1412 607 539 1413 302 270 1414 330 296 1415 335 302 1416 611 541 1417 610 542 1418 610 542 1419 560 499 1420 612 543 1421 612 543 1422 597 529 1423 610 542 1424 610 542 1425 293 262 1426 335 302 1427 344 310 1428 614 544 1429 613 545 1430 613 545 1431 584 516 1432 615 546 1433 615 546 1434 616 547 1435 613 545 1436 613 545 1437 345 312 1438 344 310 1439 617 511 1440 579 363 1441 578 511 1442 619 495 1443 578 511 1444 577 495 1445 617 511 1446 554 495 1447 620 511 1448 618 363 1449 620 511 1450 436 363 1451 621 548 1452 370 341 1453 622 549 1454 623 550 1455 622 549 1456 624 551 1457 621 548 1458 532 474 1459 530 472 1460 621 548 1461 78 69 1462 371 327 1463 383 340 1464 626 552 1465 625 553 1466 627 554 1467 626 552 1468 628 555 1469 627 554 1470 622 549 1471 625 553 1472 625 553 1473 370 341 1474 383 340 1475 629 556 1476 389 346 1477 630 557 1478 631 558 1479 630 557 1480 632 559 1481 629 556 1482 628 555 1483 626 552 1484 629 556 1485 382 339 1486 388 347 1487 391 349 1488 601 532 1489 633 560 1490 633 560 1491 600 561 1492 634 562 1493 633 560 1494 632 559 1495 630 557 1496 391 349 1497 630 557 1498 389 346 1499 635 563 1500 126 118 1501 636 564 1502 542 490 1503 636 564 1504 543 485 1505 635 563 1506 425 380 1507 424 378 1508 125 117 1509 424 378 1510 127 119 1511 146 140 1512 404 359 1513 637 565 1514 637 565 1515 403 566 1516 549 491 1517 637 565 1518 543 485 1519 636 564 1520 146 140 1521 636 564 1522 126 118 1523 223 197 1524 485 431 1525 638 567 1526 638 567 1527 484 568 1528 557 496 1529 557 496 1530 492 439 1531 638 567 1532 638 567 1533 225 569 1534 223 197 1535 232 204 1536 640 570 1537 639 571 1538 639 571 1539 565 524 1540 564 502 1541 564 502 1542 641 237 1543 639 571 1544 639 571 1545 234 237 1546 232 204 1547 642 572 1548 242 211 1549 480 426 1550 573 512 1551 480 426 1552 479 425 1553 642 572 1554 579 363 1555 643 362 1556 241 210 1557 643 362 1558 243 212 1559 250 220 1560 490 436 1561 644 573 1562 644 573 1563 489 574 1564 581 513 1565 581 513 1566 645 575 1567 644 573 1568 644 573 1569 252 225 1570 250 220 1571 257 226 1572 645 575 1573 646 576 1574 646 576 1575 587 519 1576 589 520 1577 589 520 1578 640 570 1579 646 576 1580 646 576 1581 233 203 1582 257 226 1583 269 238 1584 641 237 1585 647 577 1586 647 577 1587 571 237 1588 592 525 1589 592 525 1590 475 422 1591 647 577 1592 647 577 1593 270 240 1594 269 238 1595 648 578 1596 243 578 1597 643 578 1598 618 363 1599 643 362 1600 579 363 1601 648 362 1602 436 363 1603 435 362 1604 360 579 1605 435 579 1606 361 579 1607 649 580 1608 397 355 1609 650 581 1610 651 582 1611 650 581 1612 652 583 1613 649 580 1614 653 584 1615 654 585 1616 396 354 1617 654 585 1618 398 356 1619 405 361 1620 145 137 1621 655 586 1622 655 586 1623 144 587 1624 656 588 1625 656 588 1626 658 213 1627 655 586 1628 655 586 1629 406 212 1630 405 361 1631 659 589 1632 414 368 1633 660 590 1634 659 589 1635 662 591 1636 661 592 1637 661 592 1638 664 593 1639 659 589 1640 413 367 1641 664 593 1642 415 369 1643 665 594 1644 415 369 1645 664 593 1646 665 594 1647 663 595 1648 666 596 1649 665 594 1650 652 583 1651 650 581 1652 420 374 1653 650 581 1654 397 355 1655 667 597 1656 398 356 1657 654 585 1658 668 598 1659 654 585 1660 653 584 1661 667 597 1662 129 122 1663 128 120 1664 423 377 1665 128 120 1666 127 119 1667 434 212 1668 658 213 1669 669 213 1670 670 215 1671 658 213 1672 657 215 1673 670 215 1674 357 213 1675 669 213 1676 669 213 1677 361 212 1678 434 212 1679 464 414 1680 672 599 1681 671 600 1682 671 601 1683 674 601 1684 673 601 1685 673 602 1686 676 603 1687 671 600 1688 464 414 1689 676 603 1690 466 461 1691 473 421 1692 678 604 1693 677 605 1694 677 605 1695 680 606 1696 679 607 1697 679 607 1698 266 239 1699 677 605 1700 677 605 1701 270 240 1702 473 421 1703 681 608 1704 242 211 1705 240 209 1706 682 609 1707 240 209 1708 239 208 1709 682 609 1710 678 604 1711 681 608 1712 681 608 1713 474 420 1714 481 427 1715 486 433 1716 222 194 1717 683 610 1718 683 610 1719 221 611 1720 684 612 1721 684 612 1722 672 599 1723 683 610 1724 683 610 1725 465 413 1726 486 433 1727 491 438 1728 249 217 1729 685 613 1730 685 613 1731 248 614 1732 686 615 1733 686 615 1734 226 198 1735 685 613 1736 685 613 1737 225 569 1738 491 438 1739 688 616 1740 660 590 1741 687 617 1742 689 618 1743 660 590 1744 414 368 1745 689 618 1746 691 619 1747 687 617 1748 687 617 1749 692 620 1750 688 616 1751 689 618 1752 500 445 1753 693 621 1754 693 621 1755 501 444 1756 694 622 1757 694 622 1758 696 623 1759 693 621 1760 693 621 1761 690 624 1762 689 618 1763 694 622 1764 506 449 1765 697 625 1766 697 625 1767 507 450 1768 512 456 1769 697 625 1770 513 457 1771 698 626 1772 697 625 1773 695 627 1774 694 622 1775 700 628 1776 691 619 1777 699 629 1778 699 629 1779 690 624 1780 701 630 1781 699 629 1782 702 631 1783 703 632 1784 700 628 1785 703 632 1786 704 633 1787 701 630 1788 696 623 1789 705 634 1790 705 634 1791 695 627 1792 706 635 1793 705 634 1794 707 636 1795 708 637 1796 701 630 1797 708 637 1798 702 631 1799 706 635 1800 698 626 1801 709 638 1802 516 462 1803 698 626 1804 513 457 1805 516 462 1806 710 639 1807 709 638 1808 709 638 1809 707 636 1810 706 635 1811 712 640 1812 703 632 1813 711 641 1814 711 641 1815 702 631 1816 708 637 1817 708 637 1818 713 642 1819 711 641 1820 711 641 1821 714 643 1822 712 640 1823 716 644 1824 713 642 1825 715 645 1826 715 645 1827 707 636 1828 710 639 1829 715 645 1830 466 461 1831 676 603 1832 715 645 1833 675 646 1834 716 644 1835 717 647 1836 520 465 1837 718 648 1838 393 357 1839 718 648 1840 394 352 1841 717 647 1842 400 356 1843 719 356 1844 519 466 1845 719 356 1846 521 356 1847 720 649 1848 526 470 1849 550 492 1850 720 649 1851 403 566 1852 402 358 1853 402 358 1854 721 511 1855 720 649 1856 720 649 1857 527 495 1858 525 469 1859 722 650 1860 532 474 1861 723 651 1862 410 371 1863 723 651 1864 411 365 1865 722 650 1866 417 372 1867 724 652 1868 531 475 1869 724 652 1870 533 478 1871 725 653 1872 533 478 1873 724 652 1874 419 375 1875 724 652 1876 417 372 1877 725 653 1878 394 352 1879 718 648 1880 536 479 1881 718 648 1882 520 465 1883 726 654 1884 521 356 1885 719 356 1886 422 379 1887 719 356 1888 400 356 1889 726 654 1890 425 380 1891 547 489 1892 538 481 1893 547 489 1894 539 482 1895 727 655 1896 546 488 1897 728 656 1898 427 384 1899 728 656 1900 428 382 1901 727 655 1902 100 93 1903 540 483 1904 545 487 1905 540 483 1906 539 482 1907 729 657 1908 526 470 1909 524 467 1910 431 386 1911 524 467 1912 69 60 1913 729 657 1914 428 382 1915 728 656 1916 551 494 1917 728 656 1918 546 488 1919 553 495 1920 721 511 1921 730 511 1922 730 511 1923 408 363 1924 433 363 1925 433 363 1926 620 511 1927 730 511 1928 730 511 1929 554 495 1930 553 495 1931 559 500 1932 611 541 1933 731 658 1934 731 658 1935 336 301 1936 438 389 1937 438 389 1938 616 547 1939 731 658 1940 731 658 1941 561 659 1942 559 500 1943 567 506 1944 733 660 1945 732 661 1946 732 661 1947 441 405 1948 440 391 1949 440 391 1950 734 237 1951 732 661 1952 732 661 1953 569 237 1954 567 506 1955 575 510 1956 608 538 1957 735 662 1958 448 398 1959 608 538 1960 329 295 1961 735 662 1962 450 63 1963 736 471 1964 575 510 1965 736 471 1966 577 495 1967 583 517 1968 614 544 1969 737 663 1970 737 663 1971 343 309 1972 452 399 1973 452 399 1974 738 664 1975 737 663 1976 737 663 1977 585 522 1978 583 517 1979 590 523 1980 738 664 1981 739 665 1982 739 665 1983 454 402 1984 456 403 1985 456 403 1986 733 660 1987 739 665 1988 739 665 1989 568 505 1990 590 523 1991 593 527 1992 734 237 1993 740 666 1994 740 666 1995 446 396 1996 458 406 1997 458 406 1998 606 537 1999 740 666 2000 740 666 2001 594 667 2002 593 527 2003 598 531 2004 742 262 2005 741 263 2006 741 263 2007 462 434 2008 461 410 2009 461 410 2010 743 668 2011 741 263 2012 741 263 2013 600 561 2014 598 531 2015 604 536 2016 745 669 2017 744 670 2018 744 670 2019 471 428 2020 470 417 2021 470 417 2022 595 528 2023 744 670 2024 744 670 2025 594 667 2026 604 536 2027 609 540 2028 574 508 2029 746 671 2030 478 429 2031 574 508 2032 479 425 2033 478 429 2034 745 669 2035 746 671 2036 746 671 2037 605 535 2038 609 540 2039 612 543 2040 558 497 2041 747 672 2042 747 672 2043 484 568 2044 483 430 2045 483 430 2046 742 262 2047 747 672 2048 747 672 2049 599 530 2050 612 543 2051 615 546 2052 582 514 2053 748 673 2054 748 673 2055 489 574 2056 488 435 2057 488 435 2058 562 501 2059 748 673 2060 748 673 2061 561 659 2062 615 546 2063 749 471 2064 577 495 2065 736 471 2066 495 63 2067 736 471 2068 450 63 2069 749 471 2070 175 63 2071 555 471 2072 619 495 2073 555 471 2074 554 495 2075 623 550 2076 751 674 2077 750 675 2078 750 675 2079 498 452 2080 497 441 2081 750 675 2082 411 365 2083 723 651 2084 750 675 2085 532 474 2086 623 550 2087 752 676 2088 628 555 2089 753 677 2090 503 451 2091 753 677 2092 504 447 2093 752 676 2094 498 452 2095 751 674 2096 752 676 2097 624 551 2098 627 554 2099 754 678 2100 632 559 2101 755 679 2102 509 458 2103 755 679 2104 510 454 2105 754 678 2106 504 447 2107 753 677 2108 631 558 2109 753 677 2110 628 555 2111 634 562 2112 743 668 2113 756 680 2114 756 680 2115 468 416 2116 515 459 2117 756 680 2118 510 454 2119 755 679 2120 634 562 2121 755 679 2122 632 559 2123 757 681 2124 50 42 2125 96 89 2126 21 17 2127 96 89 2128 23 19 2129 757 681 2130 20 80 2131 758 682 2132 49 43 2133 758 682 2134 51 44 2135 149 144 2136 758 682 2137 759 683 2138 87 79 2139 758 682 2140 20 80 2141 759 683 2142 86 78 2143 117 108 2144 759 683 2145 116 142 2146 149 144 2147 760 684 2148 194 169 2149 313 281 2150 327 293 2151 313 281 2152 312 280 2153 760 684 2154 301 269 2155 761 685 2156 215 188 2157 761 685 2158 216 189 2159 762 686 2160 216 189 2161 761 685 2162 762 686 2163 301 269 2164 299 267 2165 299 267 2166 763 687 2167 762 686 2168 762 686 2169 218 192 2170 217 190 2171 332 297 2172 763 687 2173 764 688 2174 764 688 2175 298 266 2176 459 409 2177 459 409 2178 765 689 2179 764 688 2180 764 688 2181 285 690 2182 332 297 2183 767 691 2184 765 689 2185 766 692 2186 766 692 2187 444 408 2188 443 394 2189 443 394 2190 324 290 2191 766 692 2192 766 692 2193 206 179 2194 767 691 2195 768 693 2196 285 690 2197 767 691 2198 205 185 2199 767 691 2200 206 179 2201 205 185 2202 769 694 2203 768 693 2204 768 693 2205 203 175 2206 286 255 2207 202 176 2208 769 694 2209 770 695 2210 770 695 2211 212 184 2212 350 318 2213 350 318 2214 771 696 2215 770 695 2216 770 695 2217 35 30 2218 202 176 2219 772 697 2220 35 30 2221 771 696 2222 772 697 2223 160 154 2224 158 151 2225 772 697 2226 44 38 2227 773 698 2228 28 29 2229 773 698 2230 29 24 2231 774 699 2232 29 24 2233 773 698 2234 43 37 2235 773 698 2236 44 38 2237 43 37 2238 775 700 2239 774 699 2240 774 699 2241 116 142 2242 115 107 2243 150 143 2244 775 700 2245 776 701 2246 776 701 2247 42 36 2248 141 134 2249 141 134 2250 57 49 2251 776 701 2252 776 701 2253 56 91 2254 150 143 2255 777 702 2256 779 703 2257 780 704 2258 781 705 2259 780 704 2260 782 705 2261 777 702 2262 783 705 2263 784 706 2264 778 707 2265 784 706 2266 785 708 2267 786 709 2268 788 710 2269 789 711 2270 790 712 2271 789 711 2272 791 713 2273 786 709 2274 792 714 2275 793 715 2276 787 716 2277 793 715 2278 794 717 2279 796 718 2280 798 719 2281 795 720 2282 795 720 2283 800 721 2284 799 722 2285 799 722 2286 802 723 2287 795 720 2288 795 720 2289 803 724 2290 796 718 2291 804 725 2292 806 726 2293 807 727 2294 808 728 2295 807 727 2296 809 729 2297 808 728 2298 811 730 2299 804 725 2300 804 725 2301 812 731 2302 805 732 2303 814 733 2304 816 734 2305 813 735 2306 813 735 2307 818 736 2308 817 737 2309 813 735 2310 819 738 2311 820 739 2312 814 733 2313 820 739 2314 821 740 2315 822 741 2316 824 742 2317 825 743 2318 826 744 2319 825 743 2320 827 745 2321 822 741 2322 828 746 2323 829 747 2324 822 741 2325 830 748 2326 823 749 2327 832 750 2328 834 751 2329 831 752 2330 831 752 2331 836 753 2332 835 754 2333 835 754 2334 838 755 2335 831 752 2336 831 752 2337 839 756 2338 832 750 2339 840 757 2340 842 758 2341 843 759 2342 844 760 2343 843 759 2344 845 761 2345 840 757 2346 846 762 2347 847 763 2348 841 764 2349 847 763 2350 848 765 2351 849 766 2352 851 767 2353 852 768 2354 853 769 2355 852 768 2356 854 770 2357 849 766 2358 855 771 2359 856 772 2360 850 773 2361 856 772 2362 857 774 2363 859 775 2364 838 755 2365 858 776 2366 860 777 2367 838 755 2368 837 778 2369 858 776 2370 854 770 2371 852 768 2372 859 775 2373 852 768 2374 851 767 2375 861 779 2376 863 780 2377 864 781 2378 861 779 2379 812 731 2380 865 782 2381 865 782 2382 798 719 2383 861 779 2384 861 779 2385 797 783 2386 862 784 2387 866 785 2388 810 786 2389 867 787 2390 868 721 2391 867 787 2392 869 721 2393 866 785 2394 800 721 2395 865 782 2396 811 730 2397 865 782 2398 812 731 2399 871 788 2400 872 789 2401 870 790 2402 870 790 2403 824 742 2404 823 749 2405 823 749 2406 873 791 2407 870 790 2408 870 790 2409 803 724 2410 871 788 2411 874 792 2412 833 793 2413 875 794 2414 876 795 2415 875 794 2416 827 745 2417 874 792 2418 877 796 2419 878 797 2420 834 751 2421 878 797 2422 836 753 2423 879 798 2424 881 799 2425 882 800 2426 879 798 2427 785 708 2428 784 706 2429 784 706 2430 883 801 2431 879 798 2432 879 798 2433 884 802 2434 880 803 2435 886 804 2436 888 805 2437 885 806 2438 885 806 2439 794 717 2440 793 715 2441 793 715 2442 889 807 2443 885 806 2444 885 806 2445 890 808 2446 886 804 2447 892 809 2448 894 810 2449 891 811 2450 805 732 2451 894 810 2452 806 726 2453 805 732 2454 864 781 2455 891 811 2456 891 811 2457 863 780 2458 892 809 2459 896 812 2460 889 807 2461 895 813 2462 895 813 2463 792 714 2464 897 814 2465 895 813 2466 815 815 2467 814 733 2468 895 813 2469 821 740 2470 896 812 2471 898 816 2472 123 115 2473 122 121 2474 900 817 2475 122 121 2476 129 122 2477 898 816 2478 901 818 2479 902 819 2480 899 820 2481 902 819 2482 903 821 2483 905 822 2484 906 823 2485 904 824 2486 904 824 2487 908 825 2488 907 826 2489 904 824 2490 881 799 2491 880 803 2492 904 824 2493 884 802 2494 905 822 2495 909 827 2496 801 828 2497 910 829 2498 841 764 2499 910 829 2500 842 758 2501 909 827 2502 848 765 2503 871 788 2504 802 723 2505 871 788 2506 803 724 2507 896 812 2508 912 830 2509 911 831 2510 911 831 2511 851 767 2512 850 773 2513 911 831 2514 857 774 2515 913 832 2516 911 831 2517 890 808 2518 896 812 2519 820 739 2520 915 833 2521 914 834 2522 914 834 2523 839 756 2524 859 775 2525 859 775 2526 912 830 2527 914 834 2528 914 834 2529 821 740 2530 820 739 2531 917 835 2532 143 136 2533 916 836 2534 899 820 2535 143 136 2536 123 115 2537 916 836 2538 903 821 2539 918 837 2540 916 836 2541 919 838 2542 917 835 2543 920 839 2544 893 840 2545 922 841 2546 826 744 2547 922 841 2548 828 746 2549 920 839 2550 827 745 2551 875 794 2552 921 842 2553 875 794 2554 833 793 2555 923 843 2556 782 705 2557 924 844 2558 787 716 2559 924 844 2560 788 710 2561 923 843 2562 794 717 2563 925 843 2564 781 705 2565 925 843 2566 783 705 2567 926 845 2568 783 705 2569 925 843 2570 888 805 2571 925 843 2572 794 717 2573 926 845 2574 887 846 2575 905 822 2576 883 801 2577 905 822 2578 884 802 2579 913 832 2580 928 847 2581 927 848 2582 906 823 2583 928 847 2584 908 825 2585 927 848 2586 887 846 2587 886 804 2588 913 832 2589 886 804 2590 890 808 2591 930 849 2592 816 734 2593 929 850 2594 929 850 2595 815 815 2596 931 851 2597 929 850 2598 932 852 2599 933 853 2600 930 849 2601 933 853 2602 934 854 2603 910 829 2604 936 828 2605 935 829 2606 935 829 2607 938 828 2608 937 829 2609 937 829 2610 940 758 2611 935 829 2612 935 829 2613 842 758 2614 910 829 2615 942 722 2616 936 828 2617 941 722 2618 941 722 2619 801 828 2620 799 722 2621 799 722 2622 868 721 2623 941 722 2624 941 722 2625 869 721 2626 942 722 2627 897 814 2628 790 712 2629 943 855 2630 943 855 2631 791 713 2632 944 856 2633 944 856 2634 931 851 2635 943 855 2636 897 814 2637 931 851 2638 815 815 2639 843 759 2640 940 758 2641 945 759 2642 945 759 2643 939 758 2644 946 759 2645 946 759 2646 948 857 2647 945 759 2648 945 759 2649 845 761 2650 843 759 2651 950 858 2652 952 705 2653 949 858 2654 949 858 2655 782 705 2656 780 704 2657 780 704 2658 953 859 2659 949 858 2660 949 858 2661 954 860 2662 950 858 2663 956 861 2664 958 862 2665 955 863 2666 955 863 2667 791 713 2668 789 711 2669 789 711 2670 959 864 2671 955 863 2672 955 863 2673 960 865 2674 956 861 2675 962 866 2676 964 722 2677 961 867 2678 961 867 2679 966 721 2680 965 868 2681 965 868 2682 968 869 2683 961 867 2684 961 867 2685 969 870 2686 962 866 2687 970 871 2688 972 872 2689 973 873 2690 808 728 2691 973 873 2692 810 786 2693 808 728 2694 974 874 2695 970 871 2696 970 871 2697 975 875 2698 971 876 2699 976 877 2700 978 878 2701 979 879 2702 976 877 2703 981 880 2704 980 881 2705 980 881 2706 983 882 2707 976 877 2708 977 883 2709 983 882 2710 984 884 2711 985 885 2712 967 886 2713 986 887 2714 987 888 2715 986 887 2716 988 889 2717 985 885 2718 989 890 2719 990 891 2720 968 869 2721 990 891 2722 969 870 2723 992 892 2724 220 193 2725 991 893 2726 991 893 2727 227 199 2728 993 894 2729 993 894 2730 995 895 2731 991 893 2732 991 893 2733 996 896 2734 992 892 2735 998 897 2736 229 200 2737 997 898 2738 997 898 2739 236 206 2740 999 899 2741 999 899 2742 1001 900 2743 997 898 2744 997 898 2745 1002 901 2746 998 897 2747 1003 902 2748 239 208 2749 238 214 2750 1005 903 2751 238 214 2752 245 215 2753 1003 902 2754 1006 904 2755 1007 905 2756 1004 906 2757 1007 905 2758 1008 907 2759 1010 908 2760 247 216 2761 1009 909 2762 1009 909 2763 254 222 2764 1011 910 2765 1011 910 2766 1013 911 2767 1009 909 2768 1009 909 2769 1014 912 2770 1010 908 2771 1011 910 2772 256 223 2773 1015 913 2774 1015 913 2775 230 227 2776 998 897 2777 998 897 2778 1016 914 2779 1015 913 2780 1015 913 2781 1012 915 2782 1011 910 2783 965 868 2784 1018 916 2785 1017 917 2786 1017 917 2787 972 872 2788 1019 918 2789 1017 917 2790 1020 919 2791 1021 920 2792 1017 917 2793 967 886 2794 965 868 2795 1022 921 2796 966 721 2797 1023 721 2798 867 787 2799 1023 721 2800 869 721 2801 1022 921 2802 810 786 2803 973 873 2804 1018 916 2805 973 873 2806 972 872 2807 1024 922 2808 267 235 2809 1025 923 2810 1026 924 2811 1025 923 2812 1027 925 2813 1024 922 2814 1000 926 2815 999 899 2816 268 236 2817 999 899 2818 236 206 2819 1028 927 2820 951 705 2821 950 858 2822 1030 928 2823 950 858 2824 954 860 2825 1028 927 2826 1031 929 2827 1032 930 2828 1028 927 2829 1033 931 2830 1029 932 2831 1034 933 2832 957 934 2833 956 861 2834 1036 935 2835 956 861 2836 960 865 2837 1036 935 2838 1038 936 2839 1034 933 2840 1034 933 2841 1039 937 2842 1035 938 2843 1019 918 2844 971 876 2845 1040 939 2846 1041 940 2847 971 876 2848 975 875 2849 1041 940 2850 1043 941 2851 1040 939 2852 1040 939 2853 1020 919 2854 1019 918 2855 1044 942 2856 982 943 2857 1045 944 2858 1035 938 2859 1045 944 2860 957 934 2861 1035 938 2862 1046 945 2863 1044 942 2864 1044 942 2865 984 884 2866 983 882 2867 1048 946 2868 953 859 2869 1047 947 2870 1049 948 2871 953 859 2872 779 703 2873 1049 948 2874 1051 949 2875 1047 947 2876 1047 947 2877 1052 950 2878 1048 946 2879 1053 951 2880 1055 952 2881 1056 953 2882 1057 954 2883 1056 953 2884 1058 955 2885 1053 951 2886 1059 956 2887 1060 957 2888 1054 958 2889 1060 957 2890 1061 959 2891 1032 930 2892 1063 960 2893 1062 961 2894 1062 961 2895 1065 962 2896 1064 963 2897 1064 963 2898 1066 964 2899 1062 961 2900 1062 961 2901 1033 931 2902 1032 930 2903 1067 965 2904 1069 966 2905 1070 967 2906 1071 829 2907 1070 967 2908 1072 758 2909 1067 965 2910 963 828 2911 962 866 2912 1068 968 2913 962 866 2914 969 870 2915 1074 969 2916 1076 970 2917 1073 971 2918 1073 971 2919 1078 972 2920 1077 973 2921 1077 973 2922 1046 945 2923 1073 971 2924 1073 971 2925 1039 937 2926 1074 969 2927 1077 973 2928 1080 974 2929 1079 975 2930 1079 975 2931 1082 976 2932 1081 977 2933 1081 977 2934 977 883 2935 1079 975 2936 1079 975 2937 984 884 2938 1077 973 2939 1083 978 2940 1061 959 2941 1060 957 2942 1085 979 2943 1060 957 2944 1059 956 2945 1083 978 2946 1086 980 2947 1087 981 2948 1083 978 2949 1069 966 2950 1084 982 2951 1043 941 2952 1089 983 2953 1088 984 2954 986 887 2955 1089 983 2956 988 889 2957 986 887 2958 1021 920 2959 1088 984 2960 1088 984 2961 1020 919 2962 1043 941 2963 1091 985 2964 1030 928 2965 1090 986 2966 1090 986 2967 954 860 2968 1048 946 2969 1048 946 2970 1092 987 2971 1090 986 2972 1090 986 2973 1093 988 2974 1091 985 2975 1095 989 2976 959 864 2977 1094 990 2978 1094 990 2979 788 710 2980 924 844 2981 924 844 2982 952 705 2983 1094 990 2984 1094 990 2985 951 705 2986 1095 989 2987 1096 991 2988 1065 962 2989 1098 992 2990 1099 993 2991 1098 992 2992 1100 994 2993 1096 991 2994 1101 995 2995 1102 996 2996 1097 997 2997 1102 996 2998 1075 998 2999 1103 999 3000 1037 1000 3001 1036 935 3002 1103 999 3003 960 865 3004 1095 989 3005 1095 989 3006 1029 932 3007 1103 999 3008 1066 964 3009 1029 932 3010 1033 931 3011 1104 1001 3012 1037 1000 3013 1064 963 3014 1097 997 3015 1064 963 3016 1065 962 3017 1104 1001 3018 1075 998 3019 1074 969 3020 1038 936 3021 1074 969 3022 1039 937 3023 933 853 3024 1106 1002 3025 1105 1003 3026 1105 1003 3027 982 943 3028 980 881 3029 980 881 3030 1107 1004 3031 1105 1003 3032 1105 1003 3033 934 854 3034 933 853 3035 1109 758 3036 937 829 3037 1108 829 3038 1108 829 3039 938 828 3040 1110 828 3041 1110 828 3042 1071 829 3043 1108 829 3044 1108 829 3045 1072 758 3046 1109 758 3047 1110 828 3048 942 722 3049 1111 722 3050 1111 722 3051 869 721 3052 1023 721 3053 1023 721 3054 964 722 3055 1111 722 3056 1111 722 3057 963 828 3058 1110 828 3059 1112 1005 3060 932 852 3061 944 856 3062 958 862 3063 944 856 3064 791 713 3065 1112 1005 3066 957 934 3067 1045 944 3068 1106 1002 3069 1045 944 3070 982 943 3071 359 215 3072 1114 903 3073 1113 903 3074 1113 903 3075 1116 904 3076 1115 904 3077 1115 904 3078 1005 903 3079 1113 903 3080 1113 903 3081 245 215 3082 359 215 3083 882 800 3084 907 826 3085 1117 1006 3086 1118 1007 3087 907 826 3088 908 825 3089 1118 1007 3090 1120 1008 3091 1117 1006 3092 882 800 3093 1120 1008 3094 785 708 3095 1122 1009 3096 856 772 3097 1121 1010 3098 1123 1011 3099 856 772 3100 855 771 3101 1123 1011 3102 1125 1012 3103 1121 1010 3104 1122 1009 3105 1125 1012 3106 1126 1013 3107 1127 1014 3108 908 825 3109 928 847 3110 1122 1009 3111 928 847 3112 857 774 3113 1127 1014 3114 1126 1013 3115 1128 1015 3116 1127 1014 3117 1119 1016 3118 1118 1007 3119 1129 1017 3120 785 708 3121 1120 1008 3122 1130 1018 3123 1120 1008 3124 1119 1016 3125 1129 1017 3126 1131 1019 3127 1132 1020 3128 778 707 3129 1132 1020 3130 779 703 3131 1133 1021 3132 1126 1013 3133 1125 1012 3134 1135 1022 3135 1125 1012 3136 1124 1023 3137 1133 1021 3138 1136 1024 3139 1137 1025 3140 1134 1026 3141 1137 1025 3142 1138 1027 3143 1139 1028 3144 1119 1016 3145 1128 1015 3146 1134 1026 3147 1128 1015 3148 1126 1013 3149 1139 1028 3150 1138 1027 3151 1140 1029 3152 1139 1028 3153 1131 1019 3154 1130 1018 3155 1142 1030 3156 1140 1029 3157 1141 1031 3158 1141 1031 3159 1138 1027 3160 1137 1025 3161 1137 1025 3162 1143 1032 3163 1141 1031 3164 1141 1031 3165 1144 1033 3166 1142 1030 3167 1145 1034 3168 779 703 3169 1132 1020 3170 1142 1030 3171 1132 1020 3172 1131 1019 3173 1145 1034 3174 1144 1033 3175 1146 1035 3176 1049 948 3177 1146 1035 3178 1050 1036 3179 1147 1037 3180 1149 1038 3181 1150 1039 3182 1151 1040 3183 1150 1039 3184 1152 753 3185 1147 1037 3186 1153 1040 3187 1154 1041 3188 1148 1042 3189 1154 1041 3190 1155 1043 3191 1157 1044 3192 1159 1045 3193 1156 1046 3194 1156 1046 3195 1161 1047 3196 1160 1048 3197 1160 1048 3198 1163 1049 3199 1156 1046 3200 1156 1046 3201 919 838 3202 1157 1044 3203 1164 1050 3204 1166 1051 3205 1167 1052 3206 1168 1053 3207 1167 1052 3208 1169 1054 3209 1164 1050 3210 1170 1055 3211 1171 1056 3212 1165 1057 3213 1171 1056 3214 1172 1058 3215 1173 1059 3216 1169 1054 3217 1174 1060 3218 1148 1042 3219 1174 1060 3220 1149 1038 3221 1173 1059 3222 1155 1043 3223 1175 1061 3224 1168 1053 3225 1175 1061 3226 1170 1055 3227 1176 1062 3228 1152 753 3229 1177 1063 3230 1178 1064 3231 1177 1063 3232 1179 1065 3233 1176 1062 3234 901 818 3235 1180 1066 3236 1151 1040 3237 1180 1066 3238 1153 1040 3239 1181 1067 3240 1183 1068 3241 1184 1069 3242 876 795 3243 1184 1069 3244 877 796 3245 1181 1067 3246 827 745 3247 825 743 3248 1182 1070 3249 825 743 3250 824 742 3251 1185 1071 3252 846 762 3253 1186 1072 3254 1182 1070 3255 1186 1072 3256 1183 1068 3257 1185 1071 3258 824 742 3259 872 789 3260 847 763 3261 872 789 3262 848 765 3263 1160 1048 3264 1188 1047 3265 1187 1048 3266 1187 1048 3267 1190 1047 3268 1189 1048 3269 1189 1073 3270 1191 1073 3271 1187 1073 3272 1187 1074 3273 1162 1074 3274 1160 1074 3275 1091 985 3276 1193 1075 3277 1192 1076 3278 1192 1076 3279 1100 994 3280 1098 992 3281 1098 992 3282 1063 960 3283 1192 1076 3284 1192 1076 3285 1031 929 3286 1091 985 3287 1195 1077 3288 1197 1078 3289 1194 1079 3290 1194 1079 3291 1199 1080 3292 1198 1081 3293 1198 1081 3294 1201 1082 3295 1194 1079 3296 1194 1079 3297 1082 976 3298 1195 1077 3299 1202 1083 3300 1086 980 3301 1203 1084 3302 1204 759 3303 1203 1084 3304 1205 761 3305 1202 1083 3306 1072 758 3307 1070 967 3308 1087 981 3309 1070 967 3310 1069 966 3311 1102 996 3312 1207 1085 3313 1206 1086 3314 1206 1086 3315 1209 1087 3316 1208 1088 3317 1208 1088 3318 1076 970 3319 1206 1086 3320 1206 1086 3321 1075 998 3322 1102 996 3323 1208 1088 3324 1211 1089 3325 1210 1090 3326 1210 1090 3327 1196 1091 3328 1195 1077 3329 1195 1077 3330 1080 974 3331 1210 1090 3332 1210 1090 3333 1078 972 3334 1208 1088 3335 1198 1081 3336 1213 1092 3337 1212 1093 3338 1212 1093 3339 1058 955 3340 1056 953 3341 1056 953 3342 1214 1094 3343 1212 1093 3344 1212 1093 3345 1200 1095 3346 1198 1081 3347 1216 1096 3348 1218 1097 3349 1215 1098 3350 1215 1098 3351 1220 1099 3352 1219 1100 3353 1219 1100 3354 1222 1101 3355 1215 1098 3356 1215 1098 3357 1223 1102 3358 1216 1096 3359 1225 1103 3360 1227 1104 3361 1224 1105 3362 1224 1105 3363 1229 1106 3364 1228 1107 3365 1228 1107 3366 1230 1108 3367 1224 1105 3368 1224 1105 3369 1231 1109 3370 1225 1103 3371 1232 1110 3372 1234 1111 3373 1235 1112 3374 1232 1110 3375 1226 1113 3376 1225 1103 3377 1225 1103 3378 1236 1114 3379 1232 1110 3380 1233 1115 3381 1236 1114 3382 1008 907 3383 1238 1116 3384 1240 1117 3385 1237 1118 3386 1237 1118 3387 1217 1119 3388 1216 1096 3389 1216 1096 3390 1241 1120 3391 1237 1118 3392 1237 1118 3393 996 896 3394 1238 1116 3395 1243 1121 3396 1245 1122 3397 1242 1123 3398 1242 1123 3399 1247 1124 3400 1246 1125 3401 1246 1125 3402 1248 1126 3403 1242 1123 3404 1242 1123 3405 1014 912 3406 1243 1121 3407 1249 759 3408 1205 761 3409 1250 857 3410 946 759 3411 1250 857 3412 947 857 3413 1249 759 3414 939 758 3415 1109 758 3416 1204 759 3417 1109 758 3418 1072 758 3419 1252 1127 3420 1254 1128 3421 1251 1129 3422 1165 1057 3423 1254 1128 3424 1166 1051 3425 1251 1129 3426 1172 1058 3427 1255 1130 3428 1251 1129 3429 1256 1131 3430 1252 1127 3431 1257 1132 3432 1259 1133 3433 1260 1134 3434 1252 1127 3435 1260 1134 3436 1253 1135 3437 1257 1132 3438 1256 1131 3439 1261 1136 3440 1258 1137 3441 1261 1136 3442 1262 1138 3443 1263 1139 3444 1265 1140 3445 1266 1141 3446 1258 1137 3447 1266 1141 3448 1259 1133 3449 1263 1139 3450 1262 1138 3451 1267 1142 3452 1264 1143 3453 1267 1142 3454 1268 1144 3455 1219 1100 3456 1270 1145 3457 1269 1146 3458 1264 1143 3459 1270 1145 3460 1265 1140 3461 1269 1146 3462 1268 1144 3463 1271 1147 3464 1269 1146 3465 1221 1148 3466 1219 1100 3467 1273 1149 3468 835 754 3469 1272 1150 3470 1274 753 3471 835 754 3472 836 753 3473 1272 1150 3474 1275 1040 3475 1276 1151 3476 1272 1150 3477 1277 1152 3478 1273 1149 3479 1279 1153 3480 844 760 3481 1278 1154 3482 1278 1154 3483 845 761 3484 1280 1155 3485 1280 1155 3486 1282 1156 3487 1278 1154 3488 1279 1153 3489 1282 1156 3490 1283 1157 3491 1285 1158 3492 853 769 3493 1284 1159 3494 1284 1159 3495 854 770 3496 1286 1160 3497 1286 1160 3498 1288 1161 3499 1284 1159 3500 1284 1159 3501 1289 1162 3502 1285 1158 3503 1286 1160 3504 860 777 3505 1290 1163 3506 1290 1163 3507 837 778 3508 1273 1149 3509 1273 1149 3510 1291 1164 3511 1290 1163 3512 1290 1163 3513 1287 1165 3514 1286 1160 3515 1292 1166 3516 836 753 3517 878 797 3518 1293 1167 3519 878 797 3520 877 796 3521 1292 1166 3522 1294 1168 3523 1295 1169 3524 1274 753 3525 1295 1169 3526 1275 1040 3527 1296 1170 3528 1298 1171 3529 1299 1172 3530 1300 1173 3531 1299 1172 3532 1179 1065 3533 1296 1170 3534 1294 1168 3535 1301 1174 3536 1297 1175 3537 1301 1174 3538 1302 1176 3539 1304 1177 3540 1305 1178 3541 1303 1179 3542 1297 1175 3543 1305 1178 3544 1298 1171 3545 1303 1179 3546 1302 1176 3547 1306 1180 3548 1304 1177 3549 1306 1180 3550 1283 1157 3551 1280 1155 3552 948 857 3553 1307 1155 3554 1307 1155 3555 947 857 3556 1308 1181 3557 1308 1181 3558 1310 1182 3559 1307 1155 3560 1307 1155 3561 1281 1183 3562 1280 1155 3563 1312 1184 3564 1313 1185 3565 1311 1186 3566 1311 1186 3567 1247 1124 3568 1314 1187 3569 1314 1187 3570 1316 1188 3571 1311 1186 3572 1311 1186 3573 1317 1189 3574 1312 1184 3575 1319 1190 3576 1321 1191 3577 1318 504 3578 1318 504 3579 1323 1080 3580 1322 926 3581 1322 926 3582 1325 1192 3583 1318 504 3584 1318 504 3585 1326 1193 3586 1319 1190 3587 1327 1194 3588 1234 1111 3589 1329 1195 3590 1330 1196 3591 1329 1195 3592 1331 1047 3593 1327 1194 3594 1332 1183 3595 1333 1197 3596 1327 1194 3597 1334 1198 3598 1328 1199 3599 1336 1200 3600 1337 1201 3601 1335 1202 3602 1335 1202 3603 1339 1203 3604 1338 1204 3605 1338 1204 3606 1341 1205 3607 1335 1202 3608 1335 1202 3609 1342 1206 3610 1336 1200 3611 1338 1204 3612 1344 1207 3613 1343 1208 3614 1343 1208 3615 1320 1209 3616 1319 1190 3617 1319 1190 3618 1345 1210 3619 1343 1208 3620 1343 1208 3621 1340 1211 3622 1338 1204 3623 1322 926 3624 1347 1212 3625 1346 1213 3626 1346 1213 3627 1229 1106 3628 1348 1214 3629 1348 1214 3630 1350 1215 3631 1346 1213 3632 1346 1213 3633 1324 926 3634 1322 926 3635 1352 1216 3636 1051 949 3637 1351 949 3638 1351 949 3639 1050 1036 3640 1353 1217 3641 1353 1217 3642 1355 1218 3643 1351 949 3644 1351 949 3645 1356 1219 3646 1352 1216 3647 1358 1220 3648 1057 954 3649 1357 1221 3650 1357 1221 3651 1058 955 3652 1359 1222 3653 1359 1222 3654 1360 1223 3655 1357 1221 3656 1357 1221 3657 1361 1224 3658 1358 1220 3659 1363 1225 3660 1085 979 3661 1362 1226 3662 1362 1226 3663 1059 956 3664 1358 1220 3665 1358 1220 3666 1364 1227 3667 1362 1226 3668 1362 1226 3669 1334 1198 3670 1363 1225 3671 1366 1228 3672 1092 987 3673 1365 1229 3674 1365 1229 3675 1052 950 3676 1352 1216 3677 1352 1216 3678 1367 1230 3679 1365 1229 3680 1365 1229 3681 1317 1189 3682 1366 1228 3683 1369 1231 3684 1099 993 3685 1368 1232 3686 1368 1232 3687 1100 994 3688 1370 1233 3689 1370 1233 3690 1371 1234 3691 1368 1232 3692 1368 1232 3693 1342 1206 3694 1369 1231 3695 1372 1196 3696 1331 1047 3697 1373 1047 3698 1374 1196 3699 1373 1047 3700 1190 1047 3701 1372 1196 3702 1309 1182 3703 1375 1182 3704 1330 1196 3705 1375 1182 3706 1332 1183 3707 1376 1235 3708 1124 1023 3709 1123 1011 3710 1376 1235 3711 855 771 3712 1285 1158 3713 1376 1235 3714 1289 1162 3715 1378 1236 3716 1376 1235 3717 1379 1237 3718 1377 1238 3719 1381 1239 3720 1135 1022 3721 1380 1240 3722 1380 1240 3723 1124 1023 3724 1377 1238 3725 1377 1238 3726 1382 1241 3727 1380 1240 3728 1381 1239 3729 1382 1241 3730 1383 1242 3731 1384 1243 3732 1144 1033 3733 1143 1032 3734 1384 1243 3735 1136 1024 3736 1381 1239 3737 1384 1243 3738 1383 1242 3739 1386 1244 3740 1385 1245 3741 1386 1244 3742 1387 1246 3743 1353 1217 3744 1146 1035 3745 1388 1247 3746 1385 1245 3747 1146 1035 3748 1144 1033 3749 1388 1247 3750 1387 1246 3751 1389 1248 3752 1388 1247 3753 1354 1249 3754 1353 1217 3755 1390 1250 3756 903 821 3757 902 819 3758 1178 1064 3759 902 819 3760 901 818 3761 1390 1250 3762 1179 1065 3763 1299 1172 3764 1391 1251 3765 1299 1172 3766 1298 1171 3767 1157 1044 3768 918 837 3769 1392 1252 3770 1391 1251 3771 918 837 3772 903 821 3773 1392 1252 3774 1298 1171 3775 1305 1178 3776 1392 1252 3777 1158 1253 3778 1157 1044 3779 1238 1116 3780 995 895 3781 1393 1254 3782 1393 1254 3783 994 1255 3784 1246 1125 3785 1246 1125 3786 1313 1185 3787 1393 1254 3788 1393 1254 3789 1239 1256 3790 1238 1116 3791 1395 1257 3792 1001 900 3793 1394 1258 3794 1394 1258 3795 1000 926 3796 1396 926 3797 1396 926 3798 1321 1191 3799 1394 1258 3800 1394 1258 3801 1320 1209 3802 1395 1257 3803 1397 1259 3804 1008 907 3805 1007 905 3806 1398 1048 3807 1007 905 3808 1006 904 3809 1397 1259 3810 1331 1047 3811 1329 1195 3812 1233 1115 3813 1329 1195 3814 1234 1111 3815 1243 1121 3816 1013 911 3817 1399 1260 3818 1399 1260 3819 1012 915 3820 1400 1261 3821 1400 1261 3822 1337 1201 3823 1399 1260 3824 1399 1260 3825 1244 1262 3826 1243 1121 3827 1400 1261 3828 1016 914 3829 1401 1263 3830 1401 1263 3831 1002 901 3832 1395 1257 3833 1395 1257 3834 1344 1207 3835 1401 1263 3836 1401 1263 3837 1339 1203 3838 1400 1261 3839 1396 926 3840 1026 924 3841 1402 1264 3842 1402 1264 3843 1027 925 3844 1228 1107 3845 1228 1107 3846 1347 1212 3847 1402 1264 3848 1402 1264 3849 1323 1080 3850 1396 926 3851 1403 1265 3852 1006 1265 3853 1115 1265 3854 1189 1266 3855 1115 1266 3856 1116 1266 3857 1403 1048 3858 1190 1047 3859 1373 1047 3860 1398 1048 3861 1373 1047 3862 1331 1047 3863 1404 1267 3864 1155 1043 3865 1154 1041 3866 1406 1268 3867 1154 1041 3868 1153 1040 3869 1404 1267 3870 653 584 3871 651 582 3872 1405 1269 3873 651 582 3874 652 583 3875 917 835 3876 1163 1049 3877 1407 1270 3878 1407 1270 3879 1162 904 3880 1408 903 3881 1408 903 3882 656 588 3883 1407 1270 3884 1407 1270 3885 144 587 3886 917 835 3887 1409 1271 3888 1172 1058 3889 1171 1056 3890 1411 1272 3891 1171 1056 3892 1170 1055 3893 1411 1272 3894 661 592 3895 1409 1271 3896 1409 1271 3897 662 591 3898 1410 1273 3899 1412 1274 3900 1170 1055 3901 1175 1061 3902 1405 1269 3903 1175 1061 3904 1155 1043 3905 1412 1274 3906 652 583 3907 666 596 3908 1412 1274 3909 663 595 3910 1411 1272 3911 1413 1275 3912 1153 1040 3913 1180 1066 3914 900 817 3915 1180 1066 3916 901 818 3917 1413 1275 3918 129 122 3919 668 598 3920 1406 1268 3921 668 598 3922 653 584 3923 1408 903 3924 1191 904 3925 1414 903 3926 1414 903 3927 1116 904 3928 1114 903 3929 1114 903 3930 670 215 3931 1414 903 3932 1414 903 3933 657 215 3934 1408 903 3935 1416 1276 3936 1222 1101 3937 1415 1277 3938 1417 1278 3939 1222 1101 3940 1221 1148 3941 1417 1278 3942 673 602 3943 1415 1277 3944 1415 1279 3945 674 1279 3946 1416 1279 3947 1419 1280 3948 1230 1108 3949 1418 1281 3950 1418 1281 3951 1027 925 3952 1025 923 3953 1025 923 3954 679 607 3955 1418 1281 3956 1418 1281 3957 680 606 3958 1419 1280 3959 1420 1282 3960 1008 907 3961 1236 1114 3962 1420 1282 3963 1231 1109 3964 1419 1280 3965 1419 1280 3966 682 609 3967 1420 1282 3968 1004 906 3969 682 609 3970 239 208 3971 992 892 3972 1241 1120 3973 1421 1283 3974 1421 1283 3975 1223 1102 3976 1416 1276 3977 1416 1276 3978 684 612 3979 1421 1283 3980 1421 1283 3981 221 611 3982 992 892 3983 1010 908 3984 1248 1126 3985 1422 1284 3986 1422 1284 3987 994 1255 3988 993 894 3989 993 894 3990 686 615 3991 1422 1284 3992 1422 1284 3993 248 614 3994 1010 908 3995 1410 1273 3996 688 616 3997 1423 1285 3998 1423 1285 3999 692 620 4000 1424 1286 4001 1424 1286 4002 1426 1287 4003 1423 1285 4004 1410 1273 4005 1426 1287 4006 1172 1058 4007 1255 1130 4008 1426 1287 4009 1427 1288 4010 1427 1288 4011 1425 1289 4012 1428 1290 4013 1428 1290 4014 1430 1291 4015 1427 1288 4016 1427 1288 4017 1256 1131 4018 1255 1130 4019 1261 1136 4020 1430 1291 4021 1431 1292 4022 1431 1292 4023 1429 1293 4024 1432 1294 4025 1431 1292 4026 1268 1144 4027 1267 1142 4028 1431 1292 4029 1262 1138 4030 1261 1136 4031 1424 1286 4032 700 628 4033 1433 1295 4034 1434 1296 4035 700 628 4036 704 633 4037 1433 1295 4038 1435 1297 4039 1436 1298 4040 1433 1295 4041 1425 1289 4042 1424 1286 4043 1428 1290 4044 1436 1298 4045 1437 1299 4046 1438 1300 4047 1436 1298 4048 1435 1297 4049 1437 1299 4050 1439 1301 4051 1440 1302 4052 1437 1299 4053 1429 1293 4054 1428 1290 4055 1432 1294 4056 1440 1302 4057 1441 1303 4058 1441 1303 4059 1439 1301 4060 1442 1304 4061 1442 1304 4062 1271 1147 4063 1441 1303 4064 1432 1294 4065 1271 1147 4066 1268 1144 4067 1434 1296 4068 712 640 4069 1443 1305 4070 1443 1305 4071 714 643 4072 1444 1306 4073 1444 1306 4074 1438 1300 4075 1443 1305 4076 1443 1305 4077 1435 1297 4078 1434 1296 4079 1444 1306 4080 716 644 4081 1445 1307 4082 1445 1307 4083 675 646 4084 1417 1278 4085 1445 1307 4086 1221 1148 4087 1442 1304 4088 1445 1307 4089 1439 1301 4090 1444 1306 4091 1446 1308 4092 1277 1152 4093 1276 1151 4094 1448 1040 4095 1276 1151 4096 1275 1040 4097 1446 1308 4098 1152 753 4099 1150 1039 4100 1447 1309 4101 1150 1039 4102 1149 1038 4103 1449 1310 4104 1283 1157 4105 1282 1156 4106 1449 1310 4107 1281 1183 4108 1450 1196 4109 1450 1196 4110 1159 1045 4111 1449 1310 4112 1449 1310 4113 1158 1253 4114 1304 1177 4115 1451 1311 4116 1289 1162 4117 1288 1161 4118 1453 1312 4119 1288 1161 4120 1287 1165 4121 1451 1311 4122 1169 1054 4123 1167 1052 4124 1452 1313 4125 1167 1052 4126 1166 1051 4127 1454 1314 4128 1287 1165 4129 1291 1164 4130 1447 1309 4131 1291 1164 4132 1277 1152 4133 1454 1314 4134 1149 1038 4135 1174 1060 4136 1453 1312 4137 1174 1060 4138 1169 1054 4139 1455 1315 4140 1275 1040 4141 1295 1169 4142 1300 1173 4143 1295 1169 4144 1294 1168 4145 1455 1315 4146 1179 1065 4147 1177 1063 4148 1448 1040 4149 1177 1063 4150 1152 753 4151 1456 1316 4152 1302 1176 4153 1301 1174 4154 1293 1167 4155 1301 1174 4156 1294 1168 4157 1456 1316 4158 877 796 4159 1184 1069 4160 1457 1317 4161 1184 1069 4162 1183 1068 4163 1458 1318 4164 1283 1157 4165 1306 1180 4166 1457 1317 4167 1306 1180 4168 1302 1176 4169 1458 1318 4170 1183 1068 4171 1186 1072 4172 1279 1153 4173 1186 1072 4174 846 762 4175 1450 1196 4176 1310 1182 4177 1459 1196 4178 1459 1196 4179 1309 1182 4180 1374 1196 4181 1374 1196 4182 1188 1047 4183 1459 1196 4184 1459 1196 4185 1161 1047 4186 1450 1196 4187 1366 1228 4188 1316 1188 4189 1460 1319 4190 1460 1319 4191 1315 1320 4192 1370 1233 4193 1370 1233 4194 1193 1075 4195 1460 1319 4196 1460 1319 4197 1093 988 4198 1366 1228 4199 1462 1321 4200 1325 1192 4201 1461 1322 4202 1461 1322 4203 1324 926 4204 1463 1080 4205 1463 1080 4206 1197 1078 4207 1461 1322 4208 1461 1322 4209 1196 1091 4210 1462 1321 4211 1363 1225 4212 1333 1197 4213 1464 1323 4214 1465 1324 4215 1333 1197 4216 1332 1183 4217 1464 1323 4218 1205 761 4219 1203 1084 4220 1363 1225 4221 1203 1084 4222 1086 980 4223 1369 1231 4224 1341 1205 4225 1466 1325 4226 1466 1325 4227 1340 1211 4228 1467 1326 4229 1467 1326 4230 1207 1085 4231 1466 1325 4232 1466 1325 4233 1101 995 4234 1369 1231 4235 1467 1326 4236 1345 1210 4237 1468 1327 4238 1468 1327 4239 1326 1193 4240 1462 1321 4241 1462 1321 4242 1211 1089 4243 1468 1327 4244 1468 1327 4245 1209 1087 4246 1467 1326 4247 1463 1080 4248 1350 1215 4249 1469 1328 4250 1469 1328 4251 1349 1329 4252 1359 1222 4253 1359 1222 4254 1213 1092 4255 1469 1328 4256 1469 1328 4257 1199 1080 4258 1463 1080 4259 1471 1216 4260 1355 1218 4261 1470 1330 4262 1470 1330 4263 1354 1249 4264 1472 1331 4265 1472 1331 4266 1218 1097 4267 1470 1330 4268 1470 1330 4269 1217 1119 4270 1471 1216 4271 1474 1332 4272 1360 1223 4273 1473 1333 4274 1473 1333 4275 1349 1329 4276 1348 1214 4277 1348 1214 4278 1227 1104 4279 1473 1333 4280 1473 1333 4281 1226 1113 4282 1474 1332 4283 1328 1199 4284 1364 1227 4285 1475 1334 4286 1475 1334 4287 1361 1224 4288 1474 1332 4289 1474 1332 4290 1235 1112 4291 1475 1334 4292 1328 1199 4293 1235 1112 4294 1234 1111 4295 1312 1184 4296 1367 1230 4297 1476 1335 4298 1476 1335 4299 1356 1219 4300 1471 1216 4301 1471 1216 4302 1240 1117 4303 1476 1335 4304 1476 1335 4305 1239 1256 4306 1312 1184 4307 1336 1200 4308 1371 1234 4309 1477 1336 4310 1477 1336 4311 1315 1320 4312 1314 1187 4313 1314 1187 4314 1245 1122 4315 1477 1336 4316 1477 1336 4317 1244 1262 4318 1336 1200 4319 1478 1324 4320 1332 1183 4321 1375 1182 4322 1308 1181 4323 1375 1182 4324 1309 1182 4325 1478 1324 4326 947 857 4327 1250 857 4328 1465 1324 4329 1250 857 4330 1205 761 4331 1480 1337 4332 1378 1236 4333 1479 1338 4334 1479 1338 4335 1289 1162 4336 1452 1313 4337 1479 1338 4338 1166 1051 4339 1254 1128 4340 1479 1338 4341 1253 1135 4342 1480 1337 4343 1481 1339 4344 1383 1242 4345 1382 1241 4346 1481 1339 4347 1379 1237 4348 1480 1337 4349 1481 1339 4350 1253 1135 4351 1260 1134 4352 1482 1340 4353 1260 1134 4354 1259 1133 4355 1483 1341 4356 1387 1246 4357 1386 1244 4358 1482 1340 4359 1386 1244 4360 1383 1242 4361 1483 1341 4362 1259 1133 4363 1266 1141 4364 1484 1342 4365 1266 1141 4366 1265 1140 4367 1472 1331 4368 1389 1248 4369 1485 1343 4370 1484 1342 4371 1389 1248 4372 1387 1246 4373 1485 1343 4374 1265 1140 4375 1270 1145 4376 1485 1343 4377 1220 1099 4378 1472 1331 4379 1486 1344 4380 830 748 4381 829 747 4382 1487 1345 4383 829 747 4384 828 746 4385 1486 1344 4386 797 783 4387 796 718 4388 873 791 4389 796 718 4390 803 724 4391 1487 1345 4392 922 841 4393 1488 1346 4394 1488 1346 4395 893 840 4396 892 809 4397 1488 1346 4398 863 780 4399 862 784 4400 1487 1345 4401 862 784 4402 797 783 4403 1489 1347 4404 969 870 4405 990 891 4406 1490 1348 4407 990 891 4408 989 890 4409 1489 1347 4410 1061 959 4411 1084 982 4412 1068 968 4413 1084 982 4414 1069 966 4415 1491 1349 4416 989 890 4417 987 888 4418 1491 1349 4419 988 889 4420 1492 1350 4421 1492 1350 4422 1054 958 4423 1491 1349 4424 1491 1349 4425 1061 959 4426 1490 1348 4427 1492 1350 4428 1089 983 4429 1493 1351 4430 1493 1351 4431 1042 1352 4432 1494 1353 4433 1494 1353 4434 1214 1094 4435 1493 1351 4436 1493 1351 4437 1055 952 4438 1492 1350 4439 1494 1353 4440 1496 1354 4441 1495 1355 4442 1495 1355 4443 978 878 4444 1081 977 4445 1081 977 4446 1201 1082 4447 1495 1355 4448 1495 1355 4449 1200 1095 4450 1494 1353 4451 1497 1356 4452 1042 1352 4453 1041 940 4454 1497 1356 4455 975 875 4456 1498 1357 4457 1498 1357 4458 979 879 4459 1497 1356 4460 1496 1354 4461 979 879 4462 978 878 4463 1498 1357 4464 974 874 4465 1499 1358 4466 1499 1358 4467 809 729 4468 1500 1359 4469 1500 1359 4470 1107 1004 4471 1499 1358 4472 1499 1358 4473 981 880 4474 1498 1357 4475 1501 1360 4476 809 729 4477 807 727 4478 1502 1361 4479 807 727 4480 806 726 4481 1501 1360 4482 818 736 4483 930 849 4484 1501 1360 4485 934 854 4486 1500 1359 4487 1503 1362 4488 806 726 4489 894 810 4490 1503 1362 4491 893 840 4492 1504 1363 4493 1504 1363 4494 817 737 4495 1503 1362 4496 1502 1361 4497 817 737 4498 818 736 4499 1504 1363 4500 921 842 4501 1505 1364 4502 1505 1364 4503 833 793 4504 832 750 4505 832 750 4506 915 833 4507 1505 1364 4508 1505 1364 4509 819 738 4510 1504 1363 4511 1506 1365 4512 1508 1366 4513 1509 1367 4514 1510 1368 4515 1509 1367 4516 1511 1369 4517 1510 1368 4518 1513 1370 4519 1506 1365 4520 1507 1371 4521 1513 1370 4522 1514 1372 4523 1515 1373 4524 1517 1374 4525 1518 1375 4526 1519 1376 4527 1518 1375 4528 1520 1377 4529 1515 1373 4530 1511 1369 4531 1509 1367 4532 1516 1378 4533 1509 1367 4534 1508 1366 4535 1522 1379 4536 1524 1380 4537 1521 1381 4538 1521 1381 4539 1526 1382 4540 1525 1383 4541 1521 1381 4542 1527 1384 4543 1528 1385 4544 1521 1381 4545 1529 1386 4546 1522 1379 4547 1530 1387 4548 1508 1366 4549 1531 1388 4550 1532 1389 4551 1531 1388 4552 1533 1390 4553 1530 1387 4554 1534 1391 4555 1535 1392 4556 1516 1378 4557 1535 1392 4558 1517 1374 4559 1536 1393 4560 1538 1394 4561 1539 1395 4562 1540 1396 4563 1539 1395 4564 1541 1397 4565 1536 1393 4566 1542 1398 4567 1543 1399 4568 1537 1400 4569 1543 1399 4570 1544 1401 4571 1545 1402 4572 1547 1403 4573 1548 1404 4574 1545 1402 4575 1550 1405 4576 1549 1406 4577 1549 1406 4578 1552 1407 4579 1545 1402 4580 1546 1408 4581 1552 1407 4582 1553 1409 4583 1554 1410 4584 1556 1411 4585 1557 1412 4586 1554 1410 4587 1559 1413 4588 1558 1414 4589 1558 1414 4590 1561 1415 4591 1554 1410 4592 1554 1410 4593 1562 1416 4594 1555 1417 4595 1564 1418 4596 1566 1419 4597 1563 1420 4598 1563 1420 4599 1568 1421 4600 1567 1422 4601 1567 1422 4602 1570 1423 4603 1563 1420 4604 1563 1420 4605 1571 1424 4606 1564 1418 4607 1573 1425 4608 1570 1423 4609 1572 1426 4610 1572 1426 4611 1569 1427 4612 1574 1428 4613 1574 1428 4614 1576 1429 4615 1572 1426 4616 1572 1426 4617 1577 1430 4618 1573 1425 4619 1518 1375 4620 1579 1431 4621 1578 1432 4622 1580 1433 4623 1579 1431 4624 1581 1434 4625 1580 1433 4626 1583 1435 4627 1578 1432 4628 1578 1432 4629 1520 1377 4630 1518 1375 4631 1579 1431 4632 1535 1392 4633 1584 1436 4634 1584 1436 4635 1534 1391 4636 1585 1437 4637 1585 1437 4638 1587 1438 4639 1584 1436 4640 1584 1436 4641 1581 1434 4642 1579 1431 4643 1589 1439 4644 1591 1440 4645 1588 1441 4646 1592 1442 4647 1591 1440 4648 1593 1443 4649 1592 1442 4650 1595 1444 4651 1588 1441 4652 1588 1441 4653 1596 1445 4654 1589 1439 4655 1598 1446 4656 1600 1447 4657 1597 1448 4658 1597 1448 4659 1602 1449 4660 1601 1450 4661 1597 1448 4662 1603 1451 4663 1604 1452 4664 1597 1448 4665 1605 1453 4666 1598 1446 4667 1606 1454 4668 1541 1397 4669 1607 1455 4670 1606 1454 4671 1547 1403 4672 1546 1408 4673 1606 1454 4674 1553 1409 4675 1608 1456 4676 1540 1396 4677 1608 1456 4678 1542 1398 4679 1558 1414 4680 1610 1457 4681 1609 1458 4682 1609 1458 4683 1590 1459 4684 1589 1439 4685 1589 1439 4686 1611 1460 4687 1609 1458 4688 1609 1458 4689 1560 1461 4690 1558 1414 4691 1612 1462 4692 1614 1463 4693 1615 1464 4694 1543 1399 4695 1615 1464 4696 1544 1401 4697 1612 1462 4698 1542 1398 4699 1616 1465 4700 1613 1466 4701 1616 1465 4702 1529 1386 4703 1617 1467 4704 1529 1386 4705 1616 1465 4706 1608 1456 4707 1616 1465 4708 1542 1398 4709 1608 1456 4710 1618 1468 4711 1617 1467 4712 1617 1467 4713 1523 1469 4714 1522 1379 4715 1618 1468 4716 1552 1407 4717 1619 1470 4718 1619 1470 4719 1551 1471 4720 1620 1472 4721 1620 1472 4722 1524 1380 4723 1619 1470 4724 1619 1470 4725 1523 1469 4726 1618 1468 4727 1621 1473 4728 1623 1474 4729 1624 1475 4730 1561 1415 4731 1624 1475 4732 1562 1416 4733 1561 1415 4734 1625 1476 4735 1621 1473 4736 1621 1473 4737 1602 1449 4738 1622 1477 4739 1601 1450 4740 1625 1476 4741 1626 1478 4742 1626 1478 4743 1560 1461 4744 1611 1460 4745 1611 1460 4746 1627 1479 4747 1626 1478 4748 1626 1478 4749 1603 1451 4750 1601 1450 4751 1628 1480 4752 1596 1445 4753 1629 1481 4754 1628 1480 4755 1631 1482 4756 1630 1483 4757 1630 1483 4758 1604 1452 4759 1628 1480 4760 1627 1479 4761 1604 1452 4762 1603 1451 4763 1632 1484 4764 1634 1369 4765 1635 1485 4766 1632 1484 4767 1571 1424 4768 1573 1425 4769 1573 1425 4770 1636 1486 4771 1632 1484 4772 1632 1484 4773 1637 1487 4774 1633 1368 4775 1638 1488 4776 1640 1489 4777 1641 1490 4778 1638 1488 4779 1565 1491 4780 1564 1418 4781 1564 1418 4782 1635 1485 4783 1638 1488 4784 1639 1492 4785 1635 1485 4786 1634 1369 4787 1642 1493 4788 1644 1382 4789 1645 1494 4790 1622 1477 4791 1645 1494 4792 1623 1474 4793 1642 1493 4794 1602 1449 4795 1600 1447 4796 1642 1493 4797 1599 1384 4798 1643 1383 4799 1647 1406 4800 1649 1495 4801 1646 1496 4802 1646 1496 4803 1556 1411 4804 1555 1417 4805 1555 1417 4806 1650 1497 4807 1646 1496 4808 1647 1406 4809 1650 1497 4810 1651 1471 4811 1653 1498 4812 1629 1481 4813 1652 1499 4814 1595 1444 4815 1629 1481 4816 1596 1445 4817 1652 1499 4818 1594 1500 4819 1654 1501 4820 1653 1498 4821 1654 1501 4822 1655 1502 4823 1528 1385 4824 1657 1446 4825 1656 1503 4826 1656 1503 4827 1659 1453 4828 1658 1504 4829 1656 1503 4830 1614 1463 4831 1613 1466 4832 1656 1503 4833 1529 1386 4834 1528 1385 4835 1645 1494 4836 1661 1472 4837 1660 1505 4838 1660 1505 4839 1651 1471 4840 1650 1497 4841 1650 1497 4842 1624 1475 4843 1660 1505 4844 1660 1505 4845 1623 1474 4846 1645 1494 4847 1658 1504 4848 1663 1483 4849 1662 1506 4850 1662 1506 4851 1665 1482 4852 1664 1507 4853 1662 1506 4854 1544 1401 4855 1615 1464 4856 1658 1504 4857 1615 1464 4858 1614 1463 4859 1666 1368 4860 1511 1369 4861 1667 1369 4862 1633 1368 4863 1667 1369 4864 1634 1369 4865 1633 1368 4866 1668 1487 4867 1666 1368 4868 1666 1368 4869 1512 1487 4870 1510 1368 4871 1667 1369 4872 1519 1376 4873 1669 1492 4874 1669 1492 4875 1520 1377 4876 1670 1377 4877 1670 1377 4878 1639 1492 4879 1669 1492 4880 1669 1492 4881 1634 1369 4882 1667 1369 4883 1672 1384 4884 1525 1383 4885 1671 1383 4886 1671 1383 4887 1526 1382 4888 1673 1382 4889 1673 1382 4890 1643 1383 4891 1671 1383 4892 1672 1384 4893 1643 1383 4894 1599 1384 4895 1675 1471 4896 1549 1406 4897 1674 1406 4898 1676 1405 4899 1549 1406 4900 1550 1405 4901 1674 1406 4902 1648 1405 4903 1647 1406 4904 1674 1406 4905 1651 1471 4906 1675 1471 4907 1677 1498 4908 1665 1482 4909 1679 1482 4910 1677 1498 4911 1631 1482 4912 1653 1498 4913 1677 1498 4914 1655 1502 4915 1680 1502 4916 1678 1498 4917 1680 1502 4918 1582 1502 4919 1681 1446 4920 1599 1384 4921 1598 1446 4922 1682 1453 4923 1598 1446 4924 1605 1453 4925 1682 1453 4926 1657 1446 4927 1681 1446 4928 1681 1446 4929 1527 1384 4930 1672 1384 4931 1673 1382 4932 1620 1472 4933 1683 1472 4934 1683 1472 4935 1551 1471 4936 1675 1471 4937 1675 1471 4938 1661 1472 4939 1683 1472 4940 1683 1472 4941 1644 1382 4942 1673 1382 4943 1684 1483 4944 1605 1453 4945 1630 1483 4946 1679 1482 4947 1630 1483 4948 1631 1482 4949 1679 1482 4950 1663 1483 4951 1684 1483 4952 1684 1483 4953 1659 1453 4954 1682 1453 4955 1686 1508 4956 1688 1509 4957 1685 1510 4958 1685 1510 4959 1690 1511 4960 1689 1512 4961 1689 1512 4962 1691 1513 4963 1685 1510 4964 1685 1510 4965 1692 1514 4966 1686 1508 4967 1694 1515 4968 1696 1515 4969 1693 1515 4970 1693 1516 4971 1698 1516 4972 1697 1516 4973 1697 1517 4974 1700 1517 4975 1693 1517 4976 1693 1518 4977 1701 1518 4978 1694 1518 4979 1703 1519 4980 1705 1520 4981 1702 1519 4982 1702 1519 4983 1707 1520 4984 1706 1519 4985 1706 1519 4986 1709 1521 4987 1702 1519 4988 1702 1519 4989 1710 1521 4990 1703 1519 4991 1712 1522 4992 1709 1521 4993 1711 1522 4994 1711 1522 4995 1708 1521 4996 1713 1522 4997 1713 1522 4998 1715 1523 4999 1711 1522 5000 1711 1522 5001 1716 1523 5002 1712 1522 5003 1718 1524 5004 1720 1525 5005 1717 1524 5006 1717 1524 5007 1722 1525 5008 1721 1524 5009 1721 1524 5010 1724 1526 5011 1717 1524 5012 1717 1524 5013 1725 1526 5014 1718 1524 5015 1697 1527 5016 1727 1528 5017 1726 1529 5018 1726 1529 5019 1729 1530 5020 1728 1531 5021 1728 1531 5022 1730 1532 5023 1726 1529 5024 1726 1529 5025 1699 1533 5026 1697 1527 5027 1732 1534 5028 1733 1535 5029 1731 1536 5030 1734 1537 5031 1733 1535 5032 1533 1390 5033 1731 1536 5034 1690 1511 5035 1735 1538 5036 1731 1536 5037 1701 1533 5038 1732 1534 5039 1706 1519 5040 1737 1539 5041 1736 1540 5042 1736 1540 5043 1569 1427 5044 1567 1422 5045 1567 1422 5046 1738 1541 5047 1736 1540 5048 1736 1540 5049 1708 1521 5050 1706 1519 5051 1703 1519 5052 1740 1542 5053 1739 1543 5054 1739 1543 5055 1534 1391 5056 1532 1389 5057 1739 1543 5058 1533 1390 5059 1733 1535 5060 1739 1543 5061 1704 1520 5062 1703 1519 5063 1713 1522 5064 1738 1541 5065 1741 1544 5066 1742 1545 5067 1738 1541 5068 1568 1421 5069 1741 1544 5070 1593 1443 5071 1743 1546 5072 1741 1544 5073 1714 1523 5074 1713 1522 5075 1745 1547 5076 1746 1548 5077 1744 1549 5078 1747 1550 5079 1746 1548 5080 1538 1394 5081 1744 1549 5082 1586 1551 5083 1748 1552 5084 1744 1549 5085 1716 1523 5086 1745 1547 5087 1721 1524 5088 1750 1553 5089 1749 1554 5090 1610 1457 5091 1750 1553 5092 1590 1459 5093 1749 1554 5094 1559 1413 5095 1751 1555 5096 1749 1554 5097 1723 1526 5098 1721 1524 5099 1718 1524 5100 1753 1556 5101 1752 1557 5102 1752 1557 5103 1541 1397 5104 1539 1395 5105 1539 1395 5106 1746 1548 5107 1752 1557 5108 1752 1557 5109 1719 1525 5110 1718 1524 5111 1755 1558 5112 1548 1404 5113 1754 1559 5114 1607 1455 5115 1548 1404 5116 1547 1403 5117 1607 1455 5118 1753 1556 5119 1754 1559 5120 1754 1559 5121 1725 1526 5122 1755 1558 5123 1757 1558 5124 1751 1555 5125 1756 1560 5126 1557 1412 5127 1751 1555 5128 1559 1413 5129 1557 1412 5130 1649 1495 5131 1756 1560 5132 1756 1560 5133 1648 1405 5134 1757 1558 5135 1755 1558 5136 1724 1526 5137 1758 1558 5138 1758 1558 5139 1723 1526 5140 1757 1558 5141 1757 1558 5142 1676 1405 5143 1758 1558 5144 1758 1558 5145 1550 1405 5146 1755 1558 5147 1759 1561 5148 1581 1434 5149 1760 1562 5150 1664 1507 5151 1760 1562 5152 1544 1401 5153 1664 1507 5154 1678 1498 5155 1759 1561 5156 1759 1561 5157 1582 1502 5158 1580 1433 5159 1760 1562 5160 1587 1438 5161 1761 1563 5162 1747 1550 5163 1587 1438 5164 1586 1551 5165 1747 1550 5166 1537 1400 5167 1761 1563 5168 1761 1563 5169 1544 1401 5170 1760 1562 5171 1592 1442 5172 1742 1545 5173 1762 1564 5174 1762 1564 5175 1568 1421 5176 1566 1419 5177 1566 1419 5178 1763 1565 5179 1762 1564 5180 1762 1564 5181 1594 1500 5182 1592 1442 5183 1654 1501 5184 1763 1565 5185 1764 1566 5186 1764 1566 5187 1565 1491 5188 1641 1490 5189 1641 1490 5190 1765 1435 5191 1764 1566 5192 1764 1566 5193 1655 1502 5194 1654 1501 5195 1680 1502 5196 1765 1435 5197 1766 1435 5198 1766 1435 5199 1640 1489 5200 1670 1377 5201 1670 1377 5202 1583 1435 5203 1766 1435 5204 1766 1435 5205 1582 1502 5206 1680 1502 5207 1767 1547 5208 1714 1523 5209 1768 1547 5210 1767 1547 5211 1722 1525 5212 1720 1525 5213 1720 1525 5214 1745 1547 5215 1767 1547 5216 1715 1523 5217 1745 1547 5218 1716 1523 5219 1769 1567 5220 1593 1443 5221 1591 1440 5222 1750 1553 5223 1591 1440 5224 1590 1459 5225 1750 1553 5226 1768 1547 5227 1769 1567 5228 1743 1546 5229 1768 1547 5230 1714 1523 5231 1770 1568 5232 1586 1551 5233 1585 1437 5234 1740 1542 5235 1585 1437 5236 1534 1391 5237 1770 1568 5238 1710 1521 5239 1712 1522 5240 1748 1552 5241 1712 1522 5242 1716 1523 5243 1771 1569 5244 1514 1372 5245 1513 1370 5246 1771 1569 5247 1512 1487 5248 1772 529 5249 1772 529 5250 1774 1570 5251 1771 1569 5252 1691 1513 5253 1774 1570 5254 1692 1514 5255 1776 1571 5256 1576 1429 5257 1775 1572 5258 1775 1572 5259 1575 1573 5260 1728 1531 5261 1728 1531 5262 1777 1574 5263 1775 1572 5264 1775 1572 5265 1778 1575 5266 1776 1571 5267 1780 529 5268 1636 1486 5269 1779 1576 5270 1779 1576 5271 1577 1430 5272 1776 1571 5273 1776 1571 5274 1781 1577 5275 1779 1576 5276 1779 1576 5277 1782 1578 5278 1780 529 5279 1772 1579 5280 1668 1579 5281 1783 1579 5282 1783 1580 5283 1637 1580 5284 1780 1580 5285 1780 1581 5286 1784 1581 5287 1783 1581 5288 1783 1582 5289 1773 1582 5290 1772 1582 5291 1785 1583 5292 1514 1372 5293 1689 1512 5294 1734 1537 5295 1689 1512 5296 1690 1511 5297 1785 1583 5298 1533 1390 5299 1531 1388 5300 1507 1371 5301 1531 1388 5302 1508 1366 5303 1732 1534 5304 1700 1533 5305 1786 1534 5306 1786 1534 5307 1699 1533 5308 1787 1534 5309 1787 1534 5310 1705 1520 5311 1786 1534 5312 1786 1534 5313 1704 1520 5314 1732 1534 5315 1787 1534 5316 1730 1532 5317 1788 1584 5318 1788 1584 5319 1575 1573 5320 1574 1428 5321 1574 1428 5322 1737 1539 5323 1788 1584 5324 1788 1584 5325 1707 1520 5326 1787 1534 5327 1694 1527 5328 1735 1538 5329 1789 1585 5330 1688 1509 5331 1735 1538 5332 1690 1511 5333 1789 1585 5334 1687 1586 5335 1790 1587 5336 1789 1585 5337 1695 1588 5338 1694 1527 5339 1791 1589 5340 1793 1590 5341 1794 1591 5342 1795 1592 5343 1794 1591 5344 1796 1593 5345 1795 1592 5346 1798 1594 5347 1791 1589 5348 1792 1595 5349 1798 1594 5350 1799 1596 5351 1800 1597 5352 1802 1598 5353 1803 1599 5354 1792 1595 5355 1803 1599 5356 1793 1590 5357 1800 1597 5358 1799 1596 5359 1804 1600 5360 1801 1601 5361 1804 1600 5362 1805 1602 5363 1807 1603 5364 1809 1604 5365 1806 1605 5366 1806 1605 5367 1811 1606 5368 1810 1607 5369 1806 1605 5370 1812 1608 5371 1813 1609 5372 1806 1605 5373 1814 1610 5374 1807 1603 5375 1815 1611 5376 1793 1590 5377 1803 1599 5378 1817 1612 5379 1803 1599 5380 1802 1598 5381 1815 1611 5382 1818 1613 5383 1819 1614 5384 1816 1615 5385 1819 1614 5386 1820 1616 5387 1821 1617 5388 1823 1618 5389 1824 1619 5390 1825 1620 5391 1824 1619 5392 1826 1621 5393 1821 1617 5394 1827 1622 5395 1828 1623 5396 1822 1624 5397 1828 1623 5398 1829 1625 5399 1830 1626 5400 1832 1627 5401 1833 1628 5402 1834 1629 5403 1833 1628 5404 1835 1630 5405 1834 1629 5406 1837 1631 5407 1830 1626 5408 1830 1626 5409 1838 1632 5410 1831 1633 5411 1839 1634 5412 1841 1635 5413 1842 1636 5414 1839 1634 5415 1844 1637 5416 1843 1638 5417 1843 1638 5418 1846 1639 5419 1839 1634 5420 1839 1634 5421 1847 1640 5422 1840 1641 5423 1849 1642 5424 1851 1643 5425 1848 1644 5426 1848 1644 5427 1853 1645 5428 1852 1646 5429 1852 1646 5430 1855 1647 5431 1848 1644 5432 1848 1644 5433 1856 1648 5434 1849 1642 5435 1852 1646 5436 1858 1649 5437 1857 1650 5438 1857 1650 5439 1860 1651 5440 1859 1652 5441 1859 1652 5442 1862 1653 5443 1857 1650 5444 1857 1650 5445 1854 1654 5446 1852 1646 5447 1864 1655 5448 1801 1601 5449 1863 1656 5450 1863 1656 5451 1805 1602 5452 1865 1657 5453 1865 1657 5454 1867 1658 5455 1863 1656 5456 1864 1655 5457 1867 1658 5458 1868 1659 5459 1817 1612 5460 1864 1655 5461 1869 1660 5462 1869 1660 5463 1868 1659 5464 1870 1661 5465 1870 1661 5466 1872 1662 5467 1869 1660 5468 1869 1660 5469 1818 1613 5470 1817 1612 5471 1874 1663 5472 1876 1664 5473 1873 1665 5474 1873 1665 5475 1878 1666 5476 1877 1667 5477 1877 1667 5478 1880 1668 5479 1873 1665 5480 1874 1663 5481 1880 1668 5482 1881 1669 5483 1883 1670 5484 1885 1671 5485 1882 1672 5486 1882 1672 5487 1887 1673 5488 1886 1674 5489 1882 1672 5490 1888 1675 5491 1889 1676 5492 1882 1672 5493 1890 1677 5494 1883 1670 5495 1891 1678 5496 1829 1625 5497 1828 1623 5498 1893 1679 5499 1828 1623 5500 1827 1622 5501 1891 1678 5502 1835 1630 5503 1833 1628 5504 1891 1678 5505 1832 1627 5506 1892 1680 5507 1895 1681 5508 1846 1639 5509 1894 1682 5510 1894 1682 5511 1845 1683 5512 1896 1684 5513 1896 1684 5514 1876 1664 5515 1894 1682 5516 1894 1682 5517 1875 1685 5518 1895 1681 5519 1897 1686 5520 1899 1687 5521 1900 1688 5522 1901 1689 5523 1900 1688 5524 1811 1606 5525 1897 1686 5526 1827 1622 5527 1825 1620 5528 1898 1690 5529 1825 1620 5530 1826 1621 5531 1902 1691 5532 1811 1606 5533 1809 1604 5534 1902 1691 5535 1808 1692 5536 1903 1693 5537 1903 1693 5538 1893 1679 5539 1902 1691 5540 1901 1689 5541 1893 1679 5542 1827 1622 5543 1834 1629 5544 1903 1693 5545 1904 1694 5546 1904 1694 5547 1808 1692 5548 1807 1603 5549 1807 1603 5550 1905 1695 5551 1904 1694 5552 1904 1694 5553 1836 1696 5554 1834 1629 5555 1906 1697 5556 1908 1698 5557 1909 1699 5558 1906 1697 5559 1890 1677 5560 1910 1700 5561 1910 1700 5562 1843 1638 5563 1906 1697 5564 1907 1701 5565 1843 1638 5566 1844 1637 5567 1910 1700 5568 1889 1676 5569 1911 1702 5570 1911 1702 5571 1888 1675 5572 1912 1703 5573 1912 1703 5574 1896 1684 5575 1911 1702 5576 1911 1702 5577 1845 1683 5578 1910 1700 5579 1913 1704 5580 1878 1666 5581 1912 1703 5582 1886 1674 5583 1912 1703 5584 1888 1675 5585 1886 1674 5586 1915 1705 5587 1913 1704 5588 1913 1704 5589 1916 1706 5590 1914 1707 5591 1917 1708 5592 1919 1596 5593 1920 1594 5594 1917 1708 5595 1922 1709 5596 1921 1710 5597 1921 1710 5598 1858 1649 5599 1917 1708 5600 1917 1708 5601 1853 1645 5602 1918 1711 5603 1923 1712 5604 1925 1602 5605 1926 1600 5606 1918 1711 5607 1926 1600 5608 1919 1596 5609 1918 1711 5610 1851 1643 5611 1923 1712 5612 1923 1712 5613 1850 1713 5614 1924 1714 5615 1927 1715 5616 1929 1610 5617 1930 1609 5618 1927 1715 5619 1884 1608 5620 1883 1670 5621 1927 1715 5622 1890 1677 5623 1909 1699 5624 1928 1716 5625 1909 1699 5626 1908 1698 5627 1932 1717 5628 1934 1631 5629 1931 1718 5630 1935 1719 5631 1934 1631 5632 1936 1696 5633 1935 1719 5634 1842 1636 5635 1931 1718 5636 1931 1718 5637 1841 1635 5638 1932 1717 5639 1914 1707 5640 1938 1720 5641 1937 1721 5642 1939 1722 5643 1938 1720 5644 1940 1723 5645 1937 1721 5646 1879 1724 5647 1877 1667 5648 1914 1707 5649 1877 1667 5650 1878 1666 5651 1942 1671 5652 1810 1607 5653 1941 1725 5654 1941 1725 5655 1811 1606 5656 1900 1688 5657 1941 1725 5658 1899 1687 5659 1943 1726 5660 1941 1725 5661 1944 1673 5662 1942 1671 5663 1946 1695 5664 1928 1716 5665 1945 1727 5666 1945 1727 5667 1908 1698 5668 1907 1701 5669 1907 1701 5670 1935 1719 5671 1945 1727 5672 1945 1727 5673 1936 1696 5674 1946 1695 5675 1948 1705 5676 1943 1726 5677 1947 1728 5678 1898 1690 5679 1943 1726 5680 1899 1687 5681 1947 1728 5682 1826 1621 5683 1949 1729 5684 1947 1728 5685 1950 1706 5686 1948 1705 5687 1951 1594 5688 1799 1596 5689 1798 1594 5690 1951 1594 5691 1797 1709 5692 1953 1709 5693 1953 1709 5694 1920 1594 5695 1951 1594 5696 1952 1596 5697 1920 1594 5698 1919 1596 5699 1804 1600 5700 1952 1596 5701 1954 1600 5702 1954 1600 5703 1919 1596 5704 1926 1600 5705 1926 1600 5706 1955 1602 5707 1954 1600 5708 1954 1600 5709 1805 1602 5710 1804 1600 5711 1813 1609 5712 1957 1608 5713 1956 1609 5714 1930 1609 5715 1957 1608 5716 1884 1608 5717 1930 1609 5718 1958 1610 5719 1956 1609 5720 1956 1609 5721 1814 1610 5722 1813 1609 5723 1837 1631 5724 1960 1696 5725 1959 1631 5726 1959 1631 5727 1936 1696 5728 1934 1631 5729 1959 1631 5730 1933 1632 5731 1961 1632 5732 1837 1631 5733 1961 1632 5734 1838 1632 5735 1962 1720 5736 1950 1706 5737 1964 1720 5738 1965 1723 5739 1964 1720 5740 1866 1723 5741 1962 1720 5742 1940 1723 5743 1938 1720 5744 1962 1720 5745 1916 1706 5746 1963 1706 5747 1966 1671 5748 1884 1608 5749 1957 1608 5750 1966 1671 5751 1812 1608 5752 1942 1671 5753 1942 1671 5754 1967 1673 5755 1966 1671 5756 1885 1671 5757 1967 1673 5758 1887 1673 5759 1905 1695 5760 1958 1610 5761 1968 1695 5762 1968 1695 5763 1929 1610 5764 1946 1695 5765 1946 1695 5766 1960 1696 5767 1968 1695 5768 1968 1695 5769 1836 1696 5770 1905 1695 5771 1969 1705 5772 1887 1673 5773 1967 1673 5774 1969 1705 5775 1944 1673 5776 1948 1705 5777 1948 1705 5778 1963 1706 5779 1969 1705 5780 1915 1705 5781 1963 1706 5782 1916 1706 5783 1971 1730 5784 1686 1508 5785 1970 1731 5786 1970 1731 5787 1692 1514 5788 1972 1732 5789 1972 1732 5790 1973 1733 5791 1970 1731 5792 1970 1731 5793 1974 1734 5794 1971 1730 5795 1696 1735 5796 1976 1735 5797 1975 1735 5798 1975 1736 5799 1978 1736 5800 1977 1736 5801 1977 1737 5802 1980 1737 5803 1975 1737 5804 1975 1738 5805 1698 1738 5806 1696 1738 5807 1982 1739 5808 1984 1740 5809 1981 1740 5810 1981 1740 5811 1986 1741 5812 1985 1741 5813 1985 1741 5814 1988 1740 5815 1981 1740 5816 1981 1740 5817 1989 1739 5818 1982 1739 5819 1985 1741 5820 1991 1742 5821 1990 1742 5822 1990 1742 5823 1993 1743 5824 1992 1743 5825 1992 1743 5826 1995 1742 5827 1990 1742 5828 1990 1742 5829 1987 1741 5830 1985 1741 5831 1997 1744 5832 1999 1745 5833 1996 1745 5834 1996 1745 5835 2001 1746 5836 2000 1746 5837 2000 1746 5838 2003 1745 5839 1996 1745 5840 1996 1745 5841 2004 1744 5842 1997 1744 5843 1727 1528 5844 1980 1747 5845 2005 1748 5846 2005 1748 5847 1979 1749 5848 2006 1750 5849 2006 1750 5850 2007 1751 5851 2005 1748 5852 2005 1748 5853 1729 1530 5854 1727 1528 5855 2009 1752 5856 2010 1753 5857 2008 1754 5858 2008 1754 5859 1978 1749 5860 2011 1755 5861 2008 1754 5862 1974 1734 5863 2012 1756 5864 2009 1752 5865 2012 1756 5866 1820 1616 5867 2014 1757 5868 1988 1740 5869 2013 1758 5870 2013 1758 5871 1987 1741 5872 2015 1759 5873 2015 1759 5874 1855 1647 5875 2013 1758 5876 2013 1758 5877 1854 1654 5878 2014 1757 5879 2017 1760 5880 1984 1740 5881 2016 1761 5882 2016 1761 5883 1983 1739 5884 2009 1752 5885 2016 1761 5886 1820 1616 5887 1819 1614 5888 2016 1761 5889 1818 1613 5890 2017 1760 5891 2015 1759 5892 1995 1742 5893 2018 1762 5894 2018 1762 5895 1994 1743 5896 2019 1763 5897 2018 1762 5898 1881 1669 5899 2020 1764 5900 2015 1759 5901 2020 1764 5902 1856 1648 5903 2022 1765 5904 2023 1766 5905 2021 1767 5906 2021 1767 5907 1993 1743 5908 2024 1768 5909 2021 1767 5910 1871 1769 5911 2025 1770 5912 2022 1765 5913 2025 1770 5914 1823 1618 5915 2027 1771 5916 2003 1745 5917 2026 1772 5918 2026 1772 5919 2002 1746 5920 2028 1773 5921 2026 1772 5922 1847 1640 5923 1895 1681 5924 2027 1771 5925 1895 1681 5926 1875 1685 5927 2030 1774 5928 1999 1745 5929 2029 1775 5930 2029 1775 5931 1998 1744 5932 2022 1765 5933 2022 1765 5934 1822 1624 5935 2029 1775 5936 2029 1775 5937 1829 1625 5938 2030 1774 5939 1831 1633 5940 2032 1776 5941 2031 1777 5942 2031 1777 5943 2001 1746 5944 2030 1774 5945 2030 1774 5946 1892 1680 5947 2031 1777 5948 1831 1633 5949 1892 1680 5950 1832 1627 5951 2028 1773 5952 2034 1776 5953 2033 1778 5954 2033 1778 5955 1933 1632 5956 1932 1717 5957 1932 1717 5958 1840 1641 5959 2033 1778 5960 2028 1773 5961 1840 1641 5962 1847 1640 5963 2000 1746 5964 2032 1776 5965 2035 1776 5966 2035 1776 5967 1838 1632 5968 1961 1632 5969 1961 1632 5970 2034 1776 5971 2035 1776 5972 2035 1776 5973 2002 1746 5974 2000 1746 5975 2036 1779 5976 1868 1659 5977 1867 1658 5978 2036 1779 5979 1866 1723 5980 1964 1720 5981 1964 1720 5982 1949 1729 5983 2036 1779 5984 2037 1780 5985 1949 1729 5986 1826 1621 5987 1870 1661 5988 2037 1780 5989 2038 1781 5990 2038 1781 5991 1826 1621 5992 1824 1619 5993 1824 1619 5994 2025 1770 5995 2038 1781 5996 1870 1661 5997 2025 1770 5998 1871 1769 5999 2020 1764 6000 1880 1668 6001 2039 1782 6002 2039 1782 6003 1879 1724 6004 2040 1783 6005 2040 1783 6006 1849 1642 6007 2039 1782 6008 2039 1782 6009 1856 1648 6010 2020 1764 6011 2040 1783 6012 1939 1722 6013 2041 1784 6014 2041 1784 6015 1940 1723 6016 2042 1657 6017 2042 1657 6018 1924 1714 6019 2041 1784 6020 2041 1784 6021 1850 1713 6022 2040 1783 6023 2042 1657 6024 1965 1723 6025 2043 1657 6026 2043 1657 6027 1866 1723 6028 1865 1657 6029 1865 1657 6030 1955 1602 6031 2043 1657 6032 2043 1657 6033 1925 1602 6034 2042 1657 6035 2044 1766 6036 1994 1743 6037 1992 1743 6038 2023 1766 6039 1992 1743 6040 1993 1743 6041 2023 1766 6042 1997 1744 6043 2044 1766 6044 2044 1766 6045 2004 1744 6046 2045 1766 6047 2046 1785 6048 1881 1669 6049 2019 1763 6050 2045 1766 6051 2019 1763 6052 1994 1743 6053 2045 1766 6054 2027 1771 6055 2046 1785 6056 1874 1663 6057 2027 1771 6058 1875 1685 6059 2047 1786 6060 1871 1769 6061 2024 1768 6062 1991 1742 6063 2024 1768 6064 1993 1743 6065 2047 1786 6066 1986 1741 6067 2017 1760 6068 1872 1662 6069 2017 1760 6070 1818 1613 6071 2048 1787 6072 1796 1593 6073 1972 1732 6074 1774 1570 6075 1972 1732 6076 1692 1514 6077 1774 1570 6078 2049 1788 6079 2048 1787 6080 2048 1787 6081 1797 1709 6082 1795 1592 6083 1859 1652 6084 2051 1789 6085 2050 1790 6086 2050 1790 6087 1778 1575 6088 1777 1574 6089 1777 1574 6090 2007 1751 6091 2050 1790 6092 2050 1790 6093 1861 1791 6094 1859 1652 6095 1921 1710 6096 2053 1788 6097 2052 1792 6098 2052 1792 6099 1782 1578 6100 1781 1577 6101 1781 1577 6102 2051 1789 6103 2052 1792 6104 2052 1792 6105 1860 1651 6106 1921 1710 6107 1953 1793 6108 2049 1793 6109 2054 1793 6110 2054 1794 6111 1773 1794 6112 1784 1794 6113 1784 1795 6114 2053 1795 6115 2054 1795 6116 2054 1796 6117 1922 1796 6118 1953 1796 6119 2055 1797 6120 1796 1593 6121 1794 1591 6122 1816 1615 6123 1794 1591 6124 1793 1590 6125 2055 1797 6126 1820 1616 6127 2012 1756 6128 1973 1733 6129 2012 1756 6130 1974 1734 6131 1977 1749 6132 2010 1753 6133 2056 1798 6134 2056 1798 6135 1983 1739 6136 1982 1739 6137 1982 1739 6138 2057 1798 6139 2056 1798 6140 2056 1798 6141 1979 1749 6142 1977 1749 6143 2006 1750 6144 2057 1798 6145 2058 1799 6146 2058 1799 6147 1989 1739 6148 2014 1757 6149 2014 1757 6150 1862 1653 6151 2058 1799 6152 2058 1799 6153 1861 1791 6154 2006 1750 6155 2011 1755 6156 1976 1747 6157 2059 1800 6158 2059 1800 6159 1695 1588 6160 1790 1587 6161 2059 1800 6162 1687 1586 6163 1971 1730 6164 2011 1755 6165 1971 1730 6166 1974 1734 6167 0 0 6168 1 6 6169 2 1 6170 4 3 6171 0 0 6172 3 2 6173 0 0 6174 4 3 6175 6 5 6176 1 6 6177 0 0 6178 7 5 6179 9 7 6180 10 14 6181 11 8 6182 13 10 6183 9 7 6184 12 9 6185 9 7 6186 13 10 6187 15 12 6188 10 14 6189 9 7 6190 16 13 6191 19 16 6192 20 80 6193 21 17 6194 18 18 6195 21 17 6196 23 19 6197 22 20 6198 24 129 6199 25 21 6200 18 18 6201 25 21 6202 26 22 6203 27 23 6204 28 29 6205 29 24 6206 27 23 6207 30 25 6208 32 26 6209 31 27 6210 33 84 6211 34 28 6212 28 29 6213 27 23 6214 34 28 6215 37 31 6216 38 112 6217 39 32 6218 40 34 6219 36 33 6220 39 32 6221 36 33 6222 40 34 6223 42 36 6224 36 33 6225 43 37 6226 44 38 6227 45 39 6228 46 46 6229 47 40 6230 45 39 6231 48 41 6232 50 42 6233 45 39 6234 49 43 6235 51 44 6236 46 46 6237 45 39 6238 52 45 6239 55 48 6240 56 91 6241 57 49 6242 54 50 6243 57 49 6244 59 51 6245 58 52 6246 60 76 6247 61 53 6248 54 50 6249 61 53 6250 62 54 6251 63 55 6252 64 62 6253 65 56 6254 67 58 6255 63 55 6256 66 57 6257 63 55 6258 67 58 6259 69 60 6260 64 62 6261 63 55 6262 70 61 6263 72 64 6264 73 71 6265 74 65 6266 76 67 6267 72 64 6268 75 66 6269 72 64 6270 76 67 6271 78 69 6272 73 71 6273 72 64 6274 79 70 6275 58 52 6276 59 51 6277 82 73 6278 73 71 6279 81 74 6280 82 73 6281 81 74 6282 73 71 6283 80 72 6284 58 52 6285 81 74 6286 83 75 6287 84 77 6288 85 82 6289 86 78 6290 84 77 6291 87 79 6292 20 80 6293 19 16 6294 26 22 6295 88 81 6296 84 77 6297 88 81 6298 32 26 6299 89 83 6300 90 85 6301 33 84 6302 88 81 6303 89 83 6304 31 27 6305 89 83 6306 88 81 6307 26 22 6308 90 85 6309 89 83 6310 91 22 6311 94 86 6312 68 59 6313 95 87 6314 93 88 6315 95 87 6316 23 19 6317 96 89 6318 50 42 6319 48 41 6320 93 88 6321 48 41 6322 47 40 6323 97 90 6324 98 95 6325 56 91 6326 99 92 6327 97 90 6328 55 48 6329 97 90 6330 99 92 6331 100 93 6332 98 95 6333 97 90 6334 101 94 6335 102 96 6336 103 101 6337 104 97 6338 102 96 6339 105 98 6340 107 99 6341 106 100 6342 6 5 6343 4 3 6344 102 96 6345 4 3 6346 5 4 6347 109 102 6348 110 148 6349 111 103 6350 108 104 6351 111 103 6352 113 105 6353 112 106 6354 15 12 6355 13 10 6356 108 104 6357 13 10 6358 14 11 6359 115 107 6360 116 142 6361 117 108 6362 114 109 6363 117 108 6364 86 78 6365 85 82 6366 32 26 6367 30 25 6368 115 107 6369 114 109 6370 30 25 6371 112 106 6372 113 105 6373 119 110 6374 118 111 6375 119 110 6376 41 35 6377 118 111 6378 39 32 6379 38 112 6380 118 111 6381 120 113 6382 15 12 6383 121 114 6384 122 121 6385 123 115 6386 125 117 6387 121 114 6388 124 116 6389 121 114 6390 125 117 6391 127 119 6392 122 121 6393 121 114 6394 128 120 6395 131 123 6396 110 148 6397 132 124 6398 130 125 6399 132 124 6400 107 99 6401 130 125 6402 105 98 6403 104 97 6404 130 125 6405 133 126 6406 134 127 6407 135 128 6408 136 130 6409 24 129 6410 95 87 6411 135 128 6412 22 20 6413 135 128 6414 95 87 6415 68 59 6416 136 130 6417 135 128 6418 66 57 6419 138 131 6420 41 35 6421 119 110 6422 137 132 6423 119 110 6424 113 105 6425 137 132 6426 139 133 6427 77 68 6428 137 132 6429 75 66 6430 74 65 6431 141 134 6432 42 36 6433 40 34 6434 140 135 6435 40 34 6436 41 35 6437 138 131 6438 74 65 6439 82 73 6440 140 135 6441 82 73 6442 59 51 6443 143 136 6444 144 587 6445 145 137 6446 142 138 6447 145 137 6448 147 139 6449 142 138 6450 146 140 6451 126 118 6452 143 136 6453 142 138 6454 124 116 6455 148 141 6456 149 144 6457 116 142 6458 98 95 6459 148 141 6460 150 143 6461 148 141 6462 98 95 6463 53 47 6464 149 144 6465 148 141 6466 52 45 6467 151 145 6468 152 146 6469 8 5 6470 153 145 6471 151 145 6472 7 5 6473 151 145 6474 153 145 6475 14 11 6476 152 146 6477 151 145 6478 12 9 6479 154 147 6480 153 145 6481 6 5 6482 132 124 6483 154 147 6484 106 100 6485 154 147 6486 132 124 6487 110 148 6488 153 145 6489 154 147 6490 109 102 6491 156 149 6492 77 68 6493 139 133 6494 111 103 6495 155 150 6496 139 133 6497 155 150 6498 111 103 6499 110 148 6500 156 149 6501 155 150 6502 131 123 6503 37 31 6504 44 38 6505 158 151 6506 159 153 6507 157 152 6508 158 151 6509 157 152 6510 159 153 6511 161 155 6512 157 152 6513 162 156 6514 38 112 6515 164 129 6516 24 129 6517 136 130 6518 163 130 6519 136 130 6520 65 56 6521 165 56 6522 166 56 6523 167 130 6524 163 130 6525 167 130 6526 168 129 6527 164 129 6528 168 129 6529 170 21 6530 169 21 6531 170 21 6532 92 22 6533 91 22 6534 26 22 6535 25 21 6536 169 21 6537 25 21 6538 24 129 6539 16 13 6540 15 12 6541 120 113 6542 162 156 6543 171 157 6544 120 113 6545 162 156 6546 161 155 6547 172 158 6548 171 157 6549 172 158 6550 17 15 6551 165 56 6552 65 56 6553 64 62 6554 173 62 6555 64 62 6556 71 63 6557 174 63 6558 175 63 6559 176 62 6560 173 62 6561 176 62 6562 166 56 6563 178 5 6564 179 5 6565 180 159 6566 177 159 6567 180 159 6568 182 160 6569 181 161 6570 2 1 6571 1 6 6572 177 159 6573 1 6 6574 8 5 6575 184 162 6576 185 248 6577 186 163 6578 183 164 6579 186 163 6580 188 165 6581 187 166 6582 11 8 6583 10 14 6584 183 164 6585 10 14 6586 17 15 6587 190 21 6588 191 129 6589 192 167 6590 189 168 6591 192 167 6592 194 169 6593 193 170 6594 195 187 6595 196 171 6596 189 168 6597 196 171 6598 197 22 6599 198 172 6600 199 177 6601 200 173 6602 198 172 6603 201 174 6604 203 175 6605 202 176 6606 35 30 6607 34 28 6608 199 177 6609 198 172 6610 34 28 6611 204 178 6612 205 185 6613 206 179 6614 208 181 6615 204 178 6616 207 180 6617 208 181 6618 210 257 6619 211 183 6620 204 178 6621 211 183 6622 212 184 6623 213 186 6624 214 191 6625 195 187 6626 215 188 6627 213 186 6628 193 170 6629 213 186 6630 215 188 6631 216 189 6632 214 191 6633 213 186 6634 217 190 6635 220 193 6636 221 611 6637 222 194 6638 219 195 6639 222 194 6640 224 196 6641 223 197 6642 225 569 6643 226 198 6644 219 195 6645 226 198 6646 227 199 6647 229 200 6648 230 227 6649 231 201 6650 228 202 6651 231 201 6652 233 203 6653 232 204 6654 234 237 6655 235 205 6656 228 202 6657 235 205 6658 236 206 6659 237 207 6660 238 214 6661 239 208 6662 241 210 6663 237 207 6664 240 209 6665 237 207 6666 241 210 6667 243 212 6668 238 214 6669 237 207 6670 244 213 6671 247 216 6672 248 614 6673 249 217 6674 246 218 6675 249 217 6676 251 219 6677 250 220 6678 252 225 6679 253 221 6680 246 218 6681 253 221 6682 254 222 6683 256 223 6684 254 222 6685 253 221 6686 255 224 6687 253 221 6688 252 225 6689 257 226 6690 233 203 6691 231 201 6692 255 224 6693 231 201 6694 230 227 6695 259 228 6696 197 22 6697 196 171 6698 258 229 6699 196 171 6700 195 187 6701 258 229 6702 260 230 6703 261 231 6704 258 229 6705 262 232 6706 200 173 6707 263 233 6708 264 22 6709 197 22 6710 199 177 6711 263 233 6712 259 228 6713 263 233 6714 199 177 6715 33 84 6716 264 22 6717 263 233 6718 90 85 6719 265 234 6720 266 239 6721 267 235 6722 235 205 6723 265 234 6724 268 236 6725 265 234 6726 235 205 6727 234 237 6728 266 239 6729 265 234 6730 269 238 6731 271 241 6732 180 159 6733 179 5 6734 271 241 6735 272 242 6736 274 243 6737 271 241 6738 273 244 6739 275 245 6740 180 159 6741 271 241 6742 276 246 6743 277 247 6744 186 163 6745 185 248 6746 277 247 6747 278 249 6748 280 250 6749 279 251 6750 281 314 6751 282 252 6752 186 163 6753 277 247 6754 282 252 6755 201 174 6756 200 173 6757 262 232 6758 283 253 6759 262 232 6760 261 231 6761 284 254 6762 285 690 6763 286 255 6764 201 174 6765 283 253 6766 286 255 6767 287 256 6768 288 259 6769 210 257 6770 287 256 6771 208 181 6772 209 182 6773 289 258 6774 280 250 6775 278 249 6776 288 259 6777 287 256 6778 278 249 6779 181 161 6780 182 160 6781 291 260 6782 290 261 6783 291 260 6784 293 262 6785 292 263 6786 294 350 6787 295 264 6788 181 161 6789 290 261 6790 295 264 6791 296 265 6792 297 272 6793 298 266 6794 300 268 6795 296 265 6796 299 267 6797 296 265 6798 300 268 6799 302 270 6800 297 272 6801 296 265 6802 303 271 6803 306 274 6804 275 245 6805 273 244 6806 305 275 6807 273 244 6808 274 243 6809 307 276 6810 281 314 6811 308 277 6812 305 275 6813 308 277 6814 309 278 6815 310 279 6816 311 282 6817 312 280 6818 192 167 6819 310 279 6820 313 281 6821 310 279 6822 192 167 6823 191 129 6824 311 282 6825 310 279 6826 314 130 6827 317 283 6828 318 308 6829 319 284 6830 316 285 6831 319 284 6832 280 250 6833 289 258 6834 209 182 6835 320 286 6836 316 285 6837 320 286 6838 321 287 6839 323 288 6840 321 287 6841 320 286 6842 322 289 6843 320 286 6844 209 182 6845 207 180 6846 206 179 6847 324 290 6848 322 289 6849 324 290 6850 325 291 6851 326 292 6852 300 268 6853 301 269 6854 326 292 6855 327 293 6856 312 280 6857 326 292 6858 328 294 6859 329 295 6860 300 268 6861 326 292 6862 330 296 6863 332 297 6864 285 690 6865 284 254 6866 331 298 6867 284 254 6868 261 231 6869 260 230 6870 195 187 6871 214 191 6872 332 297 6873 331 298 6874 214 191 6875 276 246 6876 275 245 6877 334 299 6878 333 300 6879 334 299 6880 336 301 6881 335 302 6882 293 262 6883 291 260 6884 333 300 6885 291 260 6886 182 160 6887 187 166 6888 188 165 6889 338 303 6890 337 304 6891 338 303 6892 179 5 6893 178 5 6894 8 5 6895 152 146 6896 337 304 6897 152 146 6898 11 8 6899 339 305 6900 340 311 6901 309 278 6902 342 307 6903 339 305 6904 341 306 6905 339 305 6906 342 307 6907 343 309 6908 340 311 6909 339 305 6910 344 310 6911 346 313 6912 282 252 6913 281 314 6914 272 242 6915 346 313 6916 307 276 6917 272 242 6918 179 5 6919 338 303 6920 346 313 6921 338 303 6922 188 165 6923 347 315 6924 308 277 6925 281 314 6926 319 284 6927 347 315 6928 279 251 6929 347 315 6930 319 284 6931 318 308 6932 308 277 6933 347 315 6934 341 306 6935 349 316 6936 161 155 6937 159 153 6938 348 317 6939 159 153 6940 160 154 6941 350 318 6942 212 184 6943 211 183 6944 348 317 6945 211 183 6946 210 257 6947 167 130 6948 166 56 6949 352 56 6950 351 130 6951 352 56 6952 315 56 6953 314 130 6954 191 129 6955 353 129 6956 351 130 6957 353 129 6958 168 129 6959 170 21 6960 168 129 6961 353 129 6962 354 21 6963 353 129 6964 191 129 6965 190 21 6966 197 22 6967 264 22 6968 354 21 6969 264 22 6970 92 22 6971 355 319 6972 172 158 6973 161 155 6974 288 259 6975 355 319 6976 349 316 6977 355 319 6978 288 259 6979 185 248 6980 172 158 6981 355 319 6982 184 162 6983 357 213 6984 358 215 6985 359 215 6986 356 213 6987 359 215 6988 245 215 6989 244 213 6990 243 212 6991 360 212 6992 356 213 6993 360 212 6994 361 212 6995 133 126 6996 104 97 6997 103 101 6998 363 321 6999 362 320 7000 103 101 7001 363 321 7002 364 329 7003 365 322 7004 133 126 7005 362 320 7006 365 322 7007 76 67 7008 77 68 7009 367 323 7010 368 325 7011 366 324 7012 367 323 7013 368 325 7014 370 341 7015 371 327 7016 76 67 7017 366 324 7018 371 327 7019 372 328 7020 156 149 7021 134 127 7022 372 328 7023 365 322 7024 364 329 7025 372 328 7026 373 330 7027 369 326 7028 156 149 7029 372 328 7030 367 323 7031 374 331 7032 363 321 7033 5 4 7034 375 332 7035 374 331 7036 3 2 7037 374 331 7038 375 332 7039 376 333 7040 363 321 7041 374 331 7042 377 334 7043 378 335 7044 368 325 7045 369 326 7046 380 337 7047 378 335 7048 379 336 7049 378 335 7050 380 337 7051 382 339 7052 368 325 7053 378 335 7054 383 340 7055 384 342 7056 373 330 7057 364 329 7058 384 342 7059 377 334 7060 376 333 7061 384 342 7062 385 343 7063 381 338 7064 373 330 7065 384 342 7066 379 336 7067 385 343 7068 376 333 7069 387 344 7070 386 345 7071 387 344 7072 389 346 7073 388 347 7074 382 339 7075 380 337 7076 386 345 7077 380 337 7078 381 338 7079 390 348 7080 375 332 7081 2 1 7082 391 349 7083 390 348 7084 295 264 7085 390 348 7086 391 349 7087 389 346 7088 375 332 7089 390 348 7090 387 344 7091 392 351 7092 393 357 7093 394 352 7094 396 354 7095 392 351 7096 395 353 7097 392 351 7098 396 354 7099 398 356 7100 393 357 7101 392 351 7102 399 356 7103 402 358 7104 403 566 7105 404 359 7106 401 360 7107 404 359 7108 147 139 7109 405 361 7110 406 212 7111 407 362 7112 401 360 7113 407 362 7114 408 363 7115 409 364 7116 410 371 7117 411 365 7118 413 367 7119 409 364 7120 412 366 7121 409 364 7122 413 367 7123 415 369 7124 410 371 7125 409 364 7126 416 370 7127 418 373 7128 419 375 7129 417 372 7130 420 374 7131 418 373 7132 416 370 7133 418 373 7134 420 374 7135 397 355 7136 419 375 7137 418 373 7138 395 353 7139 421 376 7140 422 379 7141 400 356 7142 423 377 7143 421 376 7144 399 356 7145 421 376 7146 423 377 7147 127 119 7148 422 379 7149 421 376 7150 424 378 7151 426 381 7152 427 384 7153 428 382 7154 46 46 7155 426 381 7156 429 383 7157 426 381 7158 46 46 7159 53 47 7160 427 384 7161 426 381 7162 101 94 7163 430 385 7164 431 386 7165 69 60 7166 94 86 7167 430 385 7168 67 58 7169 430 385 7170 94 86 7171 47 40 7172 431 386 7173 430 385 7174 429 383 7175 433 363 7176 408 363 7177 407 362 7178 432 1801 7179 407 1801 7180 406 1801 7181 434 1802 7182 361 1802 7183 435 1802 7184 432 362 7185 435 362 7186 436 363 7187 438 389 7188 336 301 7189 334 299 7190 437 390 7191 334 299 7192 275 245 7193 306 274 7194 309 278 7195 340 311 7196 437 390 7197 340 311 7198 345 312 7199 440 391 7200 441 405 7201 442 392 7202 439 393 7203 442 392 7204 325 291 7205 443 394 7206 444 408 7207 445 395 7208 439 393 7209 445 395 7210 446 396 7211 447 397 7212 448 398 7213 329 295 7214 311 282 7215 447 397 7216 328 294 7217 447 397 7218 311 282 7219 315 56 7220 448 398 7221 447 397 7222 449 62 7223 452 399 7224 343 309 7225 342 307 7226 451 400 7227 342 307 7228 318 308 7229 317 283 7230 321 287 7231 453 401 7232 451 400 7233 453 401 7234 454 402 7235 456 403 7236 454 402 7237 453 401 7238 455 404 7239 453 401 7240 321 287 7241 323 288 7242 325 291 7243 442 392 7244 455 404 7245 442 392 7246 441 405 7247 458 406 7248 446 396 7249 445 395 7250 457 407 7251 445 395 7252 444 408 7253 459 409 7254 298 266 7255 297 272 7256 457 407 7257 297 272 7258 304 273 7259 461 410 7260 462 434 7261 463 411 7262 460 412 7263 463 411 7264 465 413 7265 464 414 7266 466 461 7267 467 415 7268 460 412 7269 467 415 7270 468 416 7271 470 417 7272 471 428 7273 472 418 7274 469 419 7275 472 418 7276 474 420 7277 473 421 7278 270 240 7279 475 422 7280 469 419 7281 475 422 7282 476 423 7283 477 424 7284 478 429 7285 479 425 7286 481 427 7287 477 424 7288 480 426 7289 481 427 7290 474 420 7291 472 418 7292 477 424 7293 472 418 7294 471 428 7295 483 430 7296 484 568 7297 485 431 7298 482 432 7299 485 431 7300 224 196 7301 486 433 7302 465 413 7303 463 411 7304 482 432 7305 463 411 7306 462 434 7307 488 435 7308 489 574 7309 490 436 7310 487 437 7311 490 436 7312 251 219 7313 491 438 7314 225 569 7315 492 439 7316 487 437 7317 492 439 7318 493 440 7319 494 62 7320 495 63 7321 450 63 7322 352 56 7323 494 62 7324 449 62 7325 494 62 7326 352 56 7327 166 56 7328 495 63 7329 494 62 7330 176 62 7331 497 441 7332 498 452 7333 499 442 7334 496 443 7335 499 442 7336 501 444 7337 496 443 7338 500 445 7339 414 368 7340 497 441 7341 496 443 7342 412 366 7343 502 446 7344 503 451 7345 504 447 7346 506 449 7347 502 446 7348 505 448 7349 502 446 7350 506 449 7351 501 444 7352 503 451 7353 502 446 7354 499 442 7355 508 453 7356 509 458 7357 510 454 7358 512 456 7359 508 453 7360 511 455 7361 508 453 7362 512 456 7363 507 450 7364 509 458 7365 508 453 7366 505 448 7367 515 459 7368 468 416 7369 467 415 7370 514 460 7371 467 415 7372 466 461 7373 514 460 7374 516 462 7375 513 457 7376 515 459 7377 514 460 7378 511 455 7379 61 53 7380 60 76 7381 518 463 7382 517 464 7383 518 463 7384 520 465 7385 517 464 7386 519 466 7387 521 356 7388 61 53 7389 517 464 7390 522 356 7391 70 61 7392 69 60 7393 524 467 7394 525 469 7395 523 468 7396 524 467 7397 525 469 7398 527 495 7399 528 471 7400 523 468 7401 528 471 7402 71 63 7403 79 70 7404 78 69 7405 530 472 7406 529 473 7407 530 472 7408 532 474 7409 531 475 7410 533 478 7411 534 476 7412 529 473 7413 534 476 7414 80 72 7415 83 75 7416 80 72 7417 534 476 7418 535 477 7419 534 476 7420 533 478 7421 536 479 7422 520 465 7423 518 463 7424 535 477 7425 518 463 7426 60 76 7427 537 480 7428 99 92 7429 62 54 7430 538 481 7431 537 480 7432 522 356 7433 537 480 7434 538 481 7435 539 482 7436 99 92 7437 537 480 7438 540 483 7439 541 484 7440 542 490 7441 543 485 7442 545 487 7443 541 484 7444 544 486 7445 541 484 7446 545 487 7447 539 482 7448 542 490 7449 541 484 7450 547 489 7451 549 491 7452 403 566 7453 550 492 7454 551 494 7455 548 493 7456 550 492 7457 548 493 7458 551 494 7459 546 488 7460 549 491 7461 548 493 7462 544 486 7463 174 63 7464 71 63 7465 528 471 7466 552 471 7467 528 471 7468 527 495 7469 553 495 7470 554 495 7471 555 471 7472 552 471 7473 555 471 7474 175 63 7475 557 496 7476 484 568 7477 558 497 7478 556 498 7479 558 497 7480 560 499 7481 559 500 7482 561 659 7483 562 501 7484 556 498 7485 562 501 7486 493 440 7487 564 502 7488 565 524 7489 566 503 7490 563 504 7491 566 503 7492 568 505 7493 567 506 7494 569 237 7495 570 237 7496 563 504 7497 570 237 7498 571 237 7499 572 507 7500 573 512 7501 479 425 7502 572 507 7503 574 508 7504 576 509 7505 572 507 7506 575 510 7507 577 495 7508 573 512 7509 572 507 7510 578 511 7511 581 513 7512 489 574 7513 582 514 7514 580 515 7515 582 514 7516 584 516 7517 583 517 7518 585 522 7519 586 518 7520 580 515 7521 586 518 7522 587 519 7523 589 520 7524 587 519 7525 586 518 7526 588 521 7527 586 518 7528 585 522 7529 590 523 7530 568 505 7531 566 503 7532 588 521 7533 566 503 7534 565 524 7535 592 525 7536 571 237 7537 570 237 7538 591 526 7539 570 237 7540 569 237 7541 593 527 7542 594 667 7543 595 528 7544 591 526 7545 595 528 7546 476 423 7547 292 263 7548 293 262 7549 597 529 7550 596 412 7551 597 529 7552 599 530 7553 598 531 7554 600 561 7555 601 532 7556 596 412 7557 601 532 7558 294 350 7559 303 271 7560 302 270 7561 603 533 7562 602 534 7563 603 533 7564 605 535 7565 604 536 7566 594 667 7567 606 537 7568 602 534 7569 606 537 7570 304 273 7571 330 296 7572 329 295 7573 608 538 7574 607 539 7575 608 538 7576 576 509 7577 609 540 7578 605 535 7579 603 533 7580 607 539 7581 603 533 7582 302 270 7583 335 302 7584 336 301 7585 611 541 7586 610 542 7587 611 541 7588 560 499 7589 612 543 7590 599 530 7591 597 529 7592 610 542 7593 597 529 7594 293 262 7595 344 310 7596 343 309 7597 614 544 7598 613 545 7599 614 544 7600 584 516 7601 615 546 7602 561 659 7603 616 547 7604 613 545 7605 616 547 7606 345 312 7607 617 511 7608 618 363 7609 579 363 7610 619 495 7611 617 511 7612 578 511 7613 617 511 7614 619 495 7615 554 495 7616 618 363 7617 617 511 7618 620 511 7619 621 548 7620 371 327 7621 370 341 7622 623 550 7623 621 548 7624 622 549 7625 621 548 7626 623 550 7627 532 474 7628 621 548 7629 530 472 7630 78 69 7631 383 340 7632 382 339 7633 626 552 7634 627 554 7635 625 553 7636 626 552 7637 627 554 7638 624 551 7639 622 549 7640 625 553 7641 622 549 7642 370 341 7643 629 556 7644 388 347 7645 389 346 7646 631 558 7647 629 556 7648 630 557 7649 629 556 7650 631 558 7651 628 555 7652 629 556 7653 626 552 7654 382 339 7655 391 349 7656 294 350 7657 601 532 7658 633 560 7659 601 532 7660 600 561 7661 633 560 7662 634 562 7663 632 559 7664 391 349 7665 633 560 7666 630 557 7667 635 563 7668 125 117 7669 126 118 7670 542 490 7671 635 563 7672 636 564 7673 635 563 7674 542 490 7675 425 380 7676 125 117 7677 635 563 7678 424 378 7679 146 140 7680 147 139 7681 404 359 7682 637 565 7683 404 359 7684 403 566 7685 637 565 7686 549 491 7687 543 485 7688 146 140 7689 637 565 7690 636 564 7691 223 197 7692 224 196 7693 485 431 7694 638 567 7695 485 431 7696 484 568 7697 557 496 7698 493 440 7699 492 439 7700 638 567 7701 492 439 7702 225 569 7703 232 204 7704 233 203 7705 640 570 7706 639 571 7707 640 570 7708 565 524 7709 564 502 7710 571 237 7711 641 237 7712 639 571 7713 641 237 7714 234 237 7715 642 572 7716 241 210 7717 242 211 7718 573 512 7719 642 572 7720 480 426 7721 642 572 7722 573 512 7723 579 363 7724 241 210 7725 642 572 7726 643 362 7727 250 220 7728 251 219 7729 490 436 7730 644 573 7731 490 436 7732 489 574 7733 581 513 7734 587 519 7735 645 575 7736 644 573 7737 645 575 7738 252 225 7739 257 226 7740 252 225 7741 645 575 7742 646 576 7743 645 575 7744 587 519 7745 589 520 7746 565 524 7747 640 570 7748 646 576 7749 640 570 7750 233 203 7751 269 238 7752 234 237 7753 641 237 7754 647 577 7755 641 237 7756 571 237 7757 592 525 7758 476 423 7759 475 422 7760 647 577 7761 475 422 7762 270 240 7763 648 1803 7764 360 1803 7765 243 1803 7766 618 363 7767 648 362 7768 643 362 7769 648 362 7770 618 363 7771 436 363 7772 360 579 7773 648 579 7774 435 579 7775 649 580 7776 396 354 7777 397 355 7778 651 582 7779 649 580 7780 650 581 7781 649 580 7782 651 582 7783 653 584 7784 396 354 7785 649 580 7786 654 585 7787 405 361 7788 147 139 7789 145 137 7790 655 586 7791 145 137 7792 144 587 7793 656 588 7794 657 215 7795 658 213 7796 655 586 7797 658 213 7798 406 212 7799 659 589 7800 413 367 7801 414 368 7802 659 589 7803 660 590 7804 662 591 7805 661 592 7806 663 595 7807 664 593 7808 413 367 7809 659 589 7810 664 593 7811 665 594 7812 420 374 7813 415 369 7814 665 594 7815 664 593 7816 663 595 7817 665 594 7818 666 596 7819 652 583 7820 420 374 7821 665 594 7822 650 581 7823 667 597 7824 423 377 7825 398 356 7826 668 598 7827 667 597 7828 654 585 7829 667 597 7830 668 598 7831 129 122 7832 423 377 7833 667 597 7834 128 120 7835 434 212 7836 406 212 7837 658 213 7838 670 215 7839 669 213 7840 658 213 7841 670 215 7842 358 215 7843 357 213 7844 669 213 7845 357 213 7846 361 212 7847 464 414 7848 465 413 7849 672 599 7850 671 1804 7851 672 1804 7852 674 1804 7853 673 602 7854 675 646 7855 676 603 7856 464 414 7857 671 600 7858 676 603 7859 473 421 7860 474 420 7861 678 604 7862 677 605 7863 678 604 7864 680 606 7865 679 607 7866 267 235 7867 266 239 7868 677 605 7869 266 239 7870 270 240 7871 681 608 7872 481 427 7873 242 211 7874 682 609 7875 681 608 7876 240 209 7877 682 609 7878 680 606 7879 678 604 7880 681 608 7881 678 604 7882 474 420 7883 486 433 7884 224 196 7885 222 194 7886 683 610 7887 222 194 7888 221 611 7889 684 612 7890 674 1805 7891 672 599 7892 683 610 7893 672 599 7894 465 413 7895 491 438 7896 251 219 7897 249 217 7898 685 613 7899 249 217 7900 248 614 7901 686 615 7902 227 199 7903 226 198 7904 685 613 7905 226 198 7906 225 569 7907 688 616 7908 662 591 7909 660 590 7910 689 618 7911 687 617 7912 660 590 7913 689 618 7914 690 624 7915 691 619 7916 687 617 7917 691 619 7918 692 620 7919 689 618 7920 414 368 7921 500 445 7922 693 621 7923 500 445 7924 501 444 7925 694 622 7926 695 627 7927 696 623 7928 693 621 7929 696 623 7930 690 624 7931 694 622 7932 501 444 7933 506 449 7934 697 625 7935 506 449 7936 507 450 7937 697 625 7938 512 456 7939 513 457 7940 697 625 7941 698 626 7942 695 627 7943 700 628 7944 692 620 7945 691 619 7946 699 629 7947 691 619 7948 690 624 7949 699 629 7950 701 630 7951 702 631 7952 700 628 7953 699 629 7954 703 632 7955 701 630 7956 690 624 7957 696 623 7958 705 634 7959 696 623 7960 695 627 7961 705 634 7962 706 635 7963 707 636 7964 701 630 7965 705 634 7966 708 637 7967 706 635 7968 695 627 7969 698 626 7970 516 462 7971 709 638 7972 698 626 7973 516 462 7974 466 461 7975 710 639 7976 709 638 7977 710 639 7978 707 636 7979 712 640 7980 704 633 7981 703 632 7982 711 641 7983 703 632 7984 702 631 7985 708 637 7986 707 636 7987 713 642 7988 711 641 7989 713 642 7990 714 643 7991 716 644 7992 714 643 7993 713 642 7994 715 645 7995 713 642 7996 707 636 7997 715 645 7998 710 639 7999 466 461 8000 715 645 8001 676 603 8002 675 646 8003 717 647 8004 519 466 8005 520 465 8006 393 357 8007 717 647 8008 718 648 8009 717 647 8010 393 357 8011 400 356 8012 519 466 8013 717 647 8014 719 356 8015 720 649 8016 525 469 8017 526 470 8018 720 649 8019 550 492 8020 403 566 8021 402 358 8022 408 363 8023 721 511 8024 720 649 8025 721 511 8026 527 495 8027 722 650 8028 531 475 8029 532 474 8030 410 371 8031 722 650 8032 723 651 8033 722 650 8034 410 371 8035 417 372 8036 531 475 8037 722 650 8038 724 652 8039 725 653 8040 536 479 8041 533 478 8042 419 375 8043 725 653 8044 724 652 8045 725 653 8046 419 375 8047 394 352 8048 536 479 8049 725 653 8050 718 648 8051 726 654 8052 538 481 8053 521 356 8054 422 379 8055 726 654 8056 719 356 8057 726 654 8058 422 379 8059 425 380 8060 538 481 8061 726 654 8062 547 489 8063 727 655 8064 545 487 8065 546 488 8066 427 384 8067 727 655 8068 728 656 8069 727 655 8070 427 384 8071 100 93 8072 545 487 8073 727 655 8074 540 483 8075 729 657 8076 551 494 8077 526 470 8078 431 386 8079 729 657 8080 524 467 8081 729 657 8082 431 386 8083 428 382 8084 551 494 8085 729 657 8086 728 656 8087 553 495 8088 527 495 8089 721 511 8090 730 511 8091 721 511 8092 408 363 8093 433 363 8094 436 363 8095 620 511 8096 730 511 8097 620 511 8098 554 495 8099 559 500 8100 560 499 8101 611 541 8102 731 658 8103 611 541 8104 336 301 8105 438 389 8106 345 312 8107 616 547 8108 731 658 8109 616 547 8110 561 659 8111 567 506 8112 568 505 8113 733 660 8114 732 661 8115 733 660 8116 441 405 8117 440 391 8118 446 396 8119 734 237 8120 732 661 8121 734 237 8122 569 237 8123 575 510 8124 576 509 8125 608 538 8126 448 398 8127 735 662 8128 608 538 8129 735 662 8130 448 398 8131 450 63 8132 575 510 8133 735 662 8134 736 471 8135 583 517 8136 584 516 8137 614 544 8138 737 663 8139 614 544 8140 343 309 8141 452 399 8142 454 402 8143 738 664 8144 737 663 8145 738 664 8146 585 522 8147 590 523 8148 585 522 8149 738 664 8150 739 665 8151 738 664 8152 454 402 8153 456 403 8154 441 405 8155 733 660 8156 739 665 8157 733 660 8158 568 505 8159 593 527 8160 569 237 8161 734 237 8162 740 666 8163 734 237 8164 446 396 8165 458 406 8166 304 273 8167 606 537 8168 740 666 8169 606 537 8170 594 667 8171 598 531 8172 599 530 8173 742 262 8174 741 263 8175 742 262 8176 462 434 8177 461 410 8178 468 416 8179 743 668 8180 741 263 8181 743 668 8182 600 561 8183 604 536 8184 605 535 8185 745 669 8186 744 670 8187 745 669 8188 471 428 8189 470 417 8190 476 423 8191 595 528 8192 744 670 8193 595 528 8194 594 667 8195 609 540 8196 576 509 8197 574 508 8198 478 429 8199 746 671 8200 574 508 8201 478 429 8202 471 428 8203 745 669 8204 746 671 8205 745 669 8206 605 535 8207 612 543 8208 560 499 8209 558 497 8210 747 672 8211 558 497 8212 484 568 8213 483 430 8214 462 434 8215 742 262 8216 747 672 8217 742 262 8218 599 530 8219 615 546 8220 584 516 8221 582 514 8222 748 673 8223 582 514 8224 489 574 8225 488 435 8226 493 440 8227 562 501 8228 748 673 8229 562 501 8230 561 659 8231 749 471 8232 619 495 8233 577 495 8234 495 63 8235 749 471 8236 736 471 8237 749 471 8238 495 63 8239 175 63 8240 619 495 8241 749 471 8242 555 471 8243 623 550 8244 624 551 8245 751 674 8246 750 675 8247 751 674 8248 498 452 8249 750 675 8250 497 441 8251 411 365 8252 750 675 8253 723 651 8254 532 474 8255 752 676 8256 627 554 8257 628 555 8258 503 451 8259 752 676 8260 753 677 8261 752 676 8262 503 451 8263 498 452 8264 752 676 8265 751 674 8266 624 551 8267 754 678 8268 631 558 8269 632 559 8270 509 458 8271 754 678 8272 755 679 8273 754 678 8274 509 458 8275 504 447 8276 631 558 8277 754 678 8278 753 677 8279 634 562 8280 600 561 8281 743 668 8282 756 680 8283 743 668 8284 468 416 8285 756 680 8286 515 459 8287 510 454 8288 634 562 8289 756 680 8290 755 679 8291 757 681 8292 49 43 8293 50 42 8294 21 17 8295 757 681 8296 96 89 8297 757 681 8298 21 17 8299 20 80 8300 49 43 8301 757 681 8302 758 682 8303 149 144 8304 51 44 8305 758 682 8306 87 79 8307 759 683 8308 758 682 8309 759 683 8310 87 79 8311 86 78 8312 759 683 8313 117 108 8314 116 142 8315 760 684 8316 215 188 8317 194 169 8318 327 293 8319 760 684 8320 313 281 8321 760 684 8322 327 293 8323 301 269 8324 215 188 8325 760 684 8326 761 685 8327 762 686 8328 217 190 8329 216 189 8330 762 686 8331 761 685 8332 301 269 8333 299 267 8334 298 266 8335 763 687 8336 762 686 8337 763 687 8338 218 192 8339 332 297 8340 218 192 8341 763 687 8342 764 688 8343 763 687 8344 298 266 8345 459 409 8346 444 408 8347 765 689 8348 764 688 8349 765 689 8350 285 690 8351 767 691 8352 285 690 8353 765 689 8354 766 692 8355 765 689 8356 444 408 8357 443 394 8358 325 291 8359 324 290 8360 766 692 8361 324 290 8362 206 179 8363 768 693 8364 286 255 8365 285 690 8366 205 185 8367 768 693 8368 767 691 8369 205 185 8370 212 184 8371 769 694 8372 768 693 8373 769 694 8374 203 175 8375 202 176 8376 203 175 8377 769 694 8378 770 695 8379 769 694 8380 212 184 8381 350 318 8382 160 154 8383 771 696 8384 770 695 8385 771 696 8386 35 30 8387 772 697 8388 28 29 8389 35 30 8390 772 697 8391 771 696 8392 160 154 8393 772 697 8394 158 151 8395 44 38 8396 28 29 8397 772 697 8398 773 698 8399 774 699 8400 115 107 8401 29 24 8402 43 37 8403 774 699 8404 773 698 8405 43 37 8406 42 36 8407 775 700 8408 774 699 8409 775 700 8410 116 142 8411 150 143 8412 116 142 8413 775 700 8414 776 701 8415 775 700 8416 42 36 8417 141 134 8418 59 51 8419 57 49 8420 776 701 8421 57 49 8422 56 91 8423 777 702 8424 778 707 8425 779 703 8426 781 705 8427 777 702 8428 780 704 8429 777 702 8430 781 705 8431 783 705 8432 778 707 8433 777 702 8434 784 706 8435 786 709 8436 787 716 8437 788 710 8438 790 712 8439 786 709 8440 789 711 8441 786 709 8442 790 712 8443 792 714 8444 787 716 8445 786 709 8446 793 715 8447 796 718 8448 797 783 8449 798 719 8450 795 720 8451 798 719 8452 800 721 8453 799 722 8454 801 828 8455 802 723 8456 795 720 8457 802 723 8458 803 724 8459 804 725 8460 805 732 8461 806 726 8462 808 728 8463 804 725 8464 807 727 8465 808 728 8466 810 786 8467 811 730 8468 804 725 8469 811 730 8470 812 731 8471 814 733 8472 815 815 8473 816 734 8474 813 735 8475 816 734 8476 818 736 8477 813 735 8478 817 737 8479 819 738 8480 814 733 8481 813 735 8482 820 739 8483 822 741 8484 823 749 8485 824 742 8486 826 744 8487 822 741 8488 825 743 8489 822 741 8490 826 744 8491 828 746 8492 822 741 8493 829 747 8494 830 748 8495 832 750 8496 833 793 8497 834 751 8498 831 752 8499 834 751 8500 836 753 8501 835 754 8502 837 778 8503 838 755 8504 831 752 8505 838 755 8506 839 756 8507 840 757 8508 841 764 8509 842 758 8510 844 760 8511 840 757 8512 843 759 8513 840 757 8514 844 760 8515 846 762 8516 841 764 8517 840 757 8518 847 763 8519 849 766 8520 850 773 8521 851 767 8522 853 769 8523 849 766 8524 852 768 8525 849 766 8526 853 769 8527 855 771 8528 850 773 8529 849 766 8530 856 772 8531 859 775 8532 839 756 8533 838 755 8534 860 777 8535 858 776 8536 838 755 8537 858 776 8538 860 777 8539 854 770 8540 859 775 8541 858 776 8542 852 768 8543 861 779 8544 862 784 8545 863 780 8546 861 779 8547 864 781 8548 812 731 8549 865 782 8550 800 721 8551 798 719 8552 861 779 8553 798 719 8554 797 783 8555 866 785 8556 811 730 8557 810 786 8558 868 721 8559 866 785 8560 867 787 8561 866 785 8562 868 721 8563 800 721 8564 811 730 8565 866 785 8566 865 782 8567 871 788 8568 848 765 8569 872 789 8570 870 790 8571 872 789 8572 824 742 8573 823 749 8574 830 748 8575 873 791 8576 870 790 8577 873 791 8578 803 724 8579 874 792 8580 834 751 8581 833 793 8582 876 795 8583 874 792 8584 875 794 8585 874 792 8586 876 795 8587 877 796 8588 834 751 8589 874 792 8590 878 797 8591 879 798 8592 880 803 8593 881 799 8594 879 798 8595 882 800 8596 785 708 8597 784 706 8598 783 705 8599 883 801 8600 879 798 8601 883 801 8602 884 802 8603 886 804 8604 887 846 8605 888 805 8606 885 806 8607 888 805 8608 794 717 8609 793 715 8610 792 714 8611 889 807 8612 885 806 8613 889 807 8614 890 808 8615 892 809 8616 893 840 8617 894 810 8618 805 732 8619 891 811 8620 894 810 8621 805 732 8622 812 731 8623 864 781 8624 891 811 8625 864 781 8626 863 780 8627 896 812 8628 890 808 8629 889 807 8630 895 813 8631 889 807 8632 792 714 8633 895 813 8634 897 814 8635 815 815 8636 895 813 8637 814 733 8638 821 740 8639 898 816 8640 899 820 8641 123 115 8642 900 817 8643 898 816 8644 122 121 8645 898 816 8646 900 817 8647 901 818 8648 899 820 8649 898 816 8650 902 819 8651 905 822 8652 887 846 8653 906 823 8654 904 824 8655 906 823 8656 908 825 8657 904 824 8658 907 826 8659 881 799 8660 904 824 8661 880 803 8662 884 802 8663 909 827 8664 802 723 8665 801 828 8666 841 764 8667 909 827 8668 910 829 8669 909 827 8670 841 764 8671 848 765 8672 802 723 8673 909 827 8674 871 788 8675 896 812 8676 821 740 8677 912 830 8678 911 831 8679 912 830 8680 851 767 8681 911 831 8682 850 773 8683 857 774 8684 911 831 8685 913 832 8686 890 808 8687 820 739 8688 819 738 8689 915 833 8690 914 834 8691 915 833 8692 839 756 8693 859 775 8694 851 767 8695 912 830 8696 914 834 8697 912 830 8698 821 740 8699 917 835 8700 144 587 8701 143 136 8702 899 820 8703 916 836 8704 143 136 8705 916 836 8706 899 820 8707 903 821 8708 916 836 8709 918 837 8710 919 838 8711 920 839 8712 921 842 8713 893 840 8714 826 744 8715 920 839 8716 922 841 8717 920 839 8718 826 744 8719 827 745 8720 921 842 8721 920 839 8722 875 794 8723 923 843 8724 781 705 8725 782 705 8726 787 716 8727 923 843 8728 924 844 8729 923 843 8730 787 716 8731 794 717 8732 781 705 8733 923 843 8734 925 843 8735 926 845 8736 883 801 8737 783 705 8738 888 805 8739 926 845 8740 925 843 8741 926 845 8742 888 805 8743 887 846 8744 883 801 8745 926 845 8746 905 822 8747 913 832 8748 857 774 8749 928 847 8750 906 823 8751 927 848 8752 928 847 8753 927 848 8754 906 823 8755 887 846 8756 913 832 8757 927 848 8758 886 804 8759 930 849 8760 818 736 8761 816 734 8762 929 850 8763 816 734 8764 815 815 8765 929 850 8766 931 851 8767 932 852 8768 930 849 8769 929 850 8770 933 853 8771 910 829 8772 801 828 8773 936 828 8774 935 829 8775 936 828 8776 938 828 8777 937 829 8778 939 758 8779 940 758 8780 935 829 8781 940 758 8782 842 758 8783 942 722 8784 938 828 8785 936 828 8786 941 722 8787 936 828 8788 801 828 8789 799 722 8790 800 721 8791 868 721 8792 941 722 8793 868 721 8794 869 721 8795 897 814 8796 792 714 8797 790 712 8798 943 855 8799 790 712 8800 791 713 8801 944 856 8802 932 852 8803 931 851 8804 897 814 8805 943 855 8806 931 851 8807 843 759 8808 842 758 8809 940 758 8810 945 759 8811 940 758 8812 939 758 8813 946 759 8814 947 857 8815 948 857 8816 945 759 8817 948 857 8818 845 761 8819 950 858 8820 951 705 8821 952 705 8822 949 858 8823 952 705 8824 782 705 8825 780 704 8826 779 703 8827 953 859 8828 949 858 8829 953 859 8830 954 860 8831 956 861 8832 957 934 8833 958 862 8834 955 863 8835 958 862 8836 791 713 8837 789 711 8838 788 710 8839 959 864 8840 955 863 8841 959 864 8842 960 865 8843 962 866 8844 963 828 8845 964 722 8846 961 867 8847 964 722 8848 966 721 8849 965 868 8850 967 886 8851 968 869 8852 961 867 8853 968 869 8854 969 870 8855 970 871 8856 971 876 8857 972 872 8858 808 728 8859 970 871 8860 973 873 8861 808 728 8862 809 729 8863 974 874 8864 970 871 8865 974 874 8866 975 875 8867 976 877 8868 977 883 8869 978 878 8870 976 877 8871 979 879 8872 981 880 8873 980 881 8874 982 943 8875 983 882 8876 977 883 8877 976 877 8878 983 882 8879 985 885 8880 968 869 8881 967 886 8882 987 888 8883 985 885 8884 986 887 8885 985 885 8886 987 888 8887 989 890 8888 968 869 8889 985 885 8890 990 891 8891 992 892 8892 221 611 8893 220 193 8894 991 893 8895 220 193 8896 227 199 8897 993 894 8898 994 1255 8899 995 895 8900 991 893 8901 995 895 8902 996 896 8903 998 897 8904 230 227 8905 229 200 8906 997 898 8907 229 200 8908 236 206 8909 999 899 8910 1000 926 8911 1001 900 8912 997 898 8913 1001 900 8914 1002 901 8915 1003 902 8916 1004 906 8917 239 208 8918 1005 903 8919 1003 902 8920 238 214 8921 1003 902 8922 1005 903 8923 1006 904 8924 1004 906 8925 1003 902 8926 1007 905 8927 1010 908 8928 248 614 8929 247 216 8930 1009 909 8931 247 216 8932 254 222 8933 1011 910 8934 1012 915 8935 1013 911 8936 1009 909 8937 1013 911 8938 1014 912 8939 1011 910 8940 254 222 8941 256 223 8942 1015 913 8943 256 223 8944 230 227 8945 998 897 8946 1002 901 8947 1016 914 8948 1015 913 8949 1016 914 8950 1012 915 8951 965 868 8952 966 721 8953 1018 916 8954 1017 917 8955 1018 916 8956 972 872 8957 1017 917 8958 1019 918 8959 1020 919 8960 1017 917 8961 1021 920 8962 967 886 8963 1022 921 8964 1018 916 8965 966 721 8966 867 787 8967 1022 921 8968 1023 721 8969 1022 921 8970 867 787 8971 810 786 8972 1018 916 8973 1022 921 8974 973 873 8975 1024 922 8976 268 236 8977 267 235 8978 1026 924 8979 1024 922 8980 1025 923 8981 1024 922 8982 1026 924 8983 1000 926 8984 268 236 8985 1024 922 8986 999 899 8987 1028 927 8988 1029 932 8989 951 705 8990 1030 928 8991 1028 927 8992 950 858 8993 1028 927 8994 1030 928 8995 1031 929 8996 1028 927 8997 1032 930 8998 1033 931 8999 1034 933 9000 1035 938 9001 957 934 9002 1036 935 9003 1034 933 9004 956 861 9005 1036 935 9006 1037 1000 9007 1038 936 9008 1034 933 9009 1038 936 9010 1039 937 9011 1019 918 9012 972 872 9013 971 876 9014 1041 940 9015 1040 939 9016 971 876 9017 1041 940 9018 1042 1352 9019 1043 941 9020 1040 939 9021 1043 941 9022 1020 919 9023 1044 942 9024 983 882 9025 982 943 9026 1035 938 9027 1044 942 9028 1045 944 9029 1035 938 9030 1039 937 9031 1046 945 9032 1044 942 9033 1046 945 9034 984 884 9035 1048 1806 9036 954 1806 9037 953 1806 9038 1049 948 9039 1047 947 9040 953 859 9041 1049 948 9042 1050 1036 9043 1051 949 9044 1047 947 9045 1051 949 9046 1052 950 9047 1053 951 9048 1054 958 9049 1055 952 9050 1057 954 9051 1053 951 9052 1056 953 9053 1053 951 9054 1057 954 9055 1059 956 9056 1054 958 9057 1053 951 9058 1060 957 9059 1032 930 9060 1031 929 9061 1063 960 9062 1062 961 9063 1063 960 9064 1065 962 9065 1064 963 9066 1037 1000 9067 1066 964 9068 1062 961 9069 1066 964 9070 1033 931 9071 1067 965 9072 1068 968 9073 1069 966 9074 1071 829 9075 1067 965 9076 1070 967 9077 1067 965 9078 1071 829 9079 963 828 9080 1068 968 9081 1067 965 9082 962 866 9083 1074 969 9084 1075 998 9085 1076 970 9086 1073 971 9087 1076 970 9088 1078 972 9089 1077 973 9090 984 884 9091 1046 945 9092 1073 971 9093 1046 945 9094 1039 937 9095 1077 973 9096 1078 972 9097 1080 974 9098 1079 975 9099 1080 974 9100 1082 976 9101 1081 977 9102 978 878 9103 977 883 9104 1079 975 9105 977 883 9106 984 884 9107 1083 978 9108 1084 982 9109 1061 959 9110 1085 979 9111 1083 978 9112 1060 957 9113 1083 978 9114 1085 979 9115 1086 980 9116 1083 978 9117 1087 981 9118 1069 966 9119 1043 941 9120 1042 1352 9121 1089 983 9122 986 887 9123 1088 984 9124 1089 983 9125 986 887 9126 967 886 9127 1021 920 9128 1088 984 9129 1021 920 9130 1020 919 9131 1091 985 9132 1031 929 9133 1030 928 9134 1090 986 9135 1030 928 9136 954 860 9137 1048 946 9138 1052 950 9139 1092 987 9140 1090 986 9141 1092 987 9142 1093 988 9143 1095 989 9144 960 865 9145 959 864 9146 1094 990 9147 959 864 9148 788 710 9149 924 844 9150 782 705 9151 952 705 9152 1094 990 9153 952 705 9154 951 705 9155 1096 991 9156 1097 997 9157 1065 962 9158 1099 993 9159 1096 991 9160 1098 992 9161 1096 991 9162 1099 993 9163 1101 995 9164 1097 997 9165 1096 991 9166 1102 996 9167 1103 999 9168 1066 964 9169 1037 1000 9170 1103 999 9171 1036 935 9172 960 865 9173 1095 989 9174 951 705 9175 1029 932 9176 1066 964 9177 1103 999 9178 1029 932 9179 1104 1001 9180 1038 936 9181 1037 1000 9182 1097 997 9183 1104 1001 9184 1064 963 9185 1104 1001 9186 1097 997 9187 1075 998 9188 1038 936 9189 1104 1001 9190 1074 969 9191 933 853 9192 932 852 9193 1106 1002 9194 1105 1003 9195 1106 1002 9196 982 943 9197 980 881 9198 981 880 9199 1107 1004 9200 1105 1003 9201 1107 1004 9202 934 854 9203 1109 758 9204 939 758 9205 937 829 9206 1108 829 9207 937 829 9208 938 828 9209 1110 828 9210 963 828 9211 1071 829 9212 1108 829 9213 1071 829 9214 1072 758 9215 1110 828 9216 938 828 9217 942 722 9218 1111 722 9219 942 722 9220 869 721 9221 1023 721 9222 966 721 9223 964 722 9224 1111 722 9225 964 722 9226 963 828 9227 1112 1005 9228 1106 1002 9229 932 852 9230 958 862 9231 1112 1005 9232 944 856 9233 1112 1005 9234 958 862 9235 957 934 9236 1106 1002 9237 1112 1005 9238 1045 944 9239 359 215 9240 358 215 9241 1114 903 9242 1113 903 9243 1114 903 9244 1116 904 9245 1115 904 9246 1006 904 9247 1005 903 9248 1113 903 9249 1005 903 9250 245 215 9251 882 800 9252 881 799 9253 907 826 9254 1118 1007 9255 1117 1006 9256 907 826 9257 1118 1007 9258 1119 1016 9259 1120 1008 9260 882 800 9261 1117 1006 9262 1120 1008 9263 1122 1009 9264 857 774 9265 856 772 9266 1123 1011 9267 1121 1010 9268 856 772 9269 1123 1011 9270 1124 1023 9271 1125 1012 9272 1122 1009 9273 1121 1010 9274 1125 1012 9275 1127 1014 9276 1118 1007 9277 908 825 9278 1122 1009 9279 1127 1014 9280 928 847 9281 1127 1014 9282 1122 1009 9283 1126 1013 9284 1127 1014 9285 1128 1015 9286 1119 1016 9287 1129 1017 9288 778 707 9289 785 708 9290 1130 1018 9291 1129 1017 9292 1120 1008 9293 1129 1017 9294 1130 1018 9295 1131 1019 9296 778 707 9297 1129 1017 9298 1132 1020 9299 1133 1021 9300 1134 1026 9301 1126 1013 9302 1135 1022 9303 1133 1021 9304 1125 1012 9305 1133 1021 9306 1135 1022 9307 1136 1024 9308 1134 1026 9309 1133 1021 9310 1137 1025 9311 1139 1028 9312 1130 1018 9313 1119 1016 9314 1134 1026 9315 1139 1028 9316 1128 1015 9317 1139 1028 9318 1134 1026 9319 1138 1027 9320 1139 1028 9321 1140 1029 9322 1131 1019 9323 1142 1030 9324 1131 1019 9325 1140 1029 9326 1141 1031 9327 1140 1029 9328 1138 1027 9329 1137 1025 9330 1136 1024 9331 1143 1032 9332 1141 1031 9333 1143 1032 9334 1144 1033 9335 1145 1034 9336 1049 948 9337 779 703 9338 1142 1030 9339 1145 1034 9340 1132 1020 9341 1145 1034 9342 1142 1030 9343 1144 1033 9344 1049 948 9345 1145 1034 9346 1146 1035 9347 1147 1037 9348 1148 1042 9349 1149 1038 9350 1151 1040 9351 1147 1037 9352 1150 1039 9353 1147 1037 9354 1151 1040 9355 1153 1040 9356 1148 1042 9357 1147 1037 9358 1154 1041 9359 1157 1044 9360 1158 1253 9361 1159 1045 9362 1156 1046 9363 1159 1045 9364 1161 1047 9365 1160 1048 9366 1162 904 9367 1163 1049 9368 1156 1046 9369 1163 1049 9370 919 838 9371 1164 1050 9372 1165 1057 9373 1166 1051 9374 1168 1053 9375 1164 1050 9376 1167 1052 9377 1164 1050 9378 1168 1053 9379 1170 1055 9380 1165 1057 9381 1164 1050 9382 1171 1056 9383 1173 1059 9384 1168 1053 9385 1169 1054 9386 1148 1042 9387 1173 1059 9388 1174 1060 9389 1173 1059 9390 1148 1042 9391 1155 1043 9392 1168 1053 9393 1173 1059 9394 1175 1061 9395 1176 1062 9396 1151 1040 9397 1152 753 9398 1178 1064 9399 1176 1062 9400 1177 1063 9401 1176 1062 9402 1178 1064 9403 901 818 9404 1151 1040 9405 1176 1062 9406 1180 1066 9407 1181 1067 9408 1182 1070 9409 1183 1068 9410 876 795 9411 1181 1067 9412 1184 1069 9413 1181 1067 9414 876 795 9415 827 745 9416 1182 1070 9417 1181 1067 9418 825 743 9419 1185 1071 9420 847 763 9421 846 762 9422 1182 1070 9423 1185 1071 9424 1186 1072 9425 1185 1071 9426 1182 1070 9427 824 742 9428 847 763 9429 1185 1071 9430 872 789 9431 1160 1048 9432 1161 1047 9433 1188 1047 9434 1187 1048 9435 1188 1047 9436 1190 1047 9437 1189 1807 9438 1116 1807 9439 1191 1807 9440 1187 1808 9441 1191 1808 9442 1162 1808 9443 1091 985 9444 1093 988 9445 1193 1075 9446 1192 1076 9447 1193 1075 9448 1100 994 9449 1098 992 9450 1065 962 9451 1063 960 9452 1192 1076 9453 1063 960 9454 1031 929 9455 1195 1077 9456 1196 1091 9457 1197 1078 9458 1194 1079 9459 1197 1078 9460 1199 1080 9461 1198 1081 9462 1200 1095 9463 1201 1082 9464 1194 1079 9465 1201 1082 9466 1082 976 9467 1202 1083 9468 1087 981 9469 1086 980 9470 1204 759 9471 1202 1083 9472 1203 1084 9473 1202 1083 9474 1204 759 9475 1072 758 9476 1087 981 9477 1202 1083 9478 1070 967 9479 1102 996 9480 1101 995 9481 1207 1085 9482 1206 1086 9483 1207 1085 9484 1209 1087 9485 1208 1088 9486 1078 972 9487 1076 970 9488 1206 1086 9489 1076 970 9490 1075 998 9491 1208 1088 9492 1209 1087 9493 1211 1089 9494 1210 1090 9495 1211 1089 9496 1196 1091 9497 1195 1077 9498 1082 976 9499 1080 974 9500 1210 1090 9501 1080 974 9502 1078 972 9503 1198 1081 9504 1199 1080 9505 1213 1092 9506 1212 1093 9507 1213 1092 9508 1058 955 9509 1056 953 9510 1055 952 9511 1214 1094 9512 1212 1093 9513 1214 1094 9514 1200 1095 9515 1216 1096 9516 1217 1119 9517 1218 1097 9518 1215 1098 9519 1218 1097 9520 1220 1099 9521 1219 1100 9522 1221 1148 9523 1222 1101 9524 1215 1098 9525 1222 1101 9526 1223 1102 9527 1225 1103 9528 1226 1113 9529 1227 1104 9530 1224 1105 9531 1227 1104 9532 1229 1106 9533 1228 1107 9534 1027 925 9535 1230 1108 9536 1224 1105 9537 1230 1108 9538 1231 1109 9539 1232 1110 9540 1233 1115 9541 1234 1111 9542 1232 1110 9543 1235 1112 9544 1226 1113 9545 1225 1103 9546 1231 1109 9547 1236 1114 9548 1233 1115 9549 1232 1110 9550 1236 1114 9551 1238 1116 9552 1239 1256 9553 1240 1117 9554 1237 1118 9555 1240 1117 9556 1217 1119 9557 1216 1096 9558 1223 1102 9559 1241 1120 9560 1237 1118 9561 1241 1120 9562 996 896 9563 1243 1121 9564 1244 1262 9565 1245 1122 9566 1242 1123 9567 1245 1122 9568 1247 1124 9569 1246 1125 9570 994 1255 9571 1248 1126 9572 1242 1123 9573 1248 1126 9574 1014 912 9575 1249 759 9576 1204 759 9577 1205 761 9578 946 759 9579 1249 759 9580 1250 857 9581 1249 759 9582 946 759 9583 939 758 9584 1204 759 9585 1249 759 9586 1109 758 9587 1252 1127 9588 1253 1135 9589 1254 1128 9590 1165 1057 9591 1251 1129 9592 1254 1128 9593 1251 1129 9594 1165 1057 9595 1172 1058 9596 1251 1129 9597 1255 1130 9598 1256 1131 9599 1257 1132 9600 1258 1137 9601 1259 1133 9602 1252 1127 9603 1257 1132 9604 1260 1134 9605 1257 1132 9606 1252 1127 9607 1256 1131 9608 1258 1137 9609 1257 1132 9610 1261 1136 9611 1263 1139 9612 1264 1143 9613 1265 1140 9614 1258 1137 9615 1263 1139 9616 1266 1141 9617 1263 1139 9618 1258 1137 9619 1262 1138 9620 1264 1143 9621 1263 1139 9622 1267 1142 9623 1219 1100 9624 1220 1099 9625 1270 1145 9626 1264 1143 9627 1269 1146 9628 1270 1145 9629 1269 1146 9630 1264 1143 9631 1268 1144 9632 1269 1146 9633 1271 1147 9634 1221 1148 9635 1273 1149 9636 837 778 9637 835 754 9638 1274 753 9639 1272 1150 9640 835 754 9641 1272 1150 9642 1274 753 9643 1275 1040 9644 1272 1150 9645 1276 1151 9646 1277 1152 9647 1279 1153 9648 846 762 9649 844 760 9650 1278 1154 9651 844 760 9652 845 761 9653 1280 1155 9654 1281 1183 9655 1282 1156 9656 1279 1153 9657 1278 1154 9658 1282 1156 9659 1285 1158 9660 855 771 9661 853 769 9662 1284 1159 9663 853 769 9664 854 770 9665 1286 1160 9666 1287 1165 9667 1288 1161 9668 1284 1159 9669 1288 1161 9670 1289 1162 9671 1286 1160 9672 854 770 9673 860 777 9674 1290 1163 9675 860 777 9676 837 778 9677 1273 1149 9678 1277 1152 9679 1291 1164 9680 1290 1163 9681 1291 1164 9682 1287 1165 9683 1292 1166 9684 1274 753 9685 836 753 9686 1293 1167 9687 1292 1166 9688 878 797 9689 1292 1166 9690 1293 1167 9691 1294 1168 9692 1274 753 9693 1292 1166 9694 1295 1169 9695 1296 1170 9696 1297 1175 9697 1298 1171 9698 1300 1173 9699 1296 1170 9700 1299 1172 9701 1296 1170 9702 1300 1173 9703 1294 1168 9704 1297 1175 9705 1296 1170 9706 1301 1174 9707 1304 1177 9708 1158 1253 9709 1305 1178 9710 1297 1175 9711 1303 1179 9712 1305 1178 9713 1303 1179 9714 1297 1175 9715 1302 1176 9716 1304 1177 9717 1303 1179 9718 1306 1180 9719 1280 1155 9720 845 761 9721 948 857 9722 1307 1155 9723 948 857 9724 947 857 9725 1308 1181 9726 1309 1182 9727 1310 1182 9728 1307 1155 9729 1310 1182 9730 1281 1183 9731 1312 1184 9732 1239 1256 9733 1313 1185 9734 1311 1186 9735 1313 1185 9736 1247 1124 9737 1314 1187 9738 1315 1320 9739 1316 1188 9740 1311 1186 9741 1316 1188 9742 1317 1189 9743 1319 1190 9744 1320 1209 9745 1321 1191 9746 1318 504 9747 1321 1191 9748 1323 1080 9749 1322 926 9750 1324 926 9751 1325 1192 9752 1318 504 9753 1325 1192 9754 1326 1193 9755 1327 1194 9756 1328 1199 9757 1234 1111 9758 1330 1196 9759 1327 1194 9760 1329 1195 9761 1327 1194 9762 1330 1196 9763 1332 1183 9764 1327 1194 9765 1333 1197 9766 1334 1198 9767 1336 1200 9768 1244 1262 9769 1337 1201 9770 1335 1202 9771 1337 1201 9772 1339 1203 9773 1338 1204 9774 1340 1211 9775 1341 1205 9776 1335 1202 9777 1341 1205 9778 1342 1206 9779 1338 1204 9780 1339 1203 9781 1344 1207 9782 1343 1208 9783 1344 1207 9784 1320 1209 9785 1319 1190 9786 1326 1193 9787 1345 1210 9788 1343 1208 9789 1345 1210 9790 1340 1211 9791 1322 926 9792 1323 1080 9793 1347 1212 9794 1346 1213 9795 1347 1212 9796 1229 1106 9797 1348 1214 9798 1349 1329 9799 1350 1215 9800 1346 1213 9801 1350 1215 9802 1324 926 9803 1352 1216 9804 1052 950 9805 1051 949 9806 1351 949 9807 1051 949 9808 1050 1036 9809 1353 1217 9810 1354 1249 9811 1355 1218 9812 1351 949 9813 1355 1218 9814 1356 1219 9815 1358 1220 9816 1059 956 9817 1057 954 9818 1357 1221 9819 1057 954 9820 1058 955 9821 1359 1222 9822 1349 1329 9823 1360 1223 9824 1357 1221 9825 1360 1223 9826 1361 1224 9827 1363 1225 9828 1086 980 9829 1085 979 9830 1362 1226 9831 1085 979 9832 1059 956 9833 1358 1220 9834 1361 1224 9835 1364 1227 9836 1362 1226 9837 1364 1227 9838 1334 1198 9839 1366 1228 9840 1093 988 9841 1092 987 9842 1365 1229 9843 1092 987 9844 1052 950 9845 1352 1216 9846 1356 1219 9847 1367 1230 9848 1365 1229 9849 1367 1230 9850 1317 1189 9851 1369 1231 9852 1101 995 9853 1099 993 9854 1368 1232 9855 1099 993 9856 1100 994 9857 1370 1233 9858 1315 1320 9859 1371 1234 9860 1368 1232 9861 1371 1234 9862 1342 1206 9863 1372 1196 9864 1330 1196 9865 1331 1047 9866 1374 1196 9867 1372 1196 9868 1373 1047 9869 1372 1196 9870 1374 1196 9871 1309 1182 9872 1330 1196 9873 1372 1196 9874 1375 1182 9875 1376 1235 9876 1377 1238 9877 1124 1023 9878 1376 1235 9879 1123 1011 9880 855 771 9881 1376 1235 9882 1285 1158 9883 1289 1162 9884 1376 1235 9885 1378 1236 9886 1379 1237 9887 1381 1239 9888 1136 1024 9889 1135 1022 9890 1380 1240 9891 1135 1022 9892 1124 1023 9893 1377 1238 9894 1379 1237 9895 1382 1241 9896 1381 1239 9897 1380 1240 9898 1382 1241 9899 1384 1243 9900 1385 1245 9901 1144 1033 9902 1384 1243 9903 1143 1032 9904 1136 1024 9905 1384 1243 9906 1381 1239 9907 1383 1242 9908 1385 1245 9909 1384 1243 9910 1386 1244 9911 1353 1217 9912 1050 1036 9913 1146 1035 9914 1385 1245 9915 1388 1247 9916 1146 1035 9917 1388 1247 9918 1385 1245 9919 1387 1246 9920 1388 1247 9921 1389 1248 9922 1354 1249 9923 1390 1250 9924 1391 1251 9925 903 821 9926 1178 1064 9927 1390 1250 9928 902 819 9929 1390 1250 9930 1178 1064 9931 1179 1065 9932 1391 1251 9933 1390 1250 9934 1299 1172 9935 1157 1044 9936 919 838 9937 918 837 9938 1391 1251 9939 1392 1252 9940 918 837 9941 1392 1252 9942 1391 1251 9943 1298 1171 9944 1392 1252 9945 1305 1178 9946 1158 1253 9947 1238 1116 9948 996 896 9949 995 895 9950 1393 1254 9951 995 895 9952 994 1255 9953 1246 1125 9954 1247 1124 9955 1313 1185 9956 1393 1254 9957 1313 1185 9958 1239 1256 9959 1395 1257 9960 1002 901 9961 1001 900 9962 1394 1258 9963 1001 900 9964 1000 926 9965 1396 926 9966 1323 1080 9967 1321 1191 9968 1394 1258 9969 1321 1191 9970 1320 1209 9971 1397 1259 9972 1233 1115 9973 1008 907 9974 1398 1048 9975 1397 1259 9976 1007 905 9977 1397 1259 9978 1398 1048 9979 1331 1047 9980 1233 1115 9981 1397 1259 9982 1329 1195 9983 1243 1121 9984 1014 912 9985 1013 911 9986 1399 1260 9987 1013 911 9988 1012 915 9989 1400 1261 9990 1339 1203 9991 1337 1201 9992 1399 1260 9993 1337 1201 9994 1244 1262 9995 1400 1261 9996 1012 915 9997 1016 914 9998 1401 1263 9999 1016 914 10000 1002 901 10001 1395 1257 10002 1320 1209 10003 1344 1207 10004 1401 1263 10005 1344 1207 10006 1339 1203 10007 1396 926 10008 1000 926 10009 1026 924 10010 1402 1264 10011 1026 924 10012 1027 925 10013 1228 1107 10014 1229 1106 10015 1347 1212 10016 1402 1264 10017 1347 1212 10018 1323 1080 10019 1403 1809 10020 1398 1809 10021 1006 1809 10022 1189 1810 10023 1403 1810 10024 1115 1810 10025 1403 1048 10026 1189 1048 10027 1190 1047 10028 1398 1048 10029 1403 1048 10030 1373 1047 10031 1404 1267 10032 1405 1269 10033 1155 1043 10034 1406 1268 10035 1404 1267 10036 1154 1041 10037 1404 1267 10038 1406 1268 10039 653 584 10040 1405 1269 10041 1404 1267 10042 651 582 10043 917 835 10044 919 838 10045 1163 1049 10046 1407 1270 10047 1163 1049 10048 1162 904 10049 1408 903 10050 657 215 10051 656 588 10052 1407 1270 10053 656 588 10054 144 587 10055 1409 1271 10056 1410 1273 10057 1172 1058 10058 1411 1272 10059 1409 1271 10060 1171 1056 10061 1411 1272 10062 663 595 10063 661 592 10064 1409 1271 10065 661 592 10066 662 591 10067 1412 1274 10068 1411 1272 10069 1170 1055 10070 1405 1269 10071 1412 1274 10072 1175 1061 10073 1412 1274 10074 1405 1269 10075 652 583 10076 1412 1274 10077 666 596 10078 663 595 10079 1413 1275 10080 1406 1268 10081 1153 1040 10082 900 817 10083 1413 1275 10084 1180 1066 10085 1413 1275 10086 900 817 10087 129 122 10088 1406 1268 10089 1413 1275 10090 668 598 10091 1408 903 10092 1162 904 10093 1191 904 10094 1414 903 10095 1191 904 10096 1116 904 10097 1114 903 10098 358 215 10099 670 215 10100 1414 903 10101 670 215 10102 657 215 10103 1416 1276 10104 1223 1102 10105 1222 1101 10106 1417 1278 10107 1415 1277 10108 1222 1101 10109 1417 1278 10110 675 646 10111 673 602 10112 1415 1811 10113 673 1811 10114 674 1811 10115 1419 1280 10116 1231 1109 10117 1230 1108 10118 1418 1281 10119 1230 1108 10120 1027 925 10121 1025 923 10122 267 235 10123 679 607 10124 1418 1281 10125 679 607 10126 680 606 10127 1420 1282 10128 1004 906 10129 1008 907 10130 1420 1282 10131 1236 1114 10132 1231 1109 10133 1419 1280 10134 680 606 10135 682 609 10136 1004 906 10137 1420 1282 10138 682 609 10139 992 892 10140 996 896 10141 1241 1120 10142 1421 1283 10143 1241 1120 10144 1223 1102 10145 1416 1276 10146 674 1805 10147 684 612 10148 1421 1283 10149 684 612 10150 221 611 10151 1010 908 10152 1014 912 10153 1248 1126 10154 1422 1284 10155 1248 1126 10156 994 1255 10157 993 894 10158 227 199 10159 686 615 10160 1422 1284 10161 686 615 10162 248 614 10163 1410 1273 10164 662 591 10165 688 616 10166 1423 1285 10167 688 616 10168 692 620 10169 1424 1286 10170 1425 1289 10171 1426 1287 10172 1410 1273 10173 1423 1285 10174 1426 1287 10175 1255 1130 10176 1172 1058 10177 1426 1287 10178 1427 1288 10179 1426 1287 10180 1425 1289 10181 1428 1290 10182 1429 1293 10183 1430 1291 10184 1427 1288 10185 1430 1291 10186 1256 1131 10187 1261 1136 10188 1256 1131 10189 1430 1291 10190 1431 1292 10191 1430 1291 10192 1429 1293 10193 1431 1292 10194 1432 1294 10195 1268 1144 10196 1431 1292 10197 1267 1142 10198 1262 1138 10199 1424 1286 10200 692 620 10201 700 628 10202 1434 1296 10203 1433 1295 10204 700 628 10205 1433 1295 10206 1434 1296 10207 1435 1297 10208 1433 1295 10209 1436 1298 10210 1425 1289 10211 1428 1290 10212 1425 1289 10213 1436 1298 10214 1438 1300 10215 1437 1299 10216 1436 1298 10217 1437 1299 10218 1438 1300 10219 1439 1301 10220 1437 1299 10221 1440 1302 10222 1429 1293 10223 1432 1294 10224 1429 1293 10225 1440 1302 10226 1441 1303 10227 1440 1302 10228 1439 1301 10229 1442 1304 10230 1221 1148 10231 1271 1147 10232 1432 1294 10233 1441 1303 10234 1271 1147 10235 1434 1296 10236 704 633 10237 712 640 10238 1443 1305 10239 712 640 10240 714 643 10241 1444 1306 10242 1439 1301 10243 1438 1300 10244 1443 1305 10245 1438 1300 10246 1435 1297 10247 1444 1306 10248 714 643 10249 716 644 10250 1445 1307 10251 716 644 10252 675 646 10253 1445 1307 10254 1417 1278 10255 1221 1148 10256 1445 1307 10257 1442 1304 10258 1439 1301 10259 1446 1308 10260 1447 1309 10261 1277 1152 10262 1448 1040 10263 1446 1308 10264 1276 1151 10265 1446 1308 10266 1448 1040 10267 1152 753 10268 1447 1309 10269 1446 1308 10270 1150 1039 10271 1449 1310 10272 1304 1177 10273 1283 1157 10274 1449 1310 10275 1282 1156 10276 1281 1183 10277 1450 1196 10278 1161 1047 10279 1159 1045 10280 1449 1310 10281 1159 1045 10282 1158 1253 10283 1451 1311 10284 1452 1313 10285 1289 1162 10286 1453 1312 10287 1451 1311 10288 1288 1161 10289 1451 1311 10290 1453 1312 10291 1169 1054 10292 1452 1313 10293 1451 1311 10294 1167 1052 10295 1454 1314 10296 1453 1312 10297 1287 1165 10298 1447 1309 10299 1454 1314 10300 1291 1164 10301 1454 1314 10302 1447 1309 10303 1149 1038 10304 1453 1312 10305 1454 1314 10306 1174 1060 10307 1455 1315 10308 1448 1040 10309 1275 1040 10310 1300 1173 10311 1455 1315 10312 1295 1169 10313 1455 1315 10314 1300 1173 10315 1179 1065 10316 1448 1040 10317 1455 1315 10318 1177 1063 10319 1456 1316 10320 1457 1317 10321 1302 1176 10322 1293 1167 10323 1456 1316 10324 1301 1174 10325 1456 1316 10326 1293 1167 10327 877 796 10328 1457 1317 10329 1456 1316 10330 1184 1069 10331 1458 1318 10332 1279 1153 10333 1283 1157 10334 1457 1317 10335 1458 1318 10336 1306 1180 10337 1458 1318 10338 1457 1317 10339 1183 1068 10340 1279 1153 10341 1458 1318 10342 1186 1072 10343 1450 1196 10344 1281 1183 10345 1310 1182 10346 1459 1196 10347 1310 1182 10348 1309 1182 10349 1374 1196 10350 1190 1047 10351 1188 1047 10352 1459 1196 10353 1188 1047 10354 1161 1047 10355 1366 1228 10356 1317 1189 10357 1316 1188 10358 1460 1319 10359 1316 1188 10360 1315 1320 10361 1370 1233 10362 1100 994 10363 1193 1075 10364 1460 1319 10365 1193 1075 10366 1093 988 10367 1462 1321 10368 1326 1193 10369 1325 1192 10370 1461 1322 10371 1325 1192 10372 1324 926 10373 1463 1080 10374 1199 1080 10375 1197 1078 10376 1461 1322 10377 1197 1078 10378 1196 1091 10379 1363 1225 10380 1334 1198 10381 1333 1197 10382 1465 1324 10383 1464 1323 10384 1333 1197 10385 1464 1323 10386 1465 1324 10387 1205 761 10388 1363 1225 10389 1464 1323 10390 1203 1084 10391 1369 1231 10392 1342 1206 10393 1341 1205 10394 1466 1325 10395 1341 1205 10396 1340 1211 10397 1467 1326 10398 1209 1087 10399 1207 1085 10400 1466 1325 10401 1207 1085 10402 1101 995 10403 1467 1326 10404 1340 1211 10405 1345 1210 10406 1468 1327 10407 1345 1210 10408 1326 1193 10409 1462 1321 10410 1196 1091 10411 1211 1089 10412 1468 1327 10413 1211 1089 10414 1209 1087 10415 1463 1080 10416 1324 926 10417 1350 1215 10418 1469 1328 10419 1350 1215 10420 1349 1329 10421 1359 1222 10422 1058 955 10423 1213 1092 10424 1469 1328 10425 1213 1092 10426 1199 1080 10427 1471 1216 10428 1356 1219 10429 1355 1218 10430 1470 1330 10431 1355 1218 10432 1354 1249 10433 1472 1331 10434 1220 1099 10435 1218 1097 10436 1470 1330 10437 1218 1097 10438 1217 1119 10439 1474 1332 10440 1361 1224 10441 1360 1223 10442 1473 1333 10443 1360 1223 10444 1349 1329 10445 1348 1214 10446 1229 1106 10447 1227 1104 10448 1473 1333 10449 1227 1104 10450 1226 1113 10451 1328 1199 10452 1334 1198 10453 1364 1227 10454 1475 1334 10455 1364 1227 10456 1361 1224 10457 1474 1332 10458 1226 1113 10459 1235 1112 10460 1328 1199 10461 1475 1334 10462 1235 1112 10463 1312 1184 10464 1317 1189 10465 1367 1230 10466 1476 1335 10467 1367 1230 10468 1356 1219 10469 1471 1216 10470 1217 1119 10471 1240 1117 10472 1476 1335 10473 1240 1117 10474 1239 1256 10475 1336 1200 10476 1342 1206 10477 1371 1234 10478 1477 1336 10479 1371 1234 10480 1315 1320 10481 1314 1187 10482 1247 1124 10483 1245 1122 10484 1477 1336 10485 1245 1122 10486 1244 1262 10487 1478 1324 10488 1465 1324 10489 1332 1183 10490 1308 1181 10491 1478 1324 10492 1375 1182 10493 1478 1324 10494 1308 1181 10495 947 857 10496 1465 1324 10497 1478 1324 10498 1250 857 10499 1480 1337 10500 1379 1237 10501 1378 1236 10502 1479 1338 10503 1378 1236 10504 1289 1162 10505 1479 1338 10506 1452 1313 10507 1166 1051 10508 1479 1338 10509 1254 1128 10510 1253 1135 10511 1481 1339 10512 1482 1340 10513 1383 1242 10514 1481 1339 10515 1382 1241 10516 1379 1237 10517 1481 1339 10518 1480 1337 10519 1253 1135 10520 1482 1340 10521 1481 1339 10522 1260 1134 10523 1483 1341 10524 1484 1342 10525 1387 1246 10526 1482 1340 10527 1483 1341 10528 1386 1244 10529 1483 1341 10530 1482 1340 10531 1259 1133 10532 1484 1342 10533 1483 1341 10534 1266 1141 10535 1472 1331 10536 1354 1249 10537 1389 1248 10538 1484 1342 10539 1485 1343 10540 1389 1248 10541 1485 1343 10542 1484 1342 10543 1265 1140 10544 1485 1343 10545 1270 1145 10546 1220 1099 10547 1486 1344 10548 873 791 10549 830 748 10550 1487 1345 10551 1486 1344 10552 829 747 10553 1486 1344 10554 1487 1345 10555 797 783 10556 873 791 10557 1486 1344 10558 796 718 10559 1487 1345 10560 828 746 10561 922 841 10562 1488 1346 10563 922 841 10564 893 840 10565 1488 1346 10566 892 809 10567 863 780 10568 1487 1345 10569 1488 1346 10570 862 784 10571 1489 1347 10572 1068 968 10573 969 870 10574 1490 1348 10575 1489 1347 10576 990 891 10577 1489 1347 10578 1490 1348 10579 1061 959 10580 1068 968 10581 1489 1347 10582 1084 982 10583 1491 1349 10584 1490 1348 10585 989 890 10586 1491 1349 10587 987 888 10588 988 889 10589 1492 1350 10590 1055 952 10591 1054 958 10592 1491 1349 10593 1054 958 10594 1061 959 10595 1492 1350 10596 988 889 10597 1089 983 10598 1493 1351 10599 1089 983 10600 1042 1352 10601 1494 1353 10602 1200 1095 10603 1214 1094 10604 1493 1351 10605 1214 1094 10606 1055 952 10607 1494 1353 10608 1042 1352 10609 1496 1354 10610 1495 1355 10611 1496 1354 10612 978 878 10613 1081 977 10614 1082 976 10615 1201 1082 10616 1495 1355 10617 1201 1082 10618 1200 1095 10619 1497 1356 10620 1496 1354 10621 1042 1352 10622 1497 1356 10623 1041 940 10624 975 875 10625 1498 1357 10626 981 880 10627 979 879 10628 1496 1354 10629 1497 1356 10630 979 879 10631 1498 1357 10632 975 875 10633 974 874 10634 1499 1358 10635 974 874 10636 809 729 10637 1500 1359 10638 934 854 10639 1107 1004 10640 1499 1358 10641 1107 1004 10642 981 880 10643 1501 1360 10644 1500 1359 10645 809 729 10646 1502 1361 10647 1501 1360 10648 807 727 10649 1501 1360 10650 1502 1361 10651 818 736 10652 1501 1360 10653 930 849 10654 934 854 10655 1503 1362 10656 1502 1361 10657 806 726 10658 1503 1362 10659 894 810 10660 893 840 10661 1504 1363 10662 819 738 10663 817 737 10664 1502 1361 10665 1503 1362 10666 817 737 10667 1504 1363 10668 893 840 10669 921 842 10670 1505 1364 10671 921 842 10672 833 793 10673 832 750 10674 839 756 10675 915 833 10676 1505 1364 10677 915 833 10678 819 738 10679 1506 1365 10680 1507 1371 10681 1508 1366 10682 1510 1368 10683 1506 1365 10684 1509 1367 10685 1510 1368 10686 1512 1487 10687 1513 1370 10688 1507 1371 10689 1506 1365 10690 1513 1370 10691 1515 1373 10692 1516 1378 10693 1517 1374 10694 1519 1376 10695 1515 1373 10696 1518 1375 10697 1515 1373 10698 1519 1376 10699 1511 1369 10700 1516 1378 10701 1515 1373 10702 1509 1367 10703 1522 1379 10704 1523 1469 10705 1524 1380 10706 1521 1381 10707 1524 1380 10708 1526 1382 10709 1521 1381 10710 1525 1383 10711 1527 1384 10712 1521 1381 10713 1528 1385 10714 1529 1386 10715 1530 1387 10716 1516 1378 10717 1508 1366 10718 1532 1389 10719 1530 1387 10720 1531 1388 10721 1530 1387 10722 1532 1389 10723 1534 1391 10724 1516 1378 10725 1530 1387 10726 1535 1392 10727 1536 1393 10728 1537 1400 10729 1538 1394 10730 1540 1396 10731 1536 1393 10732 1539 1395 10733 1536 1393 10734 1540 1396 10735 1542 1398 10736 1537 1400 10737 1536 1393 10738 1543 1399 10739 1545 1402 10740 1546 1408 10741 1547 1403 10742 1545 1402 10743 1548 1404 10744 1550 1405 10745 1549 1406 10746 1551 1471 10747 1552 1407 10748 1546 1408 10749 1545 1402 10750 1552 1407 10751 1554 1410 10752 1555 1417 10753 1556 1411 10754 1554 1410 10755 1557 1412 10756 1559 1413 10757 1558 1414 10758 1560 1461 10759 1561 1415 10760 1554 1410 10761 1561 1415 10762 1562 1416 10763 1564 1418 10764 1565 1491 10765 1566 1419 10766 1563 1420 10767 1566 1419 10768 1568 1421 10769 1567 1422 10770 1569 1427 10771 1570 1423 10772 1563 1420 10773 1570 1423 10774 1571 1424 10775 1573 1425 10776 1571 1424 10777 1570 1423 10778 1572 1426 10779 1570 1423 10780 1569 1427 10781 1574 1428 10782 1575 1573 10783 1576 1429 10784 1572 1426 10785 1576 1429 10786 1577 1430 10787 1518 1375 10788 1517 1374 10789 1579 1431 10790 1580 1433 10791 1578 1432 10792 1579 1431 10793 1580 1433 10794 1582 1502 10795 1583 1435 10796 1578 1432 10797 1583 1435 10798 1520 1377 10799 1579 1431 10800 1517 1374 10801 1535 1392 10802 1584 1436 10803 1535 1392 10804 1534 1391 10805 1585 1437 10806 1586 1551 10807 1587 1438 10808 1584 1436 10809 1587 1438 10810 1581 1434 10811 1589 1439 10812 1590 1459 10813 1591 1440 10814 1592 1442 10815 1588 1441 10816 1591 1440 10817 1592 1442 10818 1594 1500 10819 1595 1444 10820 1588 1441 10821 1595 1444 10822 1596 1445 10823 1598 1446 10824 1599 1384 10825 1600 1447 10826 1597 1448 10827 1600 1447 10828 1602 1449 10829 1597 1448 10830 1601 1450 10831 1603 1451 10832 1597 1448 10833 1604 1452 10834 1605 1453 10835 1606 1454 10836 1540 1396 10837 1541 1397 10838 1606 1454 10839 1607 1455 10840 1547 1403 10841 1606 1454 10842 1546 1408 10843 1553 1409 10844 1540 1396 10845 1606 1454 10846 1608 1456 10847 1558 1414 10848 1559 1413 10849 1610 1457 10850 1609 1458 10851 1610 1457 10852 1590 1459 10853 1589 1439 10854 1596 1445 10855 1611 1460 10856 1609 1458 10857 1611 1460 10858 1560 1461 10859 1612 1462 10860 1613 1466 10861 1614 1463 10862 1543 1399 10863 1612 1462 10864 1615 1464 10865 1612 1462 10866 1543 1399 10867 1542 1398 10868 1613 1466 10869 1612 1462 10870 1616 1465 10871 1617 1467 10872 1522 1379 10873 1529 1386 10874 1608 1456 10875 1617 1467 10876 1616 1465 10877 1608 1456 10878 1553 1409 10879 1618 1468 10880 1617 1467 10881 1618 1468 10882 1523 1469 10883 1618 1468 10884 1553 1409 10885 1552 1407 10886 1619 1470 10887 1552 1407 10888 1551 1471 10889 1620 1472 10890 1526 1382 10891 1524 1380 10892 1619 1470 10893 1524 1380 10894 1523 1469 10895 1621 1473 10896 1622 1477 10897 1623 1474 10898 1561 1415 10899 1621 1473 10900 1624 1475 10901 1561 1415 10902 1560 1461 10903 1625 1476 10904 1621 1473 10905 1625 1476 10906 1602 1449 10907 1601 1450 10908 1602 1449 10909 1625 1476 10910 1626 1478 10911 1625 1476 10912 1560 1461 10913 1611 1460 10914 1596 1445 10915 1627 1479 10916 1626 1478 10917 1627 1479 10918 1603 1451 10919 1628 1480 10920 1627 1479 10921 1596 1445 10922 1628 1480 10923 1629 1481 10924 1631 1482 10925 1630 1483 10926 1605 1453 10927 1604 1452 10928 1627 1479 10929 1628 1480 10930 1604 1452 10931 1632 1484 10932 1633 1368 10933 1634 1369 10934 1632 1484 10935 1635 1485 10936 1571 1424 10937 1573 1425 10938 1577 1430 10939 1636 1486 10940 1632 1484 10941 1636 1486 10942 1637 1487 10943 1638 1488 10944 1639 1492 10945 1640 1489 10946 1638 1488 10947 1641 1490 10948 1565 1491 10949 1564 1418 10950 1571 1424 10951 1635 1485 10952 1639 1492 10953 1638 1488 10954 1635 1485 10955 1642 1493 10956 1643 1383 10957 1644 1382 10958 1622 1477 10959 1642 1493 10960 1645 1494 10961 1642 1493 10962 1622 1477 10963 1602 1449 10964 1642 1493 10965 1600 1447 10966 1599 1384 10967 1647 1406 10968 1648 1405 10969 1649 1495 10970 1646 1496 10971 1649 1495 10972 1556 1411 10973 1555 1417 10974 1562 1416 10975 1650 1497 10976 1647 1406 10977 1646 1496 10978 1650 1497 10979 1653 1498 10980 1631 1482 10981 1629 1481 10982 1595 1444 10983 1652 1499 10984 1629 1481 10985 1652 1499 10986 1595 1444 10987 1594 1500 10988 1653 1498 10989 1652 1499 10990 1654 1501 10991 1528 1385 10992 1527 1384 10993 1657 1446 10994 1656 1503 10995 1657 1446 10996 1659 1453 10997 1656 1503 10998 1658 1504 10999 1614 1463 11000 1656 1503 11001 1613 1466 11002 1529 1386 11003 1645 1494 11004 1644 1382 11005 1661 1472 11006 1660 1505 11007 1661 1472 11008 1651 1471 11009 1650 1497 11010 1562 1416 11011 1624 1475 11012 1660 1505 11013 1624 1475 11014 1623 1474 11015 1658 1504 11016 1659 1453 11017 1663 1483 11018 1662 1506 11019 1663 1483 11020 1665 1482 11021 1662 1506 11022 1664 1507 11023 1544 1401 11024 1658 1504 11025 1662 1506 11026 1615 1464 11027 1666 1368 11028 1510 1368 11029 1511 1369 11030 1633 1368 11031 1666 1368 11032 1667 1369 11033 1633 1368 11034 1637 1487 11035 1668 1487 11036 1666 1368 11037 1668 1487 11038 1512 1487 11039 1667 1369 11040 1511 1369 11041 1519 1376 11042 1669 1492 11043 1519 1376 11044 1520 1377 11045 1670 1377 11046 1640 1489 11047 1639 1492 11048 1669 1492 11049 1639 1492 11050 1634 1369 11051 1672 1384 11052 1527 1384 11053 1525 1383 11054 1671 1383 11055 1525 1383 11056 1526 1382 11057 1673 1382 11058 1644 1382 11059 1643 1383 11060 1672 1384 11061 1671 1383 11062 1643 1383 11063 1675 1471 11064 1551 1471 11065 1549 1406 11066 1676 1405 11067 1674 1406 11068 1549 1406 11069 1674 1406 11070 1676 1405 11071 1648 1405 11072 1674 1406 11073 1647 1406 11074 1651 1471 11075 1677 1498 11076 1678 1498 11077 1665 1482 11078 1677 1498 11079 1679 1482 11080 1631 1482 11081 1677 1498 11082 1653 1498 11083 1655 1502 11084 1678 1498 11085 1677 1498 11086 1680 1502 11087 1681 1446 11088 1672 1384 11089 1599 1384 11090 1682 1453 11091 1681 1446 11092 1598 1446 11093 1682 1453 11094 1659 1453 11095 1657 1446 11096 1681 1446 11097 1657 1446 11098 1527 1384 11099 1673 1382 11100 1526 1382 11101 1620 1472 11102 1683 1472 11103 1620 1472 11104 1551 1471 11105 1675 1471 11106 1651 1471 11107 1661 1472 11108 1683 1472 11109 1661 1472 11110 1644 1382 11111 1684 1483 11112 1682 1453 11113 1605 1453 11114 1679 1482 11115 1684 1483 11116 1630 1483 11117 1679 1482 11118 1665 1482 11119 1663 1483 11120 1684 1483 11121 1663 1483 11122 1659 1453 11123 1686 1508 11124 1687 1586 11125 1688 1509 11126 1685 1510 11127 1688 1509 11128 1690 1511 11129 1689 1512 11130 1514 1372 11131 1691 1513 11132 1685 1510 11133 1691 1513 11134 1692 1514 11135 1694 1812 11136 1695 1812 11137 1696 1812 11138 1693 1813 11139 1696 1813 11140 1698 1813 11141 1697 1814 11142 1699 1814 11143 1700 1814 11144 1693 1815 11145 1700 1815 11146 1701 1815 11147 1703 1519 11148 1704 1520 11149 1705 1520 11150 1702 1519 11151 1705 1520 11152 1707 1520 11153 1706 1519 11154 1708 1521 11155 1709 1521 11156 1702 1519 11157 1709 1521 11158 1710 1521 11159 1712 1522 11160 1710 1521 11161 1709 1521 11162 1711 1522 11163 1709 1521 11164 1708 1521 11165 1713 1522 11166 1714 1523 11167 1715 1523 11168 1711 1522 11169 1715 1523 11170 1716 1523 11171 1718 1524 11172 1719 1525 11173 1720 1525 11174 1717 1524 11175 1720 1525 11176 1722 1525 11177 1721 1524 11178 1723 1526 11179 1724 1526 11180 1717 1524 11181 1724 1526 11182 1725 1526 11183 1697 1527 11184 1698 1588 11185 1727 1528 11186 1726 1529 11187 1727 1528 11188 1729 1530 11189 1728 1531 11190 1575 1573 11191 1730 1532 11192 1726 1529 11193 1730 1532 11194 1699 1533 11195 1732 1534 11196 1704 1520 11197 1733 1535 11198 1734 1537 11199 1731 1536 11200 1733 1535 11201 1731 1536 11202 1734 1537 11203 1690 1511 11204 1731 1536 11205 1735 1538 11206 1701 1533 11207 1706 1519 11208 1707 1520 11209 1737 1539 11210 1736 1540 11211 1737 1539 11212 1569 1427 11213 1567 1422 11214 1568 1421 11215 1738 1541 11216 1736 1540 11217 1738 1541 11218 1708 1521 11219 1703 1519 11220 1710 1521 11221 1740 1542 11222 1739 1543 11223 1740 1542 11224 1534 1391 11225 1739 1543 11226 1532 1389 11227 1533 1390 11228 1739 1543 11229 1733 1535 11230 1704 1520 11231 1713 1522 11232 1708 1521 11233 1738 1541 11234 1742 1545 11235 1741 1544 11236 1738 1541 11237 1741 1544 11238 1742 1545 11239 1593 1443 11240 1741 1544 11241 1743 1546 11242 1714 1523 11243 1745 1547 11244 1719 1525 11245 1746 1548 11246 1747 1550 11247 1744 1549 11248 1746 1548 11249 1744 1549 11250 1747 1550 11251 1586 1551 11252 1744 1549 11253 1748 1552 11254 1716 1523 11255 1721 1524 11256 1722 1525 11257 1750 1553 11258 1610 1457 11259 1749 1554 11260 1750 1553 11261 1749 1554 11262 1610 1457 11263 1559 1413 11264 1749 1554 11265 1751 1555 11266 1723 1526 11267 1718 1524 11268 1725 1526 11269 1753 1556 11270 1752 1557 11271 1753 1556 11272 1541 1397 11273 1539 1395 11274 1538 1394 11275 1746 1548 11276 1752 1557 11277 1746 1548 11278 1719 1525 11279 1755 1558 11280 1550 1405 11281 1548 1404 11282 1607 1455 11283 1754 1559 11284 1548 1404 11285 1607 1455 11286 1541 1397 11287 1753 1556 11288 1754 1559 11289 1753 1556 11290 1725 1526 11291 1757 1558 11292 1723 1526 11293 1751 1555 11294 1557 1412 11295 1756 1560 11296 1751 1555 11297 1557 1412 11298 1556 1411 11299 1649 1495 11300 1756 1560 11301 1649 1495 11302 1648 1405 11303 1755 1558 11304 1725 1526 11305 1724 1526 11306 1758 1558 11307 1724 1526 11308 1723 1526 11309 1757 1558 11310 1648 1405 11311 1676 1405 11312 1758 1558 11313 1676 1405 11314 1550 1405 11315 1759 1561 11316 1580 1433 11317 1581 1434 11318 1664 1507 11319 1759 1561 11320 1760 1562 11321 1664 1507 11322 1665 1482 11323 1678 1498 11324 1759 1561 11325 1678 1498 11326 1582 1502 11327 1760 1562 11328 1581 1434 11329 1587 1438 11330 1747 1550 11331 1761 1563 11332 1587 1438 11333 1747 1550 11334 1538 1394 11335 1537 1400 11336 1761 1563 11337 1537 1400 11338 1544 1401 11339 1592 1442 11340 1593 1443 11341 1742 1545 11342 1762 1564 11343 1742 1545 11344 1568 1421 11345 1566 1419 11346 1565 1491 11347 1763 1565 11348 1762 1564 11349 1763 1565 11350 1594 1500 11351 1654 1501 11352 1594 1500 11353 1763 1565 11354 1764 1566 11355 1763 1565 11356 1565 1491 11357 1641 1490 11358 1640 1489 11359 1765 1435 11360 1764 1566 11361 1765 1435 11362 1655 1502 11363 1680 1502 11364 1655 1502 11365 1765 1435 11366 1766 1435 11367 1765 1435 11368 1640 1489 11369 1670 1377 11370 1520 1377 11371 1583 1435 11372 1766 1435 11373 1583 1435 11374 1582 1502 11375 1767 1547 11376 1715 1523 11377 1714 1523 11378 1767 1547 11379 1768 1547 11380 1722 1525 11381 1720 1525 11382 1719 1525 11383 1745 1547 11384 1715 1523 11385 1767 1547 11386 1745 1547 11387 1769 1567 11388 1743 1546 11389 1593 1443 11390 1750 1553 11391 1769 1567 11392 1591 1440 11393 1750 1553 11394 1722 1525 11395 1768 1547 11396 1743 1546 11397 1769 1567 11398 1768 1547 11399 1770 1568 11400 1748 1552 11401 1586 1551 11402 1740 1542 11403 1770 1568 11404 1585 1437 11405 1770 1568 11406 1740 1542 11407 1710 1521 11408 1748 1552 11409 1770 1568 11410 1712 1522 11411 1771 1569 11412 1691 1513 11413 1514 1372 11414 1771 1569 11415 1513 1370 11416 1512 1487 11417 1772 529 11418 1773 1578 11419 1774 1570 11420 1691 1513 11421 1771 1569 11422 1774 1570 11423 1776 1571 11424 1577 1430 11425 1576 1429 11426 1775 1572 11427 1576 1429 11428 1575 1573 11429 1728 1531 11430 1729 1530 11431 1777 1574 11432 1775 1572 11433 1777 1574 11434 1778 1575 11435 1780 529 11436 1637 1487 11437 1636 1486 11438 1779 1576 11439 1636 1486 11440 1577 1430 11441 1776 1571 11442 1778 1575 11443 1781 1577 11444 1779 1576 11445 1781 1577 11446 1782 1578 11447 1772 1816 11448 1512 1816 11449 1668 1816 11450 1783 1580 11451 1668 1580 11452 1637 1580 11453 1780 1817 11454 1782 1817 11455 1784 1817 11456 1783 1818 11457 1784 1818 11458 1773 1818 11459 1785 1583 11460 1507 1371 11461 1514 1372 11462 1734 1537 11463 1785 1583 11464 1689 1512 11465 1785 1583 11466 1734 1537 11467 1533 1390 11468 1507 1371 11469 1785 1583 11470 1531 1388 11471 1732 1534 11472 1701 1533 11473 1700 1533 11474 1786 1534 11475 1700 1533 11476 1699 1533 11477 1787 1534 11478 1707 1520 11479 1705 1520 11480 1786 1534 11481 1705 1520 11482 1704 1520 11483 1787 1534 11484 1699 1533 11485 1730 1532 11486 1788 1584 11487 1730 1532 11488 1575 1573 11489 1574 1428 11490 1569 1427 11491 1737 1539 11492 1788 1584 11493 1737 1539 11494 1707 1520 11495 1694 1527 11496 1701 1533 11497 1735 1538 11498 1688 1509 11499 1789 1585 11500 1735 1538 11501 1789 1585 11502 1688 1509 11503 1687 1586 11504 1789 1585 11505 1790 1587 11506 1695 1588 11507 1791 1589 11508 1792 1595 11509 1793 1590 11510 1795 1592 11511 1791 1589 11512 1794 1591 11513 1795 1592 11514 1797 1709 11515 1798 1594 11516 1792 1595 11517 1791 1589 11518 1798 1594 11519 1800 1597 11520 1801 1601 11521 1802 1598 11522 1792 1595 11523 1800 1597 11524 1803 1599 11525 1800 1597 11526 1792 1595 11527 1799 1596 11528 1801 1601 11529 1800 1597 11530 1804 1600 11531 1807 1603 11532 1808 1692 11533 1809 1604 11534 1806 1605 11535 1809 1604 11536 1811 1606 11537 1806 1605 11538 1810 1607 11539 1812 1608 11540 1806 1605 11541 1813 1609 11542 1814 1610 11543 1815 1611 11544 1816 1615 11545 1793 1590 11546 1817 1612 11547 1815 1611 11548 1803 1599 11549 1815 1611 11550 1817 1612 11551 1818 1613 11552 1816 1615 11553 1815 1611 11554 1819 1614 11555 1821 1617 11556 1822 1624 11557 1823 1618 11558 1825 1620 11559 1821 1617 11560 1824 1619 11561 1821 1617 11562 1825 1620 11563 1827 1622 11564 1822 1624 11565 1821 1617 11566 1828 1623 11567 1830 1626 11568 1831 1633 11569 1832 1627 11570 1834 1629 11571 1830 1626 11572 1833 1628 11573 1834 1629 11574 1836 1696 11575 1837 1631 11576 1830 1626 11577 1837 1631 11578 1838 1632 11579 1839 1634 11580 1840 1641 11581 1841 1635 11582 1839 1634 11583 1842 1636 11584 1844 1637 11585 1843 1638 11586 1845 1683 11587 1846 1639 11588 1839 1634 11589 1846 1639 11590 1847 1640 11591 1849 1642 11592 1850 1713 11593 1851 1643 11594 1848 1644 11595 1851 1643 11596 1853 1645 11597 1852 1646 11598 1854 1654 11599 1855 1647 11600 1848 1644 11601 1855 1647 11602 1856 1648 11603 1852 1646 11604 1853 1645 11605 1858 1649 11606 1857 1650 11607 1858 1649 11608 1860 1651 11609 1859 1652 11610 1861 1791 11611 1862 1653 11612 1857 1650 11613 1862 1653 11614 1854 1654 11615 1864 1655 11616 1802 1598 11617 1801 1601 11618 1863 1656 11619 1801 1601 11620 1805 1602 11621 1865 1657 11622 1866 1723 11623 1867 1658 11624 1864 1655 11625 1863 1656 11626 1867 1658 11627 1817 1612 11628 1802 1598 11629 1864 1655 11630 1869 1660 11631 1864 1655 11632 1868 1659 11633 1870 1661 11634 1871 1769 11635 1872 1662 11636 1869 1660 11637 1872 1662 11638 1818 1613 11639 1874 1663 11640 1875 1685 11641 1876 1664 11642 1873 1665 11643 1876 1664 11644 1878 1666 11645 1877 1667 11646 1879 1724 11647 1880 1668 11648 1874 1663 11649 1873 1665 11650 1880 1668 11651 1883 1670 11652 1884 1608 11653 1885 1671 11654 1882 1672 11655 1885 1671 11656 1887 1673 11657 1882 1672 11658 1886 1674 11659 1888 1675 11660 1882 1672 11661 1889 1676 11662 1890 1677 11663 1891 1678 11664 1892 1680 11665 1829 1625 11666 1893 1679 11667 1891 1678 11668 1828 1623 11669 1891 1678 11670 1893 1679 11671 1835 1630 11672 1891 1678 11673 1833 1628 11674 1832 1627 11675 1895 1681 11676 1847 1640 11677 1846 1639 11678 1894 1682 11679 1846 1639 11680 1845 1683 11681 1896 1684 11682 1878 1666 11683 1876 1664 11684 1894 1682 11685 1876 1664 11686 1875 1685 11687 1897 1686 11688 1898 1690 11689 1899 1687 11690 1901 1689 11691 1897 1686 11692 1900 1688 11693 1897 1686 11694 1901 1689 11695 1827 1622 11696 1898 1690 11697 1897 1686 11698 1825 1620 11699 1902 1691 11700 1901 1689 11701 1811 1606 11702 1902 1691 11703 1809 1604 11704 1808 1692 11705 1903 1693 11706 1835 1630 11707 1893 1679 11708 1901 1689 11709 1902 1691 11710 1893 1679 11711 1834 1629 11712 1835 1630 11713 1903 1693 11714 1904 1694 11715 1903 1693 11716 1808 1692 11717 1807 1603 11718 1814 1610 11719 1905 1695 11720 1904 1694 11721 1905 1695 11722 1836 1696 11723 1906 1697 11724 1907 1701 11725 1908 1698 11726 1906 1697 11727 1909 1699 11728 1890 1677 11729 1910 1700 11730 1845 1683 11731 1843 1638 11732 1907 1701 11733 1906 1697 11734 1843 1638 11735 1910 1700 11736 1890 1677 11737 1889 1676 11738 1911 1702 11739 1889 1676 11740 1888 1675 11741 1912 1703 11742 1878 1666 11743 1896 1684 11744 1911 1702 11745 1896 1684 11746 1845 1683 11747 1913 1704 11748 1914 1707 11749 1878 1666 11750 1886 1674 11751 1913 1704 11752 1912 1703 11753 1886 1674 11754 1887 1673 11755 1915 1705 11756 1913 1704 11757 1915 1705 11758 1916 1706 11759 1917 1708 11760 1918 1711 11761 1919 1596 11762 1917 1708 11763 1920 1594 11764 1922 1709 11765 1921 1710 11766 1860 1651 11767 1858 1649 11768 1917 1708 11769 1858 1649 11770 1853 1645 11771 1923 1712 11772 1924 1714 11773 1925 1602 11774 1918 1711 11775 1923 1712 11776 1926 1600 11777 1918 1711 11778 1853 1645 11779 1851 1643 11780 1923 1712 11781 1851 1643 11782 1850 1713 11783 1927 1715 11784 1928 1716 11785 1929 1610 11786 1927 1715 11787 1930 1609 11788 1884 1608 11789 1927 1715 11790 1883 1670 11791 1890 1677 11792 1928 1716 11793 1927 1715 11794 1909 1699 11795 1932 1717 11796 1933 1632 11797 1934 1631 11798 1935 1719 11799 1931 1718 11800 1934 1631 11801 1935 1719 11802 1844 1637 11803 1842 1636 11804 1931 1718 11805 1842 1636 11806 1841 1635 11807 1914 1707 11808 1916 1706 11809 1938 1720 11810 1939 1722 11811 1937 1721 11812 1938 1720 11813 1937 1721 11814 1939 1722 11815 1879 1724 11816 1914 1707 11817 1937 1721 11818 1877 1667 11819 1942 1671 11820 1812 1608 11821 1810 1607 11822 1941 1725 11823 1810 1607 11824 1811 1606 11825 1941 1725 11826 1900 1688 11827 1899 1687 11828 1941 1725 11829 1943 1726 11830 1944 1673 11831 1946 1695 11832 1929 1610 11833 1928 1716 11834 1945 1727 11835 1928 1716 11836 1908 1698 11837 1907 1701 11838 1844 1637 11839 1935 1719 11840 1945 1727 11841 1935 1719 11842 1936 1696 11843 1948 1705 11844 1944 1673 11845 1943 1726 11846 1898 1690 11847 1947 1728 11848 1943 1726 11849 1947 1728 11850 1898 1690 11851 1826 1621 11852 1947 1728 11853 1949 1729 11854 1950 1706 11855 1951 1594 11856 1952 1596 11857 1799 1596 11858 1951 1594 11859 1798 1594 11860 1797 1709 11861 1953 1709 11862 1922 1709 11863 1920 1594 11864 1952 1596 11865 1951 1594 11866 1920 1594 11867 1804 1600 11868 1799 1596 11869 1952 1596 11870 1954 1600 11871 1952 1596 11872 1919 1596 11873 1926 1600 11874 1925 1602 11875 1955 1602 11876 1954 1600 11877 1955 1602 11878 1805 1602 11879 1813 1609 11880 1812 1608 11881 1957 1608 11882 1930 1609 11883 1956 1609 11884 1957 1608 11885 1930 1609 11886 1929 1610 11887 1958 1610 11888 1956 1609 11889 1958 1610 11890 1814 1610 11891 1837 1631 11892 1836 1696 11893 1960 1696 11894 1959 1631 11895 1960 1696 11896 1936 1696 11897 1959 1631 11898 1934 1631 11899 1933 1632 11900 1837 1631 11901 1959 1631 11902 1961 1632 11903 1962 1720 11904 1963 1706 11905 1950 1706 11906 1965 1723 11907 1962 1720 11908 1964 1720 11909 1962 1720 11910 1965 1723 11911 1940 1723 11912 1962 1720 11913 1938 1720 11914 1916 1706 11915 1966 1671 11916 1885 1671 11917 1884 1608 11918 1966 1671 11919 1957 1608 11920 1812 1608 11921 1942 1671 11922 1944 1673 11923 1967 1673 11924 1885 1671 11925 1966 1671 11926 1967 1673 11927 1905 1695 11928 1814 1610 11929 1958 1610 11930 1968 1695 11931 1958 1610 11932 1929 1610 11933 1946 1695 11934 1936 1696 11935 1960 1696 11936 1968 1695 11937 1960 1696 11938 1836 1696 11939 1969 1705 11940 1915 1705 11941 1887 1673 11942 1969 1705 11943 1967 1673 11944 1944 1673 11945 1948 1705 11946 1950 1706 11947 1963 1706 11948 1915 1705 11949 1969 1705 11950 1963 1706 11951 1971 1730 11952 1687 1586 11953 1686 1508 11954 1970 1731 11955 1686 1508 11956 1692 1514 11957 1972 1732 11958 1796 1593 11959 1973 1733 11960 1970 1731 11961 1973 1733 11962 1974 1734 11963 1696 1819 11964 1695 1819 11965 1976 1819 11966 1975 1820 11967 1976 1820 11968 1978 1820 11969 1977 1821 11970 1979 1821 11971 1980 1821 11972 1975 1822 11973 1980 1822 11974 1698 1822 11975 1982 1739 11976 1983 1739 11977 1984 1740 11978 1981 1740 11979 1984 1740 11980 1986 1741 11981 1985 1741 11982 1987 1741 11983 1988 1740 11984 1981 1740 11985 1988 1740 11986 1989 1739 11987 1985 1741 11988 1986 1741 11989 1991 1742 11990 1990 1742 11991 1991 1742 11992 1993 1743 11993 1992 1743 11994 1994 1743 11995 1995 1742 11996 1990 1742 11997 1995 1742 11998 1987 1741 11999 1997 1744 12000 1998 1744 12001 1999 1745 12002 1996 1745 12003 1999 1745 12004 2001 1746 12005 2000 1746 12006 2002 1746 12007 2003 1745 12008 1996 1745 12009 2003 1745 12010 2004 1744 12011 1727 1528 12012 1698 1588 12013 1980 1747 12014 2005 1748 12015 1980 1747 12016 1979 1749 12017 2006 1750 12018 1861 1791 12019 2007 1751 12020 2005 1748 12021 2007 1751 12022 1729 1530 12023 2009 1752 12024 1983 1739 12025 2010 1753 12026 2008 1754 12027 2010 1753 12028 1978 1749 12029 2008 1754 12030 2011 1755 12031 1974 1734 12032 2009 1752 12033 2008 1754 12034 2012 1756 12035 2014 1757 12036 1989 1739 12037 1988 1740 12038 2013 1758 12039 1988 1740 12040 1987 1741 12041 2015 1759 12042 1856 1648 12043 1855 1647 12044 2013 1758 12045 1855 1647 12046 1854 1654 12047 2017 1760 12048 1986 1741 12049 1984 1740 12050 2016 1761 12051 1984 1740 12052 1983 1739 12053 2016 1761 12054 2009 1752 12055 1820 1616 12056 2016 1761 12057 1819 1614 12058 1818 1613 12059 2015 1759 12060 1987 1741 12061 1995 1742 12062 2018 1762 12063 1995 1742 12064 1994 1743 12065 2018 1762 12066 2019 1763 12067 1881 1669 12068 2015 1759 12069 2018 1762 12070 2020 1764 12071 2022 1765 12072 1998 1744 12073 2023 1766 12074 2021 1767 12075 2023 1766 12076 1993 1743 12077 2021 1767 12078 2024 1768 12079 1871 1769 12080 2022 1765 12081 2021 1767 12082 2025 1770 12083 2027 1771 12084 2004 1744 12085 2003 1745 12086 2026 1772 12087 2003 1745 12088 2002 1746 12089 2026 1772 12090 2028 1773 12091 1847 1640 12092 2027 1771 12093 2026 1772 12094 1895 1681 12095 2030 1774 12096 2001 1746 12097 1999 1745 12098 2029 1775 12099 1999 1745 12100 1998 1744 12101 2022 1765 12102 1823 1618 12103 1822 1624 12104 2029 1775 12105 1822 1624 12106 1829 1625 12107 1831 1633 12108 1838 1632 12109 2032 1776 12110 2031 1777 12111 2032 1776 12112 2001 1746 12113 2030 1774 12114 1829 1625 12115 1892 1680 12116 1831 1633 12117 2031 1777 12118 1892 1680 12119 2028 1773 12120 2002 1746 12121 2034 1776 12122 2033 1778 12123 2034 1776 12124 1933 1632 12125 1932 1717 12126 1841 1635 12127 1840 1641 12128 2028 1773 12129 2033 1778 12130 1840 1641 12131 2000 1746 12132 2001 1746 12133 2032 1776 12134 2035 1776 12135 2032 1776 12136 1838 1632 12137 1961 1632 12138 1933 1632 12139 2034 1776 12140 2035 1776 12141 2034 1776 12142 2002 1746 12143 2036 1779 12144 2037 1780 12145 1868 1659 12146 2036 1779 12147 1867 1658 12148 1866 1723 12149 1964 1720 12150 1950 1706 12151 1949 1729 12152 2037 1780 12153 2036 1779 12154 1949 1729 12155 1870 1661 12156 1868 1659 12157 2037 1780 12158 2038 1781 12159 2037 1780 12160 1826 1621 12161 1824 1619 12162 1823 1618 12163 2025 1770 12164 1870 1661 12165 2038 1781 12166 2025 1770 12167 2020 1764 12168 1881 1669 12169 1880 1668 12170 2039 1782 12171 1880 1668 12172 1879 1724 12173 2040 1783 12174 1850 1713 12175 1849 1642 12176 2039 1782 12177 1849 1642 12178 1856 1648 12179 2040 1783 12180 1879 1724 12181 1939 1722 12182 2041 1784 12183 1939 1722 12184 1940 1723 12185 2042 1657 12186 1925 1602 12187 1924 1714 12188 2041 1784 12189 1924 1714 12190 1850 1713 12191 2042 1657 12192 1940 1723 12193 1965 1723 12194 2043 1657 12195 1965 1723 12196 1866 1723 12197 1865 1657 12198 1805 1602 12199 1955 1602 12200 2043 1657 12201 1955 1602 12202 1925 1602 12203 2044 1766 12204 2045 1766 12205 1994 1743 12206 2023 1766 12207 2044 1766 12208 1992 1743 12209 2023 1766 12210 1998 1744 12211 1997 1744 12212 2044 1766 12213 1997 1744 12214 2004 1744 12215 2046 1785 12216 1874 1663 12217 1881 1669 12218 2045 1766 12219 2046 1785 12220 2019 1763 12221 2045 1766 12222 2004 1744 12223 2027 1771 12224 1874 1663 12225 2046 1785 12226 2027 1771 12227 2047 1786 12228 1872 1662 12229 1871 1769 12230 1991 1742 12231 2047 1786 12232 2024 1768 12233 2047 1786 12234 1991 1742 12235 1986 1741 12236 1872 1662 12237 2047 1786 12238 2017 1760 12239 2048 1787 12240 1795 1592 12241 1796 1593 12242 1774 1570 12243 2048 1787 12244 1972 1732 12245 1774 1570 12246 1773 1578 12247 2049 1788 12248 2048 1787 12249 2049 1788 12250 1797 1709 12251 1859 1652 12252 1860 1651 12253 2051 1789 12254 2050 1790 12255 2051 1789 12256 1778 1575 12257 1777 1574 12258 1729 1530 12259 2007 1751 12260 2050 1790 12261 2007 1751 12262 1861 1791 12263 1921 1710 12264 1922 1709 12265 2053 1788 12266 2052 1792 12267 2053 1788 12268 1782 1578 12269 1781 1577 12270 1778 1575 12271 2051 1789 12272 2052 1792 12273 2051 1789 12274 1860 1651 12275 1953 1823 12276 1797 1823 12277 2049 1823 12278 2054 1824 12279 2049 1824 12280 1773 1824 12281 1784 1825 12282 1782 1825 12283 2053 1825 12284 2054 1826 12285 2053 1826 12286 1922 1826 12287 2055 1797 12288 1973 1733 12289 1796 1593 12290 1816 1615 12291 2055 1797 12292 1794 1591 12293 2055 1797 12294 1816 1615 12295 1820 1616 12296 1973 1733 12297 2055 1797 12298 2012 1756 12299 1977 1749 12300 1978 1749 12301 2010 1753 12302 2056 1798 12303 2010 1753 12304 1983 1739 12305 1982 1739 12306 1989 1739 12307 2057 1798 12308 2056 1798 12309 2057 1798 12310 1979 1749 12311 2006 1750 12312 1979 1749 12313 2057 1798 12314 2058 1799 12315 2057 1798 12316 1989 1739 12317 2014 1757 12318 1854 1654 12319 1862 1653 12320 2058 1799 12321 1862 1653 12322 1861 1791 12323 2011 1755 12324 1978 1749 12325 1976 1747 12326 2059 1800 12327 1976 1747 12328 1695 1588 12329 2059 1800 12330 1790 1587 12331 1687 1586 12332 2011 1755 12333 2059 1800 12334 1971 1730 12335</p>
        </polylist>
      </mesh>
    </geometry>
  </library_geometries>
  <library_controllers/>
  <library_visual_scenes>
    <visual_scene id="Scene" name="Scene">
      <node id="Camera" name="Camera" type="NODE">
        <matrix sid="transform">0.6859207 -0.3240135 0.6515582 7.481132 0.7276763 0.3054208 -0.6141704 -6.50764 0 0.8953956 0.4452714 5.343665 0 0 0 1</matrix>
        <instance_camera url="#Camera-camera"/>
      </node>
      <node id="Lamp" name="Lamp" type="NODE">
        <matrix sid="transform">-0.2908646 -0.7711008 0.5663932 4.076245 0.9551712 -0.1998834 0.2183912 1.005454 -0.05518906 0.6045247 0.7946723 5.903862 0 0 0 1</matrix>
        <instance_light url="#Lamp-light"/>
      </node>
      <node id="Camera_001" name="Camera_001" type="NODE">
        <matrix sid="transform">0.6859207 -0.3240134 0.6515582 7.481132 0.7276763 0.3054208 -0.6141704 -6.50764 -4.01133e-9 0.8953956 0.4452714 5.343665 0 0 0 1</matrix>
        <instance_camera url="#Camera_001-camera"/>
      </node>
      <node id="Lamp_001" name="Lamp_001" type="NODE">
        <matrix sid="transform">-0.2908646 -0.7711008 0.5663933 4.076245 0.9551712 -0.1998833 0.2183912 1.005454 -0.05518906 0.6045247 0.7946723 5.903862 0 0 0 1</matrix>
        <instance_light url="#Lamp_001-light"/>
      </node>
      <node id="Camera_001" name="Camera_001" type="NODE">
        <matrix sid="transform">0.6859208 -0.3240134 0.6515582 7.481132 0.7276763 0.3054209 -0.6141704 -6.50764 -3.28323e-8 0.8953955 0.4452714 5.343665 0 0 0 1</matrix>
        <instance_camera url="#Camera_001-camera"/>
      </node>
      <node id="Lamp_001" name="Lamp_001" type="NODE">
        <matrix sid="transform">-0.2908646 -0.7711008 0.5663933 4.076245 0.9551712 -0.1998833 0.2183912 1.005454 -0.0551891 0.6045247 0.7946723 5.903862 0 0 0 1</matrix>
        <instance_light url="#Lamp_001-light"/>
      </node>
      <node id="wheel_front_left_caliper_brakedisk" name="wheel_front_left_caliper_brakedisk" type="NODE">
        <matrix sid="transform">1 0 0 -1.49012e-8 0 -4.37114e-8 -1 0.06512988 0 1 -4.37114e-8 0.1680035 0 0 0 1</matrix>
        <instance_geometry url="#wheel_front_left_caliper_brakedisk-mesh" name="wheel_front_left_caliper_brakedisk">
          <bind_material>
            <technique_common>
              <instance_material symbol="black-material" target="#black-material"/>
            </technique_common>
          </bind_material>
        </instance_geometry>
      </node>
    </visual_scene>
  </library_visual_scenes>
  <scene>
    <instance_visual_scene url="#Scene"/>
  </scene>
</COLLADA>