<?xml version="1.0" encoding="utf-8"?>
<COLLADA xmlns="http://www.collada.org/2005/11/COLLADASchema" version="1.4.1">
  <asset>
    <contributor>
      <author>Blender User</author>
      <authoring_tool>Blender 2.78.0 commit date:2017-02-24, commit time:14:33, hash:e92f2352830</authoring_tool>
    </contributor>
    <created>2022-03-15T17:08:06</created>
    <modified>2022-03-15T17:08:06</modified>
    <unit name="meter" meter="1"/>
    <up_axis>Z_UP</up_axis>
  </asset>
  <library_cameras>
    <camera id="Camera-camera" name="Camera">
      <optics>
        <technique_common>
          <perspective>
            <xfov sid="xfov">49.13434</xfov>
            <aspect_ratio>1.777778</aspect_ratio>
            <znear sid="znear">0.1</znear>
            <zfar sid="zfar">100</zfar>
          </perspective>
        </technique_common>
      </optics>
      <extra>
        <technique profile="blender">
          <YF_dofdist>0</YF_dofdist>
          <shiftx>0</shiftx>
          <shifty>0</shifty>
        </technique>
      </extra>
    </camera>
  </library_cameras>
  <library_lights>
    <light id="Lamp-light" name="Lamp">
      <technique_common>
        <point>
          <color sid="color">1 1 1</color>
          <constant_attenuation>1</constant_attenuation>
          <linear_attenuation>0</linear_attenuation>
          <quadratic_attenuation>0.00111109</quadratic_attenuation>
        </point>
      </technique_common>
      <extra>
        <technique profile="blender">
          <adapt_thresh>9.99987e-4</adapt_thresh>
          <area_shape>1</area_shape>
          <area_size>0.1</area_size>
          <area_sizey>0.1</area_sizey>
          <area_sizez>1</area_sizez>
          <atm_distance_factor>1</atm_distance_factor>
          <atm_extinction_factor>1</atm_extinction_factor>
          <atm_turbidity>2</atm_turbidity>
          <att1>0</att1>
          <att2>1</att2>
          <backscattered_light>1</backscattered_light>
          <bias>1</bias>
          <blue>1</blue>
          <buffers>1</buffers>
          <bufflag>0</bufflag>
          <bufsize>2880</bufsize>
          <buftype>2</buftype>
          <clipend>30.002</clipend>
          <clipsta>1.000799</clipsta>
          <compressthresh>0.04999995</compressthresh>
          <dist sid="blender_dist">29.99998</dist>
          <energy sid="blender_energy">1</energy>
          <falloff_type>2</falloff_type>
          <filtertype>0</filtertype>
          <flag>0</flag>
          <gamma sid="blender_gamma">1</gamma>
          <green>1</green>
          <halo_intensity sid="blnder_halo_intensity">1</halo_intensity>
          <horizon_brightness>1</horizon_brightness>
          <mode>8192</mode>
          <ray_samp>1</ray_samp>
          <ray_samp_method>1</ray_samp_method>
          <ray_samp_type>0</ray_samp_type>
          <ray_sampy>1</ray_sampy>
          <ray_sampz>1</ray_sampz>
          <red>1</red>
          <samp>3</samp>
          <shadhalostep>0</shadhalostep>
          <shadow_b sid="blender_shadow_b">0</shadow_b>
          <shadow_g sid="blender_shadow_g">0</shadow_g>
          <shadow_r sid="blender_shadow_r">0</shadow_r>
          <sky_colorspace>0</sky_colorspace>
          <sky_exposure>1</sky_exposure>
          <skyblendfac>1</skyblendfac>
          <skyblendtype>1</skyblendtype>
          <soft>3</soft>
          <spotblend>0.15</spotblend>
          <spotsize>75</spotsize>
          <spread>1</spread>
          <sun_brightness>1</sun_brightness>
          <sun_effect_type>0</sun_effect_type>
          <sun_intensity>1</sun_intensity>
          <sun_size>1</sun_size>
          <type>0</type>
        </technique>
      </extra>
    </light>
    <light id="Lamp_001-light" name="Lamp.001">
      <technique_common>
        <point>
          <color sid="color">1 1 1</color>
          <constant_attenuation>1</constant_attenuation>
          <linear_attenuation>0</linear_attenuation>
          <quadratic_attenuation>0.00111109</quadratic_attenuation>
        </point>
      </technique_common>
      <extra>
        <technique profile="blender">
          <adapt_thresh>9.99987e-4</adapt_thresh>
          <area_shape>1</area_shape>
          <area_size>0.1</area_size>
          <area_sizey>0.1</area_sizey>
          <area_sizez>1</area_sizez>
          <atm_distance_factor>1</atm_distance_factor>
          <atm_extinction_factor>1</atm_extinction_factor>
          <atm_turbidity>2</atm_turbidity>
          <att1>0</att1>
          <att2>1</att2>
          <backscattered_light>1</backscattered_light>
          <bias>1</bias>
          <blue>1</blue>
          <buffers>1</buffers>
          <bufflag>0</bufflag>
          <bufsize>2880</bufsize>
          <buftype>2</buftype>
          <clipend>30.002</clipend>
          <clipsta>1.000799</clipsta>
          <compressthresh>0.04999995</compressthresh>
          <dist sid="blender_dist">29.99998</dist>
          <energy sid="blender_energy">1</energy>
          <falloff_type>2</falloff_type>
          <filtertype>0</filtertype>
          <flag>0</flag>
          <gamma sid="blender_gamma">1</gamma>
          <green>1</green>
          <halo_intensity sid="blnder_halo_intensity">1</halo_intensity>
          <horizon_brightness>1</horizon_brightness>
          <mode>8192</mode>
          <ray_samp>1</ray_samp>
          <ray_samp_method>1</ray_samp_method>
          <ray_samp_type>0</ray_samp_type>
          <ray_sampy>1</ray_sampy>
          <ray_sampz>1</ray_sampz>
          <red>1</red>
          <samp>3</samp>
          <shadhalostep>0</shadhalostep>
          <shadow_b sid="blender_shadow_b">0</shadow_b>
          <shadow_g sid="blender_shadow_g">0</shadow_g>
          <shadow_r sid="blender_shadow_r">0</shadow_r>
          <sky_colorspace>0</sky_colorspace>
          <sky_exposure>1</sky_exposure>
          <skyblendfac>1</skyblendfac>
          <skyblendtype>1</skyblendtype>
          <soft>3</soft>
          <spotblend>0.15</spotblend>
          <spotsize>75</spotsize>
          <spread>1</spread>
          <sun_brightness>1</sun_brightness>
          <sun_effect_type>0</sun_effect_type>
          <sun_intensity>1</sun_intensity>
          <sun_size>1</sun_size>
          <type>0</type>
        </technique>
      </extra>
    </light>
    <light id="Lamp_002-light" name="Lamp.002">
      <technique_common>
        <point>
          <color sid="color">1 1 1</color>
          <constant_attenuation>1</constant_attenuation>
          <linear_attenuation>0</linear_attenuation>
          <quadratic_attenuation>0.00111109</quadratic_attenuation>
        </point>
      </technique_common>
      <extra>
        <technique profile="blender">
          <adapt_thresh>9.99987e-4</adapt_thresh>
          <area_shape>1</area_shape>
          <area_size>0.1</area_size>
          <area_sizey>0.1</area_sizey>
          <area_sizez>1</area_sizez>
          <atm_distance_factor>1</atm_distance_factor>
          <atm_extinction_factor>1</atm_extinction_factor>
          <atm_turbidity>2</atm_turbidity>
          <att1>0</att1>
          <att2>1</att2>
          <backscattered_light>1</backscattered_light>
          <bias>1</bias>
          <blue>1</blue>
          <buffers>1</buffers>
          <bufflag>0</bufflag>
          <bufsize>2880</bufsize>
          <buftype>2</buftype>
          <clipend>30.002</clipend>
          <clipsta>1.000799</clipsta>
          <compressthresh>0.04999995</compressthresh>
          <dist sid="blender_dist">29.99998</dist>
          <energy sid="blender_energy">1</energy>
          <falloff_type>2</falloff_type>
          <filtertype>0</filtertype>
          <flag>0</flag>
          <gamma sid="blender_gamma">1</gamma>
          <green>1</green>
          <halo_intensity sid="blnder_halo_intensity">1</halo_intensity>
          <horizon_brightness>1</horizon_brightness>
          <mode>8192</mode>
          <ray_samp>1</ray_samp>
          <ray_samp_method>1</ray_samp_method>
          <ray_samp_type>0</ray_samp_type>
          <ray_sampy>1</ray_sampy>
          <ray_sampz>1</ray_sampz>
          <red>1</red>
          <samp>3</samp>
          <shadhalostep>0</shadhalostep>
          <shadow_b sid="blender_shadow_b">0</shadow_b>
          <shadow_g sid="blender_shadow_g">0</shadow_g>
          <shadow_r sid="blender_shadow_r">0</shadow_r>
          <sky_colorspace>0</sky_colorspace>
          <sky_exposure>1</sky_exposure>
          <skyblendfac>1</skyblendfac>
          <skyblendtype>1</skyblendtype>
          <soft>3</soft>
          <spotblend>0.15</spotblend>
          <spotsize>75</spotsize>
          <spread>1</spread>
          <sun_brightness>1</sun_brightness>
          <sun_effect_type>0</sun_effect_type>
          <sun_intensity>1</sun_intensity>
          <sun_size>1</sun_size>
          <type>0</type>
        </technique>
      </extra>
    </light>
    <light id="Lamp_003-light" name="Lamp.003">
      <technique_common>
        <point>
          <color sid="color">1 1 1</color>
          <constant_attenuation>1</constant_attenuation>
          <linear_attenuation>0</linear_attenuation>
          <quadratic_attenuation>0.00111109</quadratic_attenuation>
        </point>
      </technique_common>
      <extra>
        <technique profile="blender">
          <adapt_thresh>9.99987e-4</adapt_thresh>
          <area_shape>1</area_shape>
          <area_size>0.1</area_size>
          <area_sizey>0.1</area_sizey>
          <area_sizez>1</area_sizez>
          <atm_distance_factor>1</atm_distance_factor>
          <atm_extinction_factor>1</atm_extinction_factor>
          <atm_turbidity>2</atm_turbidity>
          <att1>0</att1>
          <att2>1</att2>
          <backscattered_light>1</backscattered_light>
          <bias>1</bias>
          <blue>1</blue>
          <buffers>1</buffers>
          <bufflag>0</bufflag>
          <bufsize>2880</bufsize>
          <buftype>2</buftype>
          <clipend>30.002</clipend>
          <clipsta>1.000799</clipsta>
          <compressthresh>0.04999995</compressthresh>
          <dist sid="blender_dist">29.99998</dist>
          <energy sid="blender_energy">1</energy>
          <falloff_type>2</falloff_type>
          <filtertype>0</filtertype>
          <flag>0</flag>
          <gamma sid="blender_gamma">1</gamma>
          <green>1</green>
          <halo_intensity sid="blnder_halo_intensity">1</halo_intensity>
          <horizon_brightness>1</horizon_brightness>
          <mode>8192</mode>
          <ray_samp>1</ray_samp>
          <ray_samp_method>1</ray_samp_method>
          <ray_samp_type>0</ray_samp_type>
          <ray_sampy>1</ray_sampy>
          <ray_sampz>1</ray_sampz>
          <red>1</red>
          <samp>3</samp>
          <shadhalostep>0</shadhalostep>
          <shadow_b sid="blender_shadow_b">0</shadow_b>
          <shadow_g sid="blender_shadow_g">0</shadow_g>
          <shadow_r sid="blender_shadow_r">0</shadow_r>
          <sky_colorspace>0</sky_colorspace>
          <sky_exposure>1</sky_exposure>
          <skyblendfac>1</skyblendfac>
          <skyblendtype>1</skyblendtype>
          <soft>3</soft>
          <spotblend>0.15</spotblend>
          <spotsize>75</spotsize>
          <spread>1</spread>
          <sun_brightness>1</sun_brightness>
          <sun_effect_type>0</sun_effect_type>
          <sun_intensity>1</sun_intensity>
          <sun_size>1</sun_size>
          <type>0</type>
        </technique>
      </extra>
    </light>
  </library_lights>
  <library_images/>
  <library_effects>
    <effect id="Material_001-effect">
      <profile_COMMON>
        <technique sid="common">
          <phong>
            <emission>
              <color sid="emission">0 0 0 1</color>
            </emission>
            <ambient>
              <color sid="ambient">0 0 0 1</color>
            </ambient>
            <diffuse>
              <color sid="diffuse">0.768 0.768 0.688 1</color>
            </diffuse>
            <specular>
              <color sid="specular">0.25 0.25 0.25 1</color>
            </specular>
            <shininess>
              <float sid="shininess">50</float>
            </shininess>
            <index_of_refraction>
              <float sid="index_of_refraction">1</float>
            </index_of_refraction>
          </phong>
        </technique>
      </profile_COMMON>
    </effect>
    <effect id="black_001-effect">
      <profile_COMMON>
        <technique sid="common">
          <phong>
            <emission>
              <color sid="emission">0 0 0 1</color>
            </emission>
            <ambient>
              <color sid="ambient">0 0 0 1</color>
            </ambient>
            <diffuse>
              <color sid="diffuse">0.078431 0.078431 0.078431 1</color>
            </diffuse>
            <specular>
              <color sid="specular">0.1125 0.1125 0.1125 1</color>
            </specular>
            <shininess>
              <float sid="shininess">2</float>
            </shininess>
            <transparent opaque="A_ONE">
              <color>1 1 1 0</color>
            </transparent>
            <index_of_refraction>
              <float sid="index_of_refraction">1</float>
            </index_of_refraction>
          </phong>
        </technique>
      </profile_COMMON>
    </effect>
    <effect id="mattemetal_001-effect">
      <profile_COMMON>
        <technique sid="common">
          <phong>
            <emission>
              <color sid="emission">0 0 0 1</color>
            </emission>
            <ambient>
              <color sid="ambient">0 0 0 1</color>
            </ambient>
            <diffuse>
              <color sid="diffuse">0.827451 0.827451 0.827451 1</color>
            </diffuse>
            <specular>
              <color sid="specular">0.1305 0.1305 0.1305 1</color>
            </specular>
            <shininess>
              <float sid="shininess">3</float>
            </shininess>
            <transparent opaque="A_ONE">
              <color>1 1 1 0</color>
            </transparent>
            <index_of_refraction>
              <float sid="index_of_refraction">1</float>
            </index_of_refraction>
          </phong>
        </technique>
      </profile_COMMON>
    </effect>
    <effect id="tire_001-effect">
      <profile_COMMON>
        <technique sid="common">
          <phong>
            <emission>
              <color sid="emission">0 0 0 1</color>
            </emission>
            <ambient>
              <color sid="ambient">0 0 0 1</color>
            </ambient>
            <diffuse>
              <color sid="diffuse">0.105882 0.105882 0.105882 1</color>
            </diffuse>
            <specular>
              <color sid="specular">0.2565 0.2565 0.2565 1</color>
            </specular>
            <shininess>
              <float sid="shininess">3</float>
            </shininess>
            <transparent opaque="A_ONE">
              <color>1 1 1 0</color>
            </transparent>
            <index_of_refraction>
              <float sid="index_of_refraction">1</float>
            </index_of_refraction>
          </phong>
        </technique>
      </profile_COMMON>
    </effect>
    <effect id="rim_001-effect">
      <profile_COMMON>
        <technique sid="common">
          <phong>
            <emission>
              <color sid="emission">0 0 0 1</color>
            </emission>
            <ambient>
              <color sid="ambient">0 0 0 1</color>
            </ambient>
            <diffuse>
              <color sid="diffuse">0.678431 0.678431 0.678431 1</color>
            </diffuse>
            <specular>
              <color sid="specular">0.1665 0.1665 0.1665 1</color>
            </specular>
            <shininess>
              <float sid="shininess">4</float>
            </shininess>
            <transparent opaque="A_ONE">
              <color>1 1 1 0</color>
            </transparent>
            <index_of_refraction>
              <float sid="index_of_refraction">1</float>
            </index_of_refraction>
          </phong>
        </technique>
      </profile_COMMON>
    </effect>
    <effect id="Material-effect">
      <profile_COMMON>
        <newparam sid="trailer_jpg-surface">
          <surface type="2D">
            <init_from>trailer_jpg</init_from>
          </surface>
        </newparam>
        <newparam sid="trailer_jpg-sampler">
          <sampler2D>
            <source>trailer_jpg-surface</source>
          </sampler2D>
        </newparam>
        <technique sid="common">
          <phong>
            <emission>
              <color sid="emission">0 0 0 1</color>
            </emission>
            <ambient>
              <color sid="ambient">0 0 0 1</color>
            </ambient>
            <diffuse>
              <texture texture="trailer_jpg-sampler" texcoord="UVMap"/>
            </diffuse>
            <specular>
              <color sid="specular">0.5 0.5 0.5 1</color>
            </specular>
            <shininess>
              <float sid="shininess">50</float>
            </shininess>
            <index_of_refraction>
              <float sid="index_of_refraction">1</float>
            </index_of_refraction>
          </phong>
        </technique>
      </profile_COMMON>
    </effect>
    <effect id="Material_002-effect">
      <profile_COMMON>
        <newparam sid="trailer_jpg-surface">
          <surface type="2D">
            <init_from>trailer_jpg</init_from>
          </surface>
        </newparam>
        <newparam sid="trailer_jpg-sampler">
          <sampler2D>
            <source>trailer_jpg-surface</source>
          </sampler2D>
        </newparam>
        <technique sid="common">
          <phong>
            <emission>
              <color sid="emission">0 0 0 1</color>
            </emission>
            <ambient>
              <color sid="ambient">0 0 0 1</color>
            </ambient>
            <diffuse>
              <texture texture="trailer_jpg-sampler" texcoord="UVMap"/>
            </diffuse>
            <specular>
              <color sid="specular">0.5 0.5 0.5 1</color>
            </specular>
            <shininess>
              <float sid="shininess">50</float>
            </shininess>
            <index_of_refraction>
              <float sid="index_of_refraction">1</float>
            </index_of_refraction>
          </phong>
        </technique>
      </profile_COMMON>
    </effect>
    <effect id="Material_003-effect">
      <profile_COMMON>
        <newparam sid="trailer_jpg-surface">
          <surface type="2D">
            <init_from>trailer_jpg</init_from>
          </surface>
        </newparam>
        <newparam sid="trailer_jpg-sampler">
          <sampler2D>
            <source>trailer_jpg-surface</source>
          </sampler2D>
        </newparam>
        <technique sid="common">
          <phong>
            <emission>
              <color sid="emission">0 0 0 1</color>
            </emission>
            <ambient>
              <color sid="ambient">0 0 0 1</color>
            </ambient>
            <diffuse>
              <texture texture="trailer_jpg-sampler"/>
            </diffuse>
            <specular>
              <color sid="specular">0.5 0.5 0.5 1</color>
            </specular>
            <shininess>
              <float sid="shininess">50</float>
            </shininess>
            <index_of_refraction>
              <float sid="index_of_refraction">1</float>
            </index_of_refraction>
          </phong>
        </technique>
      </profile_COMMON>
    </effect>
    <effect id="Material_004-effect">
      <profile_COMMON>
        <newparam sid="trailer_jpg-surface">
          <surface type="2D">
            <init_from>trailer_jpg</init_from>
          </surface>
        </newparam>
        <newparam sid="trailer_jpg-sampler">
          <sampler2D>
            <source>trailer_jpg-surface</source>
          </sampler2D>
        </newparam>
        <technique sid="common">
          <phong>
            <emission>
              <color sid="emission">0 0 0 1</color>
            </emission>
            <ambient>
              <color sid="ambient">0 0 0 1</color>
            </ambient>
            <diffuse>
              <texture texture="trailer_jpg-sampler" texcoord="UVMap"/>
            </diffuse>
            <specular>
              <color sid="specular">0.5 0.5 0.5 1</color>
            </specular>
            <shininess>
              <float sid="shininess">50</float>
            </shininess>
            <index_of_refraction>
              <float sid="index_of_refraction">1</float>
            </index_of_refraction>
          </phong>
        </technique>
      </profile_COMMON>
    </effect>
    <effect id="Material_001_001-effect">
      <profile_COMMON>
        <technique sid="common">
          <phong>
            <emission>
              <color sid="emission">0 0 0 1</color>
            </emission>
            <ambient>
              <color sid="ambient">0 0 0 1</color>
            </ambient>
            <diffuse>
              <color sid="diffuse">0.0163664 0.06252509 0.336019 1</color>
            </diffuse>
            <specular>
              <color sid="specular">0.25 0.25 0.25 1</color>
            </specular>
            <shininess>
              <float sid="shininess">50</float>
            </shininess>
            <index_of_refraction>
              <float sid="index_of_refraction">1</float>
            </index_of_refraction>
          </phong>
        </technique>
      </profile_COMMON>
    </effect>
  </library_effects>
  <library_materials>
    <material id="Material_001-material" name="Material_001">
      <instance_effect url="#Material_001-effect"/>
    </material>
    <material id="black_001-material" name="black_001">
      <instance_effect url="#black_001-effect"/>
    </material>
    <material id="mattemetal_001-material" name="mattemetal_001">
      <instance_effect url="#mattemetal_001-effect"/>
    </material>
    <material id="tire_001-material" name="tire_001">
      <instance_effect url="#tire_001-effect"/>
    </material>
    <material id="rim_001-material" name="rim_001">
      <instance_effect url="#rim_001-effect"/>
    </material>
    <material id="Material-material" name="Material">
      <instance_effect url="#Material-effect"/>
    </material>
    <material id="Material_002-material" name="Material_002">
      <instance_effect url="#Material_002-effect"/>
    </material>
    <material id="Material_003-material" name="Material_003">
      <instance_effect url="#Material_003-effect"/>
    </material>
    <material id="Material_004-material" name="Material_004">
      <instance_effect url="#Material_004-effect"/>
    </material>
    <material id="Material_001_001-material" name="Material_001_001">
      <instance_effect url="#Material_001_001-effect"/>
    </material>
  </library_materials>
  <library_geometries>
    <geometry id="Cube-mesh" name="Cube">
      <mesh>
        <source id="Cube-mesh-positions">
          <float_array id="Cube-mesh-positions-array" count="24">1 1 -1 1 -1 -1 -1 -0.9999998 -1 -0.9999997 1 -1 1 0.9999995 1 0.9999994 -1.000001 1 -1 -0.9999997 1 -1 1 1</float_array>
          <technique_common>
            <accessor source="#Cube-mesh-positions-array" count="8" stride="3">
              <param name="X" type="float"/>
              <param name="Y" type="float"/>
              <param name="Z" type="float"/>
            </accessor>
          </technique_common>
        </source>
        <source id="Cube-mesh-normals">
          <float_array id="Cube-mesh-normals-array" count="36">0 0 -1 0 0 1 1 0 0 0 -1 -4.76837e-7 -1 1.19209e-7 -1.49012e-7 2.38419e-7 1 2.38419e-7 0 0 -1 0 0 1 1 -2.98023e-7 2.98023e-7 -6.25849e-7 -1 0 -1 0 0 0 1 0</float_array>
          <technique_common>
            <accessor source="#Cube-mesh-normals-array" count="12" stride="3">
              <param name="X" type="float"/>
              <param name="Y" type="float"/>
              <param name="Z" type="float"/>
            </accessor>
          </technique_common>
        </source>
        <vertices id="Cube-mesh-vertices">
          <input semantic="POSITION" source="#Cube-mesh-positions"/>
        </vertices>
        <polylist material="Material_001-material" count="12">
          <input semantic="VERTEX" source="#Cube-mesh-vertices" offset="0"/>
          <input semantic="NORMAL" source="#Cube-mesh-normals" offset="1"/>
          <vcount>3 3 3 3 3 3 3 3 3 3 3 3 </vcount>
          <p>0 0 2 0 3 0 7 1 5 1 4 1 4 2 1 2 0 2 5 3 2 3 1 3 2 4 7 4 3 4 0 5 7 5 4 5 0 6 1 6 2 6 7 7 6 7 5 7 4 8 5 8 1 8 5 9 6 9 2 9 2 10 6 10 7 10 0 11 3 11 7 11</p>
        </polylist>
      </mesh>
    </geometry>
    <geometry id="bolt17Mesh-mesh" name="bolt17Mesh">
      <mesh>
        <source id="bolt17Mesh-mesh-positions">
          <float_array id="bolt17Mesh-mesh-positions-array" count="27">150.5616 0.373932 3.06192 150.4749 -0.2175289 2.78302 149.7019 -0.04608196 3.06073 150.5616 0.373932 -2.702698 150.4749 -0.2175289 -2.981598 149.7019 -0.04608196 -2.703857 157.4076 0.612671 3.06192 156.8318 -0.151489 3.06073 157.5986 0.04623395 2.78302</float_array>
          <technique_common>
            <accessor source="#bolt17Mesh-mesh-positions-array" count="9" stride="3">
              <param name="X" type="float"/>
              <param name="Y" type="float"/>
              <param name="Z" type="float"/>
            </accessor>
          </technique_common>
        </source>
        <source id="bolt17Mesh-mesh-normals">
          <float_array id="bolt17Mesh-mesh-normals-array" count="9">-0.2147945 0.442125 -0.8708553 -0.2148266 0.4421198 -0.8708501 0.3919318 -0.2966687 0.8708485</float_array>
          <technique_common>
            <accessor source="#bolt17Mesh-mesh-normals-array" count="3" stride="3">
              <param name="X" type="float"/>
              <param name="Y" type="float"/>
              <param name="Z" type="float"/>
            </accessor>
          </technique_common>
        </source>
        <vertices id="bolt17Mesh-mesh-vertices">
          <input semantic="POSITION" source="#bolt17Mesh-mesh-positions"/>
        </vertices>
        <polylist material="black_001-material" count="3">
          <input semantic="VERTEX" source="#bolt17Mesh-mesh-vertices" offset="0"/>
          <input semantic="NORMAL" source="#bolt17Mesh-mesh-normals" offset="1"/>
          <vcount>3 3 3 </vcount>
          <p>1 0 2 0 0 0 4 1 5 1 3 1 7 2 8 2 6 2</p>
        </polylist>
      </mesh>
    </geometry>
    <geometry id="bolt12Mesh-mesh" name="bolt12Mesh">
      <mesh>
        <source id="bolt12Mesh-mesh-positions">
          <float_array id="bolt12Mesh-mesh-positions-array" count="243">0.346825 13.46219 -8.934362 0.06759595 15.20265 -7.575859 0.346291 12.98351 -7.16449 0.08370995 13.8593 6.08606 0.06759595 15.13829 8.25906 0.346291 12.91913 8.67043 0.08370995 -13.92381 -9.748867 0.346291 -12.98364 -7.164494 0.06759595 -15.2028 -7.575863 0.08370995 -13.85936 6.086056 0.346291 -12.91911 8.670426 0.06759595 -15.13827 8.259057 0.06759595 1.500397 16.1382 0.346291 -0.718704 16.54957 0.346825 -0.240082 14.7797 0.06759595 1.500397 -15.48393 0.346291 -0.718704 -15.07256 0.346825 -0.240082 -16.84244 -1.025406 -12.51437 9.04715 -1.025406 -12.57882 -6.787746 -1.025406 -1.123596 -14.69581 -1.025406 -1.123596 16.9263 -1.025406 12.51431 9.047154 -1.025146 -0.408813 14.28172 -1.025146 -0.408813 -17.3404 1.821213 -14.48454 -8.657597 1.821213 -14.42008 7.177299 1.821213 14.42001 7.177303 -1.025406 12.57875 -6.787743 0.06731396 14.72018 -9.012825 0.06741297 12.27362 -8.228867 1.82077 0.303741 -14.79588 1.82077 0.303741 16.82624 0.06741297 -12.27368 -8.228871 0.06741297 -12.20923 7.606026 0.06741297 12.20924 7.60603 -1.025223 1.118698 14.69416 -1.025223 1.118698 -16.92795 -1.025146 13.229 6.402584 -1.025146 -13.29352 -9.432343 -1.025146 -13.22914 6.40258 -1.248421 -1.038589 16.87441 -1.821472 0.08308398 16.04072 -1.248344 -0.361938 14.3722 -1.248421 -1.038589 -14.74769 -1.821472 0.08308398 -15.58137 -1.248344 -0.361938 -17.24992 -1.248421 12.5993 8.995278 -1.248344 13.27588 6.493069 -1.821472 13.7209 8.161587 -1.248421 12.66368 -6.839622 -1.821472 13.78535 -7.673294 -1.248344 13.34033 -9.341855 -1.248421 -12.59929 8.995274 -1.248344 -13.27594 6.493065 -1.821472 -13.72096 8.161583 -1.248421 -12.66382 -6.839626 -1.248344 -13.34039 -9.341858 -1.821472 -13.78542 -7.673298 -1.025223 14.82106 -9.019898 -1.025223 14.75653 6.815006 0.06731396 1.017838 14.70123 0.06731396 1.017838 -16.9209 -1.025223 -14.82104 -9.019902 -1.025223 -14.75667 6.815002 -1.025146 13.2934 -9.432339 1.82077 14.00609 -6.887806 0.06741297 -1.428574 15.48516 0.06741297 -1.428574 -16.13694 1.821297 -0.989929 -16.09467 1.821297 -0.989929 15.52745 1.82077 13.94156 8.947079 1.82077 -13.94162 8.947075 1.82077 -14.00607 -6.88781 1.821297 -12.71248 -8.186589 1.821297 -12.64802 7.648308 1.821297 12.64796 7.648312 0.346542 14.22525 -6.063526 1.821297 12.71234 -8.186585 0.346542 14.16072 9.771374 0.346542 0.522903 -13.9716</float_array>
          <technique_common>
            <accessor source="#bolt12Mesh-mesh-positions-array" count="81" stride="3">
              <param name="X" type="float"/>
              <param name="Y" type="float"/>
              <param name="Z" type="float"/>
            </accessor>
          </technique_common>
        </source>
        <source id="bolt12Mesh-mesh-normals">
          <float_array id="bolt12Mesh-mesh-normals-array" count="357">-1 -2.23304e-5 -1.04323e-4 0.3377622 -0.6667737 0.6643264 0.5678535 -0.2114202 -0.7955149 -1 -2.24425e-5 -1.04325e-4 -1 2.24147e-5 -1.04324e-4 0.5678626 0.2114166 -0.7955093 -1 2.24148e-5 -1.04326e-4 0.5678541 0.2114183 -0.795515 0.4718065 0.04992467 -0.8802875 -0.7987691 0.01119345 0.6015337 0.4718245 0.04993516 -0.8802773 -0.7572581 0.4759168 0.4472845 -0.01353085 -0.7054359 0.7086446 -0.5230533 0.8227642 -0.2224283 -0.0135653 -0.7054486 0.7086313 -0.5230321 0.8227832 -0.2224076 -0.7736017 0.4470876 0.4490579 0.04574835 -0.9727407 -0.227338 0.3911015 -0.6133717 0.6861596 -0.5931331 -0.5438147 0.5936825 -0.01360273 0.7054356 0.7086435 0.04574805 -0.972734 -0.227367 0.05002117 -0.3491717 0.9357227 -0.5094349 -0.3401421 0.7904299 -0.7735934 0.4471032 0.4490568 -0.5931429 -0.5437932 0.5936923 -0.6319239 -0.389665 -0.6699504 0.01883 -0.9841662 -0.1762453 0.3393203 0.01672792 -0.9405223 -0.5180646 -0.3218867 -0.7924633 -0.5180869 -0.3218817 -0.7924508 0.3393052 0.01673215 -0.9405276 -0.2764756 -0.1414829 0.9505493 -0.3072324 -0.8460414 0.4356859 0.163245 -0.111241 -0.9802942 0.7311182 -0.5159882 -0.4463434 -0.2764639 -0.1414856 0.9505523 -0.3072363 -0.8460214 0.4357219 -0.2764571 0.1414864 0.9505541 0.7311182 0.5159882 -0.4463434 0.163245 0.111241 -0.9802942 -0.125526 0.9425289 0.3096492 -0.7736029 0.4470868 0.4490568 0.3640866 -0.8160596 0.4488739 -0.7572296 0.4759665 0.4472801 0.7527946 0.4665122 -0.4643994 0.04571789 -0.9727421 -0.2273383 0.8157731 -0.5252321 -0.2421683 0.3910756 -0.613379 0.6861678 0.3393186 0.01673007 -0.9405228 -0.2764776 0.1414867 0.9505482 -0.2764738 0.1414875 0.9505491 -0.5094559 0.3400747 0.7904455 0.05005073 0.3491344 0.9357351 0.01883012 0.9841715 -0.1762157 0.3377313 0.6668205 0.6642951 0.3377721 0.6668047 0.6642903 0.05005162 0.3491712 0.9357213 0.01879948 0.9841668 -0.1762454 0.3641104 -0.8160579 0.4488579 0.3377425 -0.6668145 0.6642955 0.03030157 0.2605531 -0.9649839 -1 -2.23324e-5 -1.04326e-4 0.03028708 0.2605577 -0.9649831 -1 -2.23323e-5 -1.04325e-4 -0.3901562 0.2399837 -0.8889241 0.173285 -0.6681956 -0.7235241 -0.3901604 -0.2399936 -0.8889196 0.1732758 0.6681863 -0.7235349 0.1732262 0.6681852 -0.7235476 -0.3901413 -0.2399856 -0.8889301 -0.8336918 -0.5330781 -0.1441724 0.8336722 0.5331087 0.1441735 -0.8336918 0.5330781 -0.1441724 0.8336744 -0.5331056 0.1441712 0.08923232 0.9442057 -0.3170384 0.03030163 0.2605314 -0.9649898 0.3438136 0.8103781 -0.4744256 -0.7572854 0.4758716 0.4472863 -0.1730148 0.861137 0.4780262 0.7296288 0.2599342 0.6325158 0.3798729 0.5867628 -0.7151267 0.08921766 0.9441889 -0.3170926 -0.01352006 0.9461924 0.3233223 0.08921319 0.9441894 -0.3170924 0.3438071 -0.810381 -0.4744255 -0.79877 -0.01119297 0.6015325 -0.7987722 -0.01119226 0.6015295 0.3438864 -0.8103688 -0.4743884 0.3710157 -0.2115556 -0.9042078 -0.518072 -0.3219219 -0.7924442 -0.5931528 -0.5437717 0.5937021 -0.2764899 0.1414816 0.9505453 0.7296229 0.2599627 0.6325107 0.3798744 0.5867956 -0.715099 0.3453088 -0.5377382 -0.7691551 0.3709894 -0.2115579 -0.904218 0.3453003 -0.5377502 -0.7691505 0.3377249 -0.6668043 0.6643148 0.752789 0.4665319 -0.4643886 0.337728 -0.6668044 0.664313 0.7527882 0.4665331 -0.4643886 0.6086975 0.1564088 0.7778326 1 1.227e-4 2.83497e-4 0.6086975 -0.1564088 0.7778326 1 -1.22617e-4 2.83498e-4 1 -1.22698e-4 2.83496e-4 0.6086812 -0.156382 0.7778508 0.7142813 0.6887363 -0.1242759 0.7142963 0.6887214 -0.1242732 0.1842483 0.6668878 -0.7220202 0.7142663 -0.6887524 -0.1242733 0.3724094 -0.6157382 0.6943901 0.3585459 0.3590648 0.8616944 0.4718233 0.04992878 -0.8802783 0.3724238 -0.6157715 0.694353 0.3585405 0.3590288 0.8617118 0.3724638 -0.6157606 0.6943413 0.3585366 0.3590553 0.8617023</float_array>
          <technique_common>
            <accessor source="#bolt12Mesh-mesh-normals-array" count="119" stride="3">
              <param name="X" type="float"/>
              <param name="Y" type="float"/>
              <param name="Z" type="float"/>
            </accessor>
          </technique_common>
        </source>
        <vertices id="bolt12Mesh-mesh-vertices">
          <input semantic="POSITION" source="#bolt12Mesh-mesh-positions"/>
        </vertices>
        <polylist material="mattemetal_001-material" count="108">
          <input semantic="VERTEX" source="#bolt12Mesh-mesh-vertices" offset="0"/>
          <input semantic="NORMAL" source="#bolt12Mesh-mesh-normals" offset="1"/>
          <vcount>3 3 3 3 3 3 3 3 3 3 3 3 3 3 3 3 3 3 3 3 3 3 3 3 3 3 3 3 3 3 3 3 3 3 3 3 3 3 3 3 3 3 3 3 3 3 3 3 3 3 3 3 3 3 3 3 3 3 3 3 3 3 3 3 3 3 3 3 3 3 3 3 3 3 3 3 3 3 3 3 3 3 3 3 3 3 3 3 3 3 3 3 3 3 3 3 3 3 3 3 3 3 3 3 3 3 3 3 </vcount>
          <p>59 0 65 0 28 0 66 1 2 1 78 1 3 2 27 2 76 2 60 3 38 3 22 3 19 4 39 4 63 4 74 5 25 5 6 5 18 6 40 6 64 6 75 7 26 7 9 7 61 8 70 8 14 8 13 9 12 9 36 9 62 10 69 10 17 10 80 11 15 11 37 11 10 12 18 12 64 12 34 13 40 13 18 13 7 14 19 14 63 14 33 15 39 15 19 15 37 16 20 16 80 16 68 17 16 18 20 19 36 20 21 20 13 20 67 21 13 22 21 23 60 24 22 24 79 24 22 25 38 26 35 27 61 28 14 28 23 28 21 23 23 29 67 21 20 19 24 30 68 17 62 31 17 31 24 31 7 32 8 32 73 32 8 33 6 34 25 35 10 36 11 36 72 36 11 37 9 34 26 35 71 38 4 38 5 38 27 39 3 40 4 41 59 42 28 42 77 42 30 43 2 43 28 43 77 44 1 44 59 44 29 45 66 45 78 45 30 46 78 47 2 48 29 49 0 49 65 49 31 50 15 50 16 50 69 47 16 18 68 17 32 51 12 51 13 51 70 47 13 22 67 21 19 52 7 53 33 54 73 55 74 55 7 55 72 56 75 56 10 56 18 52 10 57 34 58 35 59 5 59 22 59 5 60 76 60 71 60 23 61 36 61 61 61 36 62 23 62 21 62 24 63 37 63 62 63 37 64 24 64 20 64 38 65 60 65 3 65 3 66 35 66 38 66 6 67 63 67 39 67 39 68 33 68 6 68 40 69 34 69 9 69 9 70 64 70 40 70 42 71 43 71 41 71 45 71 46 71 44 71 48 72 49 72 47 72 51 71 52 71 50 71 53 73 54 73 55 73 57 74 56 74 58 74 1 75 29 75 59 75 65 76 59 76 29 76 4 77 3 77 60 77 79 78 4 78 60 78 12 79 32 80 61 81 12 82 61 82 36 82 15 83 31 80 62 81 15 84 62 84 37 84 63 85 6 85 8 85 63 86 8 86 7 86 64 87 11 87 10 87 64 88 9 88 11 88 0 89 30 46 65 90 28 91 65 90 30 46 66 92 1 92 2 92 1 83 66 93 29 94 14 95 67 95 23 95 70 47 67 21 14 96 17 97 68 97 24 97 69 47 68 17 17 96 16 98 69 98 31 98 62 99 31 99 69 99 13 100 70 100 32 100 61 101 32 101 70 101 4 41 71 102 27 39 27 103 71 103 76 103 26 35 72 104 11 37 72 105 26 105 75 105 73 106 25 106 74 106 25 35 73 107 8 33 33 54 7 53 74 108 6 34 33 54 74 108 34 58 10 57 75 109 9 110 34 110 75 110 76 111 5 18 35 27 76 111 35 27 3 40 2 112 77 112 28 112 2 48 1 83 77 113 29 114 78 114 0 114 78 47 30 46 0 89 5 115 79 115 22 115 5 18 4 41 79 116 16 117 80 117 20 117 16 18 15 83 80 118</p>
        </polylist>
      </mesh>
    </geometry>
    <geometry id="tire36Mesh-mesh" name="tire36Mesh">
      <mesh>
        <source id="tire36Mesh-mesh-positions">
          <float_array id="tire36Mesh-mesh-positions-array" count="657">-10.37791 16.62463 -26.26172 12.74216 30.51939 7.656769 -10.37788 -31.05452 -1.266106 0.02603095 -36.04711 -34.71125 8.602913 19.59552 46.12314 4.135628 -24.40913 43.71654 -3.166209 4.558309 -49.81681 0.02603095 49.56738 6.892906 4.135628 42.99957 -25.65491 8.602913 -48.83213 -11.25845 8.602913 -43.82263 24.30868 8.602913 -0.860138 50.10577 4.135628 46.02896 19.70681 -10.37791 30.75346 4.505044 0.02603095 21.87318 -45.01064 12.74216 -30.51783 -7.657032 -10.37789 -13.78674 27.85515 -8.028897 -24.17344 -43.77758 0.02603095 32.2233 38.28912 8.602913 50.1066 0.859222 -3.166185 -45.96918 -19.72856 -8.028892 -34.16312 36.51854 -8.028884 -49.82452 4.277799 8.602913 -4.382538 -49.92142 4.135628 36.7263 -34.034 -8.02891 4.277761 49.825 8.602913 -28.75607 -41.0419 -8.028887 -43.77492 24.17364 -8.028928 42.82499 25.82563 8.602913 11.25824 -48.83243 -8.028931 49.10633 -9.462675 8.602913 -49.91975 4.38258 -10.37789 -14.43056 -27.52761 12.74216 -10.80431 29.55109 -8.028901 -16.35835 47.25701 8.602913 -37.81093 32.88884 -3.16622 28.8556 -40.86402 -10.37791 17.23032 25.86816 -8.028922 28.61798 41.01052 -8.028927 41.01121 -28.61739 0.02603095 13.86397 48.08485 8.602913 49.19098 -9.577275 8.602913 -40.03076 -30.14704 0.02603095 -13.863 -48.085 12.74216 26.11185 -17.55652 0.02603095 -48.08591 13.86315 -3.166204 -4.557114 49.81634 8.602913 30.14787 -40.03157 -10.37789 -27.85462 -13.78781 4.135628 40.9257 28.8456 0.02603095 -49.56499 -6.89315 -8.02893 47.25862 16.35754 8.602913 32.88986 37.81116 12.74216 -2.147736 -31.39133 4.135628 -14.78702 47.83657 -10.37791 28.88593 -11.47479 -8.028916 16.35849 -47.25755 -3.166203 -5.89889 -49.67569 -10.3779 4.50587 -30.75274 -3.166191 -32.968 37.62361 0.02603095 49.9176 -3.563183 -3.166228 45.42255 -20.96178 -8.028886 -47.25661 -16.35774 -8.028891 -36.51677 -34.16487 4.135628 -25.65311 -42.99816 0.02603095 23.5587 44.15153 -8.028885 -49.10389 9.462388 -8.028896 -25.82412 42.82351 8.602913 -11.25845 48.83202 8.602913 -45.42447 -21.16509 -10.42674 35.40896 34.13037 8.602913 21.16576 -45.42469 8.602913 -47.9191 14.66608 -8.028913 9.462911 49.10485 -3.166187 -40.06976 29.94729 -10.3779 -1.265096 31.05504 8.602913 -9.576432 -49.18981 12.74216 8.629136 30.25835 -8.028902 -14.54271 -47.847 8.602913 41.0426 -28.75654 8.602913 48.83361 11.25828 8.602913 9.577988 49.18945 4.135628 -50.0652 0.718403 -13.80458 -27.03414 22.43269 -8.028932 49.62567 6.174663 -8.028924 34.16495 -36.51858 8.602913 -19.59506 -46.12374 -13.86116 -38.03078 10.69943 8.602913 -21.16391 45.42441 8.602913 -30.14475 40.03145 8.602913 46.12406 -19.59494 -13.80461 24.54248 -25.13602 -13.80458 -29.68862 -18.77951 4.135628 -43.71693 -24.41016 0.02603095 48.08591 -13.86333 -8.028918 19.4656 46.06446 -3.166185 -45.42134 20.96168 -3.166213 14.81621 -47.78068 -13.80461 35.10218 1.418742 0.02603095 3.564087 49.91646 -13.86117 -6.663508 -38.94214 8.602913 45.4256 21.16505 -8.028888 -42.82357 -25.82564 -8.028884 -49.62486 -6.174815 8.602913 4.384323 49.92105 8.602913 40.03197 30.14654 -13.86118 10.70071 38.03169 13.86118 -24.82684 -29.68617 -3.166188 -37.62397 -32.96867 -3.166199 -16.09813 -47.36358 -3.166222 33.97238 36.72066 13.86118 -26.92638 27.79452 -13.86119 33.39977 21.10388 4.135628 -47.83551 -14.78761 -3.166192 -29.9463 -40.07059 -8.028932 49.82607 -4.278016 4.135628 -42.99808 25.65453 4.135628 9.707489 -49.12028 -8.028911 6.175799 -49.62581 -8.028919 21.20867 -45.28878 13.86118 17.02234 -34.75598 -13.80461 32.64419 -12.98087 8.602913 -36.65975 -34.16618 8.602913 28.75765 41.04166 4.135628 -32.96551 37.68616 -13.80459 -15.57253 31.48927 -8.028906 -4.277463 -49.82512 -8.02893 46.06529 -19.46516 -10.37789 -28.88528 11.47458 8.602913 34.16624 -36.66106 8.602913 -50.10481 -0.859531 8.602913 0.859634 -50.1061 -13.10175 42.11561 15.5558 8.602913 25.79811 -42.9635 -3.166183 -48.78569 11.05973 -13.86116 -38.28422 -9.749979 -3.166199 -14.81384 47.78013 -3.166225 40.07074 -29.94725 -3.166229 48.78808 -11.06003 -3.166227 43.65614 24.42527 -3.166229 47.78109 14.81484 -3.166222 32.96949 -37.62398 -3.166195 -24.42566 43.65593 -13.86116 -21.9278 -32.86438 -13.8046 19.48501 29.23126 -13.86118 17.49715 -35.42275 -8.028886 -46.0644 19.46523 -3.166219 25.59482 42.98091 -3.16623 49.81778 4.557265 -3.166214 16.09969 47.36345 4.135628 -4.516869 49.86593 -10.42671 -31.64538 -37.64506 13.86118 24.82863 29.68575 -13.10171 -31.34118 32.14654 -8.028905 -6.174914 49.62557 -13.86118 5.69489 -39.09597 -8.02889 -37.79439 32.74733 -3.166196 -20.96122 -45.42126 -3.166184 -47.77988 -14.81514 -3.166224 37.62518 32.968 -3.166187 -40.86371 -28.85511 -13.86117 -1.576312 39.47673 8.602913 -34.16505 36.66046 8.602913 -24.30781 -43.82282 8.602913 -14.66551 -47.91931 8.602913 -6.091347 49.74152 8.602913 37.81236 -32.88895 8.602913 42.96419 25.79694 8.602913 -41.04148 28.75597 8.602913 47.38843 16.30096 8.602913 -42.96277 -25.79729 8.602913 -46.12367 19.59488 8.602913 -49.74026 -6.092476 8.602913 -47.38722 -16.30107 8.602913 49.92221 -4.382935 8.602913 -49.18999 9.576981 8.602913 43.82353 -24.3089 8.602913 49.74205 6.092144 8.602913 6.092758 -49.74176 8.602913 47.91969 -14.66631 8.602913 36.66154 34.16609 8.602913 14.66724 47.91917 8.602913 16.30238 -47.38815 8.602913 24.30893 43.82276 8.602913 -32.88873 -37.81109 8.602913 -25.79722 42.96291 8.602913 -16.3009 47.38786 -8.028921 25.82619 -42.82389 12.74216 -30.99429 5.417988 -8.028929 43.77856 -24.17369 -8.028903 -9.462972 -49.10509 -3.166183 -49.81718 -4.557437 13.86118 35.90544 -14.43949 -10.42673 -1.671017 49.15157 -13.10171 -35.24527 -27.80904 0.02603095 -28.04344 -41.44753 0.02603095 47.05095 17.04783 0.02603095 -49.91619 3.562958 4.135628 5.948639 49.71538 4.135628 28.84671 -40.92568 4.135628 -5.946411 -49.71543 -8.028927 39.88993 30.16007 -13.10175 43.21576 -12.16928 0.02603095 -38.28659 32.22256 0.02603095 1.674683 -50.01568 0.02603095 12.03761 -48.57461 0.02603095 -44.15172 23.55747 13.86118 -5.448151 38.31444 -13.10175 34.53085 -28.69467 -8.02892 24.17359 43.77743 -8.028899 -19.46433 -46.06469 -8.028913 11.32941 -48.70845 -10.42673 13.5992 47.26192 4.135628 25.65459 42.99785 4.135628 -37.68381 -32.96592 4.135628 19.70795 -46.02882 4.135628 49.7155 -5.948021 4.135628 49.86696 4.518311 4.135628 34.0343 36.72447</float_array>
          <technique_common>
            <accessor source="#tire36Mesh-mesh-positions-array" count="219" stride="3">
              <param name="X" type="float"/>
              <param name="Y" type="float"/>
              <param name="Z" type="float"/>
            </accessor>
          </technique_common>
        </source>
        <source id="tire36Mesh-mesh-normals">
          <float_array id="tire36Mesh-mesh-normals-array" count="657">0.9825083 -0.1323012 -0.1310499 0.5344257 -0.330739 -0.7778181 0.5643324 -0.2386609 -0.7902974 -0.8585677 -0.3046432 -0.4123762 -0.9301683 0.01382523 -0.3668729 -0.9951668 0.06457841 0.0739783 0.981394 -0.09442526 0.1671821 0.578734 -0.7806486 0.2359127 0.5908882 -0.7962234 0.1299215 -0.9655828 0.2023393 0.1634279 -0.9951172 -0.02099734 -0.09644144 -0.6380667 -0.4747885 -0.606174 0.9859369 -0.064547 0.1541499 0.5163274 -0.1873281 0.835652 0.5795943 -0.3044312 0.7559049 -0.6679158 0.52301 0.52948 -0.9773887 -0.1480152 -0.151006 -0.5182832 0.470398 0.7142188 -0.5289356 -0.3048605 0.7920147 -0.4563861 -0.1546415 0.8762407 -0.9978704 -0.04416054 0.04800593 0.03109848 -0.9966165 0.07608294 -0.01977646 -0.9590675 0.2824862 -0.001983702 -0.9727857 0.2316985 -0.5065618 -0.2505342 -0.8250017 -0.9941553 -0.0190438 -0.106267 -0.4898723 -0.1720703 -0.8546443 0.980506 0.0368666 -0.1930004 0.5231916 0.3657122 -0.7697567 0.5162982 0.4364287 -0.7368625 0.9850633 0.1633989 -0.05432385 0.5115135 0.7887562 -0.3409072 0.5296353 0.8110861 -0.2482455 0.9833469 0.09616476 0.1542116 0.5377845 0.6718568 0.5093098 0.5187112 0.6322137 0.5755387 -0.3822893 0.7511194 -0.5382143 -0.4365467 0.5943005 -0.675451 -0.9007398 0.3154756 -0.2985681 -0.3848119 0.9050664 -0.1810377 -0.3997724 0.8481926 -0.3474929 -0.9040622 0.4222294 -0.0662871 0.9822891 -0.1860752 -0.0220043 0.6024262 -0.7262442 -0.3311375 0.6142601 -0.6717278 -0.4140847 -0.2973777 -0.6833524 -0.6667805 -0.440024 -0.791451 -0.4242455 -0.9299906 -0.2606977 -0.2591412 -0.9875696 0.06738626 -0.1420056 -0.9931724 -0.1086468 0.04248207 -0.5188638 -0.7894811 0.3278721 0.4841629 -0.6663343 0.5670846 0.5170605 -0.6950803 0.4995117 -0.4928247 0.3875333 0.7790647 0.9884523 0.04055982 0.1460033 0.6111212 0.1513459 0.7769333 0.5780375 0.09772312 0.8101376 -0.4660896 0.7493081 0.4704234 -0.3695864 0.8767835 0.3076632 -0.9289481 0.3542992 0.107367 0.9861404 0.1589446 0.04757958 0.569643 0.7990567 0.1923937 0.5931795 0.76589 0.248094 -0.4001399 0.8008902 -0.4454917 -0.4925538 0.1929441 -0.8486245 -0.4990766 0.0913127 -0.8617334 -0.9952585 0.008087515 -0.09692865 -0.02234011 0.3889682 -0.9209803 0.5555015 0.2252891 -0.8004142 0.9878695 0.001403868 -0.1552806 -0.8077496 0.3273481 -0.4902896 -0.9010819 0.3635457 -0.2364023 -0.4765654 -0.4154649 -0.7747737 -0.02078372 -0.2835261 -0.9587393 -0.01196342 0.3174592 0.9481965 -0.7128449 0.1741139 0.679365 0.5162332 0.4956327 0.6984637 0.5733591 0.3590857 0.7364217 0.005310356 0.9761381 -0.2170857 -0.008240163 0.9586406 -0.2845005 -0.02465963 0.9948087 0.09873008 -0.04699897 0.9157176 0.3990643 -0.0190438 -0.8741844 -0.4852206 -4.88297e-4 -0.9961567 -0.08758831 -0.5377758 -0.8332916 -0.1281494 -0.5136994 -0.8166027 -0.2631977 -0.9843423 0.131447 -0.1174386 -0.914978 -0.2927442 0.277698 -0.5027099 -0.4127397 0.7595583 0.556823 -0.4616946 0.6904972 0.5232866 -0.5855463 0.6191177 -0.4962406 -0.8495908 0.1787198 0.5701982 0.0227676 -0.8211917 0.5952737 0.08380526 -0.7991408 0.01293987 -0.1162453 -0.9931363 -0.02639901 -0.08859705 -0.9957177 0.01141405 0.664368 -0.7473186 -0.01361161 0.7932296 -0.6087704 -0.01904392 0.7316054 -0.6814624 0.5376076 0.6791282 -0.499763 0.5278366 0.7447395 -0.4083523 -0.01986777 -0.2962466 0.9549048 -0.01779246 -0.09442538 0.995373 -0.01782315 -0.08447688 0.9962661 -0.03979688 0.262098 0.9642204 8.24016e-4 0.07254391 0.9973649 -0.02349972 0.1154844 0.9930314 0.5277167 -0.6186045 -0.5821028 0.4818393 -0.5698876 -0.6656268 0.01519834 -0.5615471 -0.8273053 0.005951225 -0.6951072 -0.7188817 -0.03528016 -0.6143822 -0.7882195 -0.01690751 -0.6615614 0.7497004 0.03024488 -0.7636607 0.6449091 -0.02447599 -0.8543114 0.519185 -0.008758962 0.959061 0.2830641 0.002533078 0.8813937 0.4723758 0.01541203 0.9420898 0.3350066 -0.02859669 0.7497414 0.6611128 -0.01989871 0.8201208 0.5718444 -0.02310305 0.1754553 -0.9842163 0.4551675 -0.1702072 -0.8739864 -0.01260429 0.2387804 -0.9709919 -0.505162 0.8598924 0.07346087 -0.5054951 0.8627873 -0.008545458 -0.9817682 -0.1619647 0.09949219 -0.02349978 0.9930348 -0.1154543 0.5514168 0.8341447 0.0119329 -0.5147969 -0.8557261 0.05212664 0.9838039 -0.1788401 -0.01208543 0.6109704 -0.7913408 -0.02224868 0.5717121 -0.8135751 -0.1060229 -0.9937071 0.03054976 -0.1077635 -0.5017685 0.2872785 -0.8159042 -0.02127164 -0.48754 0.8728415 -0.0140388 -0.4827837 0.8756272 -0.008575797 -0.3028083 0.953013 -0.3864067 -0.7099738 0.5887506 0.002472043 -0.8069058 0.5906749 -0.01409995 -0.645395 0.763719 -0.3775212 -0.61615 0.6912575 -0.4886447 0.4564774 -0.7435421 -0.4955457 0.3708124 -0.7854508 0.002594113 0.4407303 -0.8976359 -0.009247362 0.5757788 -0.8175534 -0.01782286 0.5794876 -0.8147862 -0.9112203 -0.4084423 0.05340909 -0.9970612 0.06659281 0.03787428 0.01327586 0.5177589 0.8554237 -0.03344893 0.6828048 0.7298348 -0.01953208 0.8613954 -0.5075595 0.02029526 0.9063308 -0.4220815 -0.02505612 0.5112252 0.8590816 0.5458639 0.8356118 -0.06152641 0.5360711 0.8292088 -0.1582424 -0.01471036 -0.7445538 -0.6674005 0.5667388 -0.6833521 -0.4602578 0.01327568 -0.3167858 -0.9484042 0.07504671 -0.4297409 -0.8998283 0.5964934 0.7934018 0.1212824 0.003662228 -0.8871279 0.4615092 0.01141417 -0.9135317 0.4066075 -0.4495507 0.1270217 0.8841775 -0.6779648 -0.1064527 0.7273457 0.5335389 0.5173332 -0.6691058 0.5371125 0.5731865 -0.6188437 -0.9894097 -0.1439907 0.01831161 0.6107562 0.7140342 0.3422456 0.5765039 0.7185088 0.3890867 0.1326362 -0.9854022 -0.1067254 -0.01083439 -0.9613016 -0.2752854 -0.01825028 -0.9579578 -0.2863283 0.007629811 0.9864796 0.1637062 -0.01236027 0.680762 0.7324005 0.9932846 -0.08249396 0.08112055 0.6003371 -0.3312826 0.7279061 0.6107816 -0.4150617 0.6742921 0.01611405 0.298019 -0.9544239 0.004882991 0.1003455 -0.9949406 -0.5060762 -0.05084562 -0.8609888 0.002777218 0.9979482 -0.0639683 -0.00915569 -0.8209331 -0.5709512 0.009155809 -0.9155529 -0.4020937 -0.004577815 -0.7425271 -0.6698004 -0.04516774 -0.5070694 -0.8607209 0.5085467 -0.5038467 -0.6982255 0.5335695 -0.4009019 -0.7447022 0.5984519 0.3190177 0.7349035 0.5187653 -0.004699945 0.8549038 0.5231856 -0.1099291 0.845099 0.592476 -0.7883199 -0.1659042 0.6087659 -0.7475671 -0.2656083 -0.433526 0.7454329 0.506345 0.6142282 0.1861667 -0.7668544 0.5488319 -0.7693658 0.3268942 0.5459302 -0.7382632 0.3961412 -0.4333485 0.124337 0.8926083 -0.537963 -0.7451583 0.3941257 0.5769712 -0.1519261 -0.8025103 0.6012593 -0.05176055 -0.7973758 -0.5165115 -0.3287252 -0.7906679 0.5601482 0.6328752 -0.5345121 0.6122038 0.2335286 0.7554277 0.5934343 -0.8004115 0.08471959 -0.06686657 -0.9975666 -0.01974558 -7.01929e-4 0.9961592 0.08755797 -0.9174702 0.3976966 0.00927782 -0.8924652 -0.3093705 0.3283227 -0.7819039 -0.5780656 0.2333809 -0.9686627 -0.1940743 0.1550092 -0.8557947 0.4056029 0.3210947 -0.9275055 0.2030435 0.3138582 -0.555114 0.3951628 0.7319118 -0.9301766 -0.05209696 0.363397 -0.01205492 0.6267651 0.7791152 0.9859456 -0.130499 0.1043138 -0.9654093 -0.2435115 0.09320515 0.5231224 0.5545263 0.6471813 0.006073236 0.4485965 0.8937138</float_array>
          <technique_common>
            <accessor source="#tire36Mesh-mesh-normals-array" count="219" stride="3">
              <param name="X" type="float"/>
              <param name="Y" type="float"/>
              <param name="Z" type="float"/>
            </accessor>
          </technique_common>
        </source>
        <vertices id="tire36Mesh-mesh-vertices">
          <input semantic="POSITION" source="#tire36Mesh-mesh-positions"/>
        </vertices>
        <polylist material="tire_001-material" count="420">
          <input semantic="VERTEX" source="#tire36Mesh-mesh-vertices" offset="0"/>
          <input semantic="NORMAL" source="#tire36Mesh-mesh-normals" offset="1"/>
          <vcount>3 3 3 3 3 3 3 3 3 3 3 3 3 3 3 3 3 3 3 3 3 3 3 3 3 3 3 3 3 3 3 3 3 3 3 3 3 3 3 3 3 3 3 3 3 3 3 3 3 3 3 3 3 3 3 3 3 3 3 3 3 3 3 3 3 3 3 3 3 3 3 3 3 3 3 3 3 3 3 3 3 3 3 3 3 3 3 3 3 3 3 3 3 3 3 3 3 3 3 3 3 3 3 3 3 3 3 3 3 3 3 3 3 3 3 3 3 3 3 3 3 3 3 3 3 3 3 3 3 3 3 3 3 3 3 3 3 3 3 3 3 3 3 3 3 3 3 3 3 3 3 3 3 3 3 3 3 3 3 3 3 3 3 3 3 3 3 3 3 3 3 3 3 3 3 3 3 3 3 3 3 3 3 3 3 3 3 3 3 3 3 3 3 3 3 3 3 3 3 3 3 3 3 3 3 3 3 3 3 3 3 3 3 3 3 3 3 3 3 3 3 3 3 3 3 3 3 3 3 3 3 3 3 3 3 3 3 3 3 3 3 3 3 3 3 3 3 3 3 3 3 3 3 3 3 3 3 3 3 3 3 3 3 3 3 3 3 3 3 3 3 3 3 3 3 3 3 3 3 3 3 3 3 3 3 3 3 3 3 3 3 3 3 3 3 3 3 3 3 3 3 3 3 3 3 3 3 3 3 3 3 3 3 3 3 3 3 3 3 3 3 3 3 3 3 3 3 3 3 3 3 3 3 3 3 3 3 3 3 3 3 3 3 3 3 3 3 3 3 3 3 3 3 3 3 3 3 3 3 3 3 3 3 3 3 3 3 3 3 3 3 3 3 3 3 3 3 3 3 3 3 3 3 3 3 3 3 3 3 3 3 3 3 3 3 3 3 3 3 3 3 3 3 3 3 3 3 3 3 3 3 3 3 3 3 3 3 3 3 3 </vcount>
          <p>107 0 86 1 164 2 37 3 75 4 106 5 111 6 72 7 175 8 92 9 143 10 151 11 207 12 68 13 186 14 70 15 144 16 38 17 34 18 154 19 161 20 197 21 45 22 134 23 78 24 100 25 190 26 120 27 71 28 133 29 192 30 90 31 179 32 152 33 105 34 180 35 39 36 85 37 208 38 30 39 127 40 202 41 15 42 69 43 170 44 63 45 102 46 194 47 83 48 87 49 146 50 111 6 35 51 168 52 144 16 106 5 95 53 77 54 81 55 104 56 28 57 51 58 132 59 1 60 80 61 169 62 208 38 202 41 189 63 211 64 118 65 155 66 133 29 71 28 215 67 182 68 120 27 53 69 104 56 207 12 77 54 16 70 128 71 83 48 151 11 143 10 17 72 164 2 86 1 43 73 149 74 95 53 212 75 152 33 123 76 183 77 127 40 138 78 94 79 217 80 12 81 80 61 170 44 69 43 93 82 191 83 103 84 62 85 125 86 153 87 67 88 111 6 89 89 162 90 66 91 146 50 87 49 62 85 103 84 87 49 53 69 131 92 178 93 43 73 57 94 200 95 141 96 137 97 24 98 192 30 79 99 176 100 54 101 150 102 46 103 40 104 99 105 198 106 107 0 122 107 184 108 195 109 3 110 114 111 124 112 203 113 116 114 175 8 72 7 45 22 140 115 139 116 196 117 139 116 159 118 49 119 117 120 200 95 57 94 204 121 205 122 117 120 84 123 115 124 98 125 216 126 217 80 19 127 22 128 191 83 197 21 188 129 130 130 172 131 155 66 145 132 56 133 175 8 188 129 111 6 124 112 5 134 142 135 154 19 136 136 54 101 156 137 74 138 59 139 21 140 59 139 142 135 187 141 119 142 145 132 14 143 36 144 199 145 13 146 37 3 112 147 38 17 147 148 110 149 110 149 70 15 38 17 8 150 24 98 137 97 8 150 61 151 94 79 40 104 198 106 81 55 183 77 123 76 213 152 174 153 41 154 216 126 192 30 41 154 174 153 93 82 214 155 42 156 184 108 122 107 214 155 109 157 78 24 190 26 114 111 157 158 195 109 177 159 1 60 192 30 203 113 206 160 116 114 96 161 146 50 66 91 149 74 73 162 99 105 193 163 161 20 154 19 120 27 47 164 129 165 24 98 199 145 36 144 87 49 135 166 62 85 49 119 196 117 139 116 1 60 101 167 167 168 50 169 158 170 113 171 197 21 50 169 113 171 196 117 7 172 140 115 51 58 84 123 132 59 218 173 213 152 123 76 49 119 218 173 180 35 42 156 107 0 15 42 33 174 88 175 185 176 5 134 54 101 136 136 202 41 98 125 115 124 211 64 97 177 6 178 119 142 36 144 14 143 118 65 126 179 100 25 57 94 204 121 117 120 143 10 100 25 78 24 124 112 116 114 35 51 162 90 89 89 124 112 60 180 94 79 138 78 115 124 30 39 202 41 189 63 39 36 208 38 137 97 61 151 8 150 62 85 158 170 191 83 102 46 160 181 20 182 151 11 114 111 108 183 160 181 102 46 63 45 214 155 64 184 184 108 107 0 26 185 163 186 95 53 149 74 147 148 213 152 40 104 4 187 22 128 66 91 87 49 134 23 22 128 197 21 136 136 142 135 5 134 67 88 34 18 125 86 150 102 54 101 68 13 207 12 11 188 165 189 15 42 9 190 173 191 113 171 93 82 69 43 201 192 159 118 139 116 132 59 112 147 28 57 117 120 215 67 182 68 53 69 29 193 182 68 116 114 45 22 171 194 111 6 10 195 171 194 193 163 106 5 161 20 73 162 25 196 99 105 74 138 156 137 27 197 27 197 96 161 74 138 161 20 125 86 34 18 43 73 200 95 76 198 107 0 76 198 23 199 183 77 77 54 152 33 210 200 17 72 143 10 157 158 17 72 210 200 24 98 8 150 79 99 120 27 129 165 166 201 192 30 19 127 177 159 177 159 19 127 217 80 77 54 4 187 181 202 181 202 4 187 40 104 188 129 31 203 130 130 45 22 82 204 175 8 27 197 156 137 153 87 21 140 67 88 153 87 84 123 148 205 115 124 148 205 84 123 51 58 24 98 36 144 141 96 85 37 187 141 145 132 64 184 43 73 86 1 163 186 26 185 64 184 2 206 135 166 87 49 87 49 83 48 128 71 54 101 5 134 88 175 186 14 68 13 54 101 5 134 124 112 89 89 185 176 88 175 5 134 8 150 94 79 90 31 176 100 79 99 8 150 0 207 55 208 91 209 145 132 208 38 85 37 48 210 32 211 92 9 135 166 194 47 102 46 93 82 113 171 158 170 20 182 160 181 93 82 94 79 216 126 41 154 179 32 90 31 94 79 209 212 38 17 144 16 147 148 38 17 209 212 96 161 134 23 45 22 45 22 116 114 206 160 215 67 117 120 205 122 97 177 119 142 14 143 55 208 13 146 98 125 112 147 132 59 13 146 99 105 46 103 150 102 46 103 99 105 25 196 32 211 58 213 100 25 100 25 155 66 118 65 169 62 80 61 12 81 167 168 101 167 12 81 102 46 62 85 135 166 20 182 62 85 102 46 103 84 191 83 22 128 103 84 22 128 87 49 150 102 198 106 99 105 207 12 104 56 11 188 12 81 49 119 167 168 180 35 105 34 49 119 25 196 73 162 106 5 212 75 95 53 106 5 53 69 15 42 107 0 23 199 53 69 107 0 93 82 160 181 214 155 108 183 114 111 3 110 109 157 57 94 43 73 195 109 157 158 43 73 110 149 147 148 18 214 49 119 159 118 218 173 111 6 188 129 33 174 89 89 111 6 33 174 201 192 28 57 112 147 144 16 70 15 112 147 82 204 113 171 172 131 173 191 9 190 113 171 114 111 151 11 17 72 17 72 157 158 114 111 115 124 148 205 60 180 138 78 115 124 60 180 171 194 10 195 116 114 168 52 35 51 116 114 182 68 29 193 117 120 178 93 131 92 117 120 6 178 118 65 211 64 118 65 6 178 126 179 56 133 145 132 119 142 97 177 56 133 119 142 120 27 44 215 53 69 79 99 192 30 120 27 121 216 91 209 55 208 98 125 121 216 55 208 122 107 42 156 214 155 107 0 42 156 122 107 123 76 52 217 218 173 152 33 52 217 123 76 142 135 59 139 124 112 203 113 124 112 59 139 125 86 161 20 16 70 83 48 125 86 16 70 190 26 57 94 109 157 204 121 57 94 126 179 189 63 61 151 137 97 94 79 61 151 127 40 128 71 2 206 87 49 166 201 129 165 24 98 199 145 24 98 129 165 172 131 130 130 82 204 130 130 31 203 82 204 53 69 23 199 131 92 200 95 117 120 131 92 132 59 98 125 13 146 98 125 132 59 84 123 120 27 133 29 47 164 215 67 199 145 133 29 134 23 66 91 22 128 66 91 134 23 96 161 92 9 135 166 48 210 2 206 48 210 135 166 136 136 34 18 67 88 34 18 136 136 154 19 137 97 39 36 189 63 39 36 137 97 141 96 138 78 30 39 115 124 30 39 138 78 127 40 139 116 28 57 201 192 28 57 139 116 140 115 140 115 51 58 28 57 51 58 140 115 148 205 141 96 85 37 39 36 85 37 141 96 36 144 142 135 67 88 21 140 67 88 142 135 136 136 143 10 92 9 32 211 100 25 143 10 32 211 144 16 112 147 37 3 106 5 144 16 37 3 91 209 145 132 0 207 145 132 155 66 0 207 146 50 27 197 83 48 96 161 27 197 146 50 65 218 18 214 147 148 147 148 149 74 65 218 148 205 140 115 7 172 7 172 60 180 148 205 149 74 99 105 40 104 40 104 65 218 149 74 165 189 11 188 150 102 198 106 150 102 11 188 151 11 63 45 194 47 108 183 63 45 151 11 167 168 152 33 1 60 152 33 77 54 1 60 27 197 153 87 83 48 125 86 83 48 153 87 54 101 46 103 154 19 46 103 193 163 154 19 155 66 100 25 58 213 58 213 0 207 155 66 156 137 21 140 153 87 59 139 21 140 156 137 43 73 157 158 109 157 210 200 109 157 157 158 62 85 20 182 158 170 93 82 158 170 20 182 18 214 159 118 110 149 70 15 110 149 159 118 3 110 160 181 108 183 63 45 108 183 160 181 75 4 16 70 161 20 161 20 106 5 75 4 111 6 162 90 35 51 35 51 162 90 124 112 107 0 163 186 86 1 86 1 163 186 64 184 76 198 164 2 43 73 107 0 164 2 76 198 207 12 165 189 68 13 68 13 165 189 150 102 120 27 166 201 79 99 79 99 166 201 24 98 152 33 167 168 105 34 105 34 167 168 49 119 111 6 168 52 10 195 10 195 168 52 116 114 101 167 169 62 12 81 1 60 169 62 101 167 15 42 170 44 42 156 42 156 170 44 93 82 72 7 171 194 45 22 111 6 171 194 72 7 9 190 172 131 113 171 15 42 172 131 9 190 15 42 173 191 69 43 69 43 173 191 113 171 192 30 174 153 19 127 19 127 174 153 216 126 188 129 175 8 31 203 31 203 175 8 82 204 192 30 176 100 90 31 90 31 176 100 8 150 1 60 177 159 80 61 80 61 177 159 217 80 29 193 178 93 117 120 53 69 178 93 29 193 41 154 179 32 94 79 192 30 179 32 41 154 52 217 180 35 218 173 152 33 180 35 52 217 77 54 181 202 81 55 81 55 181 202 40 104 120 27 182 68 71 28 71 28 182 68 215 67 77 54 183 77 4 187 4 187 183 77 213 152 107 0 184 108 26 185 26 185 184 108 64 184 89 89 185 176 5 134 33 174 185 176 89 89 33 174 186 14 88 175 88 175 186 14 54 101 187 141 36 144 119 142 36 144 187 141 85 37 172 131 15 42 188 129 127 40 189 63 202 41 61 151 189 63 127 40 126 179 190 26 100 25 57 94 190 26 126 179 191 83 158 170 50 169 50 169 197 21 191 83 192 30 1 60 44 215 44 215 120 27 192 30 193 163 46 103 25 196 193 163 25 196 106 5 151 11 194 47 92 9 135 166 92 9 194 47 3 110 195 109 64 184 43 73 64 184 195 109 49 119 12 81 196 117 7 172 196 117 12 81 45 22 197 21 82 204 113 171 82 204 197 21 11 188 104 56 198 106 104 56 81 55 198 106 129 165 47 164 199 145 47 164 133 29 199 145 131 92 23 199 200 95 23 199 76 198 200 95 70 15 201 192 112 147 159 118 201 192 70 15 98 125 202 41 121 216 91 209 121 216 202 41 206 160 203 113 74 138 59 139 74 138 203 113 205 122 204 121 6 178 126 179 6 178 204 121 14 143 205 122 97 177 6 178 97 177 205 122 45 22 206 160 96 161 74 138 96 161 206 160 186 14 33 174 207 12 207 12 33 174 77 54 145 132 91 209 208 38 202 41 208 38 91 209 144 16 95 53 209 212 147 148 209 212 95 53 143 10 78 24 210 200 109 157 210 200 78 24 155 66 56 133 211 64 97 177 211 64 56 133 212 75 106 5 73 162 149 74 212 75 73 162 40 104 213 152 65 218 18 214 65 218 213 152 64 184 214 155 3 110 160 181 3 110 214 155 199 145 215 67 14 143 205 122 14 143 215 67 217 80 216 126 60 180 94 79 60 180 216 126 60 180 7 172 217 80 12 81 217 80 7 172 159 118 18 214 218 173 213 152 218 173 18 214</p>
        </polylist>
      </mesh>
    </geometry>
    <geometry id="bolt11Mesh-mesh" name="bolt11Mesh">
      <mesh>
        <source id="bolt11Mesh-mesh-positions">
          <float_array id="bolt11Mesh-mesh-positions-array" count="405">0.2390519 -9.331963 -2.766247 0.05777698 -9.981095 -4.550385 0.04666095 -10.86394 -3.050247 0.05777698 6.022888 7.257133 0.04666095 6.905731 8.75729 0.2390519 5.37384 9.041272 0.05777698 -6.093933 -9.779805 0.04666095 -6.976921 -8.27966 0.2390519 -5.444946 -7.995678 0.05777698 -6.022804 7.25713 0.04666095 -6.905647 8.757287 0.2390519 -5.373741 9.041268 0.05777698 10.08183 1.98835 0.04666095 10.96475 3.488495 0.2390519 9.432693 3.772472 0.239449 -0.392502 -11.31804 0.04666095 0.809052 -10.38018 0.2390519 -0.723007 -10.09618 0.05777698 -10.08167 1.988346 0.2390519 -9.432534 3.772469 0.04666095 -10.96459 3.488491 -0.707886 -0.766693 11.37592 0.04666095 1.044769 10.83185 0.2390519 -0.487366 11.11586 0.04666095 6.976929 -8.279656 0.2390519 5.444946 -7.995674 0.239449 5.775375 -9.217511 0.04666095 10.86409 -3.050243 0.2390519 9.332048 -2.766243 0.239449 9.662552 -3.988098 0.239449 -0.1568599 9.894001 -0.707703 5.658936 -9.561284 -0.707703 9.546036 -4.331852 -0.707886 9.052567 -2.506165 -0.707886 5.165558 -7.735588 -0.707886 -9.153138 4.032562 -0.707886 9.153306 4.032566 0.04655498 -8.841996 -3.501053 1.257271 10.46892 2.741688 1.257271 6.410065 8.010495 1.257271 -10.46883 2.741684 1.257271 -6.481018 -9.026463 1.257271 -6.409897 8.010491 1.257271 -10.36819 -3.797031 0.04655498 4.883789 8.306473 0.04655498 -4.883629 8.306469 0.04655498 -4.954834 -8.730484 -0.707886 -9.052491 -2.506168 -0.707886 -1.002396 -9.836091 0.04647099 0.475876 -11.3722 0.04647099 0.711594 9.83984 0.04655498 -1.212967 -10.831 -0.707703 -5.587646 7.475655 -0.707703 -5.658852 -9.561287 -0.707703 5.587738 7.475658 1.256958 6.150909 -7.804668 1.256958 10.03792 -2.575256 0.04655498 8.942658 3.03767 0.04655498 -8.942566 3.037666 -0.707703 -0.273315 9.55024 -0.707886 -5.094269 9.301365 -0.707886 -5.165474 -7.735592 -0.707886 5.094437 9.301369 -0.707741 6.713486 -9.276551 -0.707741 10.60057 -4.047138 -0.707703 9.646683 2.206863 -0.707703 -9.646592 2.20686 -0.707703 -9.545945 -4.331856 -0.707741 0.545517 -11.37707 -0.707741 0.78125 9.834973 -0.707741 10.70116 2.491611 -0.707741 6.642349 7.760387 -0.861847 5.152954 9.265554 -1.257469 5.927277 8.690011 -0.861794 5.620148 7.538124 -0.861847 9.111237 -2.541981 -1.257469 9.885499 -3.117523 -0.861794 9.578446 -4.269409 -0.861847 5.224228 -7.771393 -1.257469 5.998489 -8.346936 -0.861794 5.69136 -9.498818 -0.861847 -0.708023 11.34012 -1.257469 0.06625396 10.76459 -0.861794 -0.240906 9.612702 -0.861847 9.211899 3.996765 -0.861794 9.679093 2.269329 -1.257469 9.986161 3.421211 -0.861847 -0.943726 -9.871914 -1.257469 -0.169464 -10.44745 -0.861794 -0.476532 -11.59934 -0.861847 -9.111161 -2.541985 -0.861794 -9.578278 -4.269413 -1.257469 -9.885491 -3.117527 -0.861847 -9.211808 3.996761 -0.861794 -9.679078 2.269325 -1.257469 -9.986138 3.421207 -0.861847 -5.15287 9.265549 -0.861794 -5.620056 7.53812 -1.257469 -5.9272 8.690007 -0.861847 -5.224144 -7.771397 -0.861794 -5.691116 -9.498822 -1.257469 -5.998322 -8.34694 -0.707741 -6.713318 -9.276555 -0.707741 -6.642197 7.760384 -0.707741 -10.70106 2.491608 1.257332 -0.674484 10.41023 -0.707741 -10.60049 -4.047142 0.04647099 6.643921 -9.27166 0.04647099 10.53093 -4.042259 -0.707703 -0.508942 -11.6618 0.04655498 8.84201 -3.501049 0.04655498 4.955002 -8.730481 0.04655498 -0.977325 10.38104 1.257332 9.144913 -3.471886 1.257332 5.257751 -8.701279 1.206223 0.218719 11.30685 1.206223 -0.01698297 -9.905182 1.256958 6.079636 9.232277 1.256958 10.13858 3.963482 1.256958 -6.150742 -7.804672 1.256958 -10.03777 -2.57526 1.256958 -6.079544 9.232274 1.256958 -10.13849 3.963478 1.257332 -5.257668 -8.701284 1.257332 -5.186539 8.335652 1.257332 -9.245408 3.066868 1.257332 9.245484 3.066872 1.257332 5.18663 8.335656 0.239243 -10.18914 -2.006214 0.239243 0.134247 -9.336136 1.257332 -0.910202 -10.80181 0.239243 6.302139 -7.235619 0.239243 10.28996 4.532532 0.239243 10.18922 -2.00621 0.239243 0.369965 11.8759</float_array>
          <technique_common>
            <accessor source="#bolt11Mesh-mesh-positions-array" count="135" stride="3">
              <param name="X" type="float"/>
              <param name="Y" type="float"/>
              <param name="Z" type="float"/>
            </accessor>
          </technique_common>
        </source>
        <source id="bolt11Mesh-mesh-normals">
          <float_array id="bolt11Mesh-mesh-normals-array" count="615">-1 8.45406e-6 -1.02496e-4 0.4699204 0.7862742 0.4011829 0.5678693 -0.2113998 -0.795509 -1 -8.41037e-6 -1.02493e-4 -1 8.42585e-6 -1.02495e-4 0.714269 0.688755 -0.1242432 0.7311197 -0.5159589 -0.4463749 0.1632153 -0.1112415 -0.9802991 -1 8.30975e-6 -1.02494e-4 0.5678599 0.2114138 -0.795512 0.1632148 0.1112717 -0.9802957 0.7311182 0.5159882 -0.4463434 0.7142663 -0.6887524 -0.1242733 -1 -8.42573e-6 -1.02494e-4 -1 -8.42576e-6 -1.02495e-4 0.3453676 -0.6549448 0.6721373 -1 8.26694e-6 -1.02494e-4 0.7142813 0.6887363 -0.1242759 0.7310925 -0.5160222 -0.4463464 -0.7736048 0.4470923 0.4490483 0.3392991 0.01673924 -0.9405297 0.4718404 0.04995584 -0.8802676 -0.7572547 0.4759224 0.4472844 0.4718275 0.04994988 -0.8802748 -0.7572889 0.4758644 0.4472883 0.47184 0.04994881 -0.8802683 0.3640042 -0.8161273 0.4488179 -0.5931735 -0.5437932 0.5936618 -0.5180943 -0.3219168 -0.7924317 0.04571759 -0.9727354 -0.2273673 0.3393077 0.01675206 -0.9405263 0.3392922 0.01673865 -0.9405322 -0.5931429 -0.5437932 0.5936923 -0.5180869 -0.3218817 -0.7924508 0.04574805 -0.972734 -0.227367 -0.7735994 0.4470911 0.4490585 0.3641277 -0.8160626 0.4488349 -0.7735903 0.4471085 0.4490571 0.3640554 -0.8161195 0.4487901 -0.01350367 -0.7054447 0.7086364 0.01879996 0.9841606 -0.1762803 -0.6319314 0.3896391 -0.6699583 -0.5094506 0.3401016 0.7904372 -0.7736069 0.4471043 0.4490327 -0.5931726 -0.5437618 0.5936914 -0.6319314 -0.3896391 -0.6699583 0.01879948 -0.9841668 -0.1762454 0.2024616 0.9587473 -0.1995317 0.8306193 -0.3221946 -0.4541611 0.2379298 -0.07883179 -0.968078 -0.3901863 -0.2399797 -0.888912 -0.1255573 0.9425342 0.3096204 -0.2764766 0.1414715 0.9505507 -0.2764737 0.14149 0.9505487 0.7310909 0.5160516 -0.4463149 0.1632153 0.1112415 -0.9802991 -0.3072639 0.8460135 0.4357178 0.05005055 0.3492248 0.9357014 -0.3072404 -0.8460327 0.4356973 0.6086783 -0.1564117 0.7778471 -0.2764689 -0.1414831 0.9505511 -0.3072366 -0.8460527 0.4356613 -0.2764726 -0.1414886 0.9505492 -0.3072363 -0.8460214 0.4357219 0.1632148 -0.1112717 -0.9802957 0.7311066 -0.5160107 -0.4463364 -0.125526 -0.9425289 0.3096492 -0.2764608 -0.1414952 0.9505517 0.3377199 -0.666835 0.6642864 -0.5094559 -0.3400747 0.7904455 -0.6319292 -0.3896988 -0.6699255 0.0187996 -0.9841721 -0.1762158 0.3377237 0.6668342 0.6642852 -0.5230131 0.8227964 -0.222404 0.3376964 0.666812 0.6643214 -0.5230141 0.8227953 -0.2224054 0.364116 0.8160955 0.4487848 -0.773598 -0.4470926 0.4490596 -0.7736009 0.4471048 0.4490422 0.3640582 -0.8161149 0.4487962 -0.7572832 0.475889 0.4472715 0.7586451 0.482672 -0.4375905 -0.7572729 0.4759016 0.4472755 0.7586475 0.4826714 -0.437587 0.3392944 0.01674795 -0.9405313 0.04568713 -0.9727367 -0.2273676 0.8246318 -0.5150745 -0.2338389 0.3919634 -0.6139326 0.6851654 -0.3901898 -0.2399908 -0.8889074 0.1732956 0.6681828 -0.7235333 -0.3901691 -0.2400143 -0.8889101 0.173252 0.6682052 -0.7235231 0.1733101 -0.6682051 -0.7235093 -0.3901817 0.2399794 -0.888914 -0.2764875 0.141479 0.9505464 0.8157559 -0.5252712 -0.2421417 0.3910765 -0.6134108 0.6861387 -0.2764648 0.1414887 0.9505515 0.8157801 -0.5252062 -0.2422009 0.3911097 -0.6133845 0.6861433 0.3640654 -0.816075 0.448863 0.3377413 -0.666792 0.6643186 0.3377855 0.6667867 0.6643015 0.3640658 0.816106 0.4488064 -1 -8.42516e-6 -1.02495e-4 -0.5931833 -0.5437717 0.5936716 -0.5180994 -0.3218894 -0.7924395 -0.01356071 -0.7054506 0.7086294 -0.5094559 0.3400747 0.7904455 0.05005073 0.3491344 0.9357351 0.01883012 0.9841715 -0.1762157 0.3641299 0.816028 0.4488963 -0.01357775 -0.7054654 0.7086144 -0.01351052 0.705455 0.708626 0.05005162 -0.3491712 0.9357213 -1 -8.42522e-6 -1.02495e-4 0.03029 0.2605509 -0.9649848 0.03029942 0.260538 -0.9649881 -1 -8.30989e-6 -1.02496e-4 -0.390189 0.2400224 -0.8888993 0.1732957 -0.6681756 -0.7235399 0.1732532 0.6682023 -0.7235254 -0.390172 -0.2400242 -0.8889062 0.1733021 0.6682033 -0.7235128 -0.6319368 0.3896729 -0.6699335 -0.5931439 0.5438246 0.5936627 0.08923274 0.9441763 -0.3171257 0.0303055 0.2605653 -0.9649805 0.0302928 0.2605475 -0.9649857 0.0892471 0.9441745 -0.3171269 0.3437486 0.8104069 -0.4744234 -0.7572977 0.4758757 0.4472613 -0.7987807 0.01118975 0.6015183 0.3439148 0.8103747 -0.4743582 -0.8336653 -0.5331112 -0.1442037 -0.8336289 -0.5331685 -0.1442027 -0.8336424 -0.5331466 -0.144205 -0.8336554 -0.5331354 -0.1441714 0.8336272 0.5331654 0.144223 0.8336697 -0.5331094 0.1441848 -0.8336387 0.5331442 -0.1442349 -0.8336653 0.5331112 -0.1442037 0.8336324 -0.533175 0.1441578 0.3437839 -0.8103801 -0.4744439 -0.7987797 -0.01118963 0.6015195 -0.7987813 -0.01118963 0.6015175 0.3438517 -0.8103946 -0.4743698 -0.798776 -0.0111891 0.6015245 0.3438128 -0.810387 -0.4744108 0.3919552 -0.6139197 0.6851815 0.8246546 -0.5150391 -0.2338368 0.7128023 0.2672856 0.6484377 -0.757259 -0.4759125 0.4472876 0.3438562 -0.8103885 -0.474377 -0.01355028 0.9461733 0.3233768 0.7296229 0.2599627 0.6325107 0.3798497 0.5868352 -0.7150796 0.08914709 0.9442306 -0.3169881 -0.01352006 0.9461924 0.3233223 0.7296345 0.2599058 0.6325208 0.3798729 0.5867628 -0.7151267 0.08923363 0.9441805 -0.3171131 -0.5229902 -0.8228012 -0.2224396 0.3452683 -0.5377613 -0.769157 0.3453062 -0.5377269 -0.7691642 0.3709918 -0.2115288 -0.9042239 0.345274 -0.5377933 -0.7691322 0.3709973 -0.2115929 -0.9042066 0.3452771 -0.5377564 -0.7691565 0.3709894 -0.2115579 -0.904218 0.3377766 -0.6668241 0.6642685 0.7527873 0.4665613 -0.4643617 0.3377693 -0.666762 0.6643346 0.7528012 0.4665054 -0.4643953 -0.2887669 0.1393209 0.9472083 -0.006073176 0.9468746 0.3215455 0.3842377 0.5870383 -0.7125641 -0.2887602 0.1393241 0.9472098 0.7128081 0.2672572 0.6484429 0.3842391 0.5870711 -0.7125363 0.6086812 0.156382 0.7778508 1 1.27e-4 2.90571e-4 1 1.26997e-4 2.90559e-4 0.6086783 0.1564117 0.7778471 1 -1.26876e-4 2.90555e-4 0.7182711 -0.00463891 0.6957479 0.7555066 0.6324689 -0.170859 0.6086812 -0.156382 0.7778508 1 -1.27007e-4 2.90565e-4 1 -1.26998e-4 2.9056e-4 0.0187996 0.9841721 -0.1762158 0.05002027 0.3491349 0.9357365 0.3910756 -0.613379 0.6861678 0.3724377 0.6157529 0.694362 0.3585726 -0.3590609 0.861685 0.4720465 0.6256211 0.6211042 0.3723971 -0.6157377 0.6943972 0.358542 0.3590914 0.861685 0.4718452 0.0499624 -0.8802648 0.3723953 -0.6157678 0.6943715 0.3585726 0.3590609 0.861685 0.372398 -0.6157387 0.6943958 0.372441 -0.6157512 0.6943617 0.3585366 0.3590553 0.8617023 0.3723452 -0.6157189 0.6944418</float_array>
          <technique_common>
            <accessor source="#bolt11Mesh-mesh-normals-array" count="205" stride="3">
              <param name="X" type="float"/>
              <param name="Y" type="float"/>
              <param name="Z" type="float"/>
            </accessor>
          </technique_common>
        </source>
        <vertices id="bolt11Mesh-mesh-vertices">
          <input semantic="POSITION" source="#bolt11Mesh-mesh-positions"/>
        </vertices>
        <polylist material="mattemetal_001-material" count="180">
          <input semantic="VERTEX" source="#bolt11Mesh-mesh-vertices" offset="0"/>
          <input semantic="NORMAL" source="#bolt11Mesh-mesh-normals" offset="1"/>
          <vcount>3 3 3 3 3 3 3 3 3 3 3 3 3 3 3 3 3 3 3 3 3 3 3 3 3 3 3 3 3 3 3 3 3 3 3 3 3 3 3 3 3 3 3 3 3 3 3 3 3 3 3 3 3 3 3 3 3 3 3 3 3 3 3 3 3 3 3 3 3 3 3 3 3 3 3 3 3 3 3 3 3 3 3 3 3 3 3 3 3 3 3 3 3 3 3 3 3 3 3 3 3 3 3 3 3 3 3 3 3 3 3 3 3 3 3 3 3 3 3 3 3 3 3 3 3 3 3 3 3 3 3 3 3 3 3 3 3 3 3 3 3 3 3 3 3 3 3 3 3 3 3 3 3 3 3 3 3 3 3 3 3 3 3 3 3 3 3 3 3 3 3 3 3 3 3 3 3 3 3 3 </vcount>
          <p>47 0 67 0 106 0 120 1 37 1 0 1 3 2 39 2 127 2 62 3 71 3 54 3 53 4 102 4 61 4 123 5 41 6 6 7 52 8 103 8 60 8 124 9 42 9 9 9 12 10 38 11 126 12 70 13 65 13 36 13 68 14 109 14 48 14 116 15 17 15 130 15 35 16 66 16 104 16 125 17 40 18 18 7 69 19 21 19 134 19 50 20 30 20 59 20 107 21 114 21 26 21 131 22 24 22 63 22 108 23 113 23 29 23 133 24 27 24 64 24 50 25 105 25 30 25 112 26 23 26 21 26 34 27 31 28 111 29 107 30 26 30 31 30 108 31 29 31 32 31 33 32 32 33 110 34 64 35 33 35 133 35 110 36 28 36 33 36 63 37 34 37 131 37 111 38 25 38 34 38 19 39 35 39 104 39 58 40 66 41 35 42 70 43 36 43 132 43 36 44 65 45 57 46 37 47 43 48 1 49 1 50 106 50 67 50 38 11 12 10 13 51 118 52 13 52 14 52 117 53 4 53 5 53 39 54 3 55 4 56 19 57 20 58 122 59 20 58 18 7 40 18 8 60 7 60 119 60 7 61 6 7 41 6 11 62 10 62 121 62 10 63 9 64 42 65 2 66 1 49 43 48 0 67 2 67 120 67 5 68 127 68 117 68 62 69 54 70 44 71 121 72 124 72 11 72 45 73 52 73 60 73 119 74 123 74 8 74 46 75 53 75 61 75 47 76 0 76 37 76 128 77 47 77 106 77 68 78 48 78 129 78 51 79 17 79 48 79 129 80 16 80 68 80 49 81 116 81 130 81 134 82 22 82 69 82 50 83 115 83 105 83 49 84 15 84 109 84 51 85 130 86 17 87 9 88 103 88 52 88 52 89 45 89 9 89 6 90 102 90 53 90 53 91 46 91 6 91 3 92 44 92 54 92 54 93 71 93 3 93 55 94 24 94 25 94 114 95 25 96 111 29 56 97 27 97 28 97 113 98 28 99 110 34 57 100 14 100 36 100 14 101 126 101 118 101 122 102 125 102 19 102 35 103 19 103 58 103 69 104 59 104 21 104 21 105 59 106 112 29 11 107 60 107 103 107 60 108 11 109 45 110 61 111 8 111 46 111 8 112 61 112 102 112 71 113 62 113 5 113 44 71 5 114 62 69 63 115 31 115 34 115 31 116 63 116 107 116 32 117 64 117 108 117 64 118 32 118 33 118 65 119 70 119 12 119 12 120 57 120 65 120 66 121 58 121 18 121 18 122 104 122 66 122 67 123 37 123 1 123 37 47 67 124 47 125 16 126 49 126 68 126 109 127 68 127 49 127 59 128 69 128 50 128 22 129 50 129 69 129 13 130 12 130 70 130 132 131 13 131 70 131 5 132 4 132 71 132 4 133 3 133 71 133 73 134 74 134 72 134 76 135 77 135 75 135 79 136 80 136 78 136 82 137 83 137 81 137 85 138 86 138 84 138 88 135 89 135 87 135 91 139 90 139 92 139 93 140 94 140 95 140 96 141 97 141 98 141 100 142 99 142 101 142 102 143 6 143 7 143 102 144 7 144 8 144 103 145 10 145 11 145 103 146 9 146 10 146 104 147 20 147 19 147 104 148 18 148 20 148 23 149 105 150 115 151 105 150 23 149 112 29 106 152 2 152 128 152 106 153 1 153 2 153 24 154 55 155 107 156 24 157 107 157 63 157 27 158 56 159 108 160 27 161 108 161 64 161 48 162 109 162 51 162 15 163 51 163 109 163 29 164 110 164 32 164 113 98 110 34 29 165 26 166 111 166 31 166 114 95 111 29 26 167 30 168 112 168 59 168 105 150 112 29 30 169 28 170 113 170 56 170 108 171 56 171 113 171 25 172 114 172 55 172 107 173 55 173 114 173 115 174 22 174 23 174 22 175 115 151 50 176 116 177 16 177 17 177 16 175 116 178 49 179 4 56 117 180 39 54 39 181 117 181 127 181 38 182 118 182 126 182 13 51 118 183 38 11 119 184 41 184 123 184 41 6 119 59 7 61 43 48 120 185 2 66 120 186 43 186 37 186 42 65 121 187 10 63 121 188 42 188 124 188 40 18 122 59 20 58 122 189 40 189 125 189 46 190 8 191 123 5 6 7 46 190 123 5 45 110 11 109 124 17 9 64 45 110 124 17 58 40 19 57 125 17 18 7 58 40 125 17 126 12 57 46 12 10 126 12 14 192 57 46 127 12 5 114 44 71 127 12 44 71 3 55 47 193 128 193 0 193 128 194 2 66 0 195 17 196 129 196 48 196 17 87 16 175 129 197 130 86 51 85 15 169 49 198 130 198 15 198 25 199 131 199 34 199 25 96 24 154 131 200 14 201 132 201 36 201 14 192 13 51 132 197 28 202 133 202 33 202 28 99 27 158 133 203 23 204 134 204 21 204 23 149 22 175 134 197</p>
        </polylist>
      </mesh>
    </geometry>
    <geometry id="rim14Mesh-mesh" name="rim14Mesh">
      <mesh>
        <source id="rim14Mesh-mesh-positions">
          <float_array id="rim14Mesh-mesh-positions-array" count="1272">26.99294 -26.68126 -10e-7 -12.3835 -2.246901 26.50589 -2.729388 3.437075 -23.98424 -4.062807 19.01916 15.93279 -12.38346 -21.83133 -15.19879 -13.62987 27.86866 -4.906281 27.0583 22.31263 -22.31266 -9.883011 -23.34606 10.0176 26.25699 12.88593 27.63401 -1.9753 -16.40625 -16.29172 -25.84536 -12.7617 -27.37081 -25.84537 15.09887 26.15456 26.99294 -13.34062 -23.10667 -25.84536 21.35546 -21.3537 -1.665459 0.727711 13.96321 -1.975323 -14.88795 17.69879 -25.84538 -19.41323 23.13376 -2.57217 16.39381 -16.21105 -25.84538 -29.7419 5.243576 -1.9753 22.3122 -6.062369 27.0583 30.47966 8.167025 27.05828 -22.31267 22.31268 -2.196054 -21.20813 -10.12804 -2.152465 0.776081 -13.93924 -15.64105 -23.3348 16.3271 -25.84536 30.19995 0.001268982 -12.38346 21.83133 15.1988 -25.84536 5.245085 -29.74165 27.0583 5.47951 -31.07571 -2.152465 11.6837 7.641722 -2.19607 1.832935 23.43083 -15.64104 -27.50448 -7.381418 -15.64105 7.359772 27.51031 -27.1089 2.713734 31.01854 -12.38346 2.246848 -26.50588 -2.152494 -12.45974 6.297532 -9.56069 23.77087 10.17547 -10.83098 21.2901 -14.17544 -15.64104 14.24787 -24.65524 -2.152465 12.45978 -6.297515 -1.975323 -22.31219 6.062384 26.25698 -5.294706 30.02774 -25.84536 -28.3786 -10.33021 26.25701 -26.40592 -15.24548 -15.64104 2.490604 -28.37208 -2.152465 -11.6837 -7.641713 27.0583 24.17256 20.28326 27.0583 29.65208 -10.79246 -12.63982 -17.48736 20.84064 -25.84536 26.15387 15.10112 -15.64104 -14.22816 -24.6666 -12.63978 -9.304841 -25.56482 -13.62988 -9.68531 26.5881 -12.63978 -26.79221 -4.724187 -2.196054 21.20816 10.12806 -12.63981 9.304839 25.56483 -4.353726 -5e-5 28.41677 -4.353708 -24.60963 -14.20839 -4.353708 24.60967 14.2084 -9.882994 23.346 -10.01759 -25.84536 -23.1345 -19.41322 -4.480164 -4.110601 -24.02979 26.99294 -13.34063 23.10668 -25.84536 26.1549 -15.09933 27.06443 -2.336836 -26.70972 -13.62987 18.18328 21.68181 -12.63978 17.48739 -20.84061 -4.353726 -24.60963 14.20838 -4.353708 -3.4e-5 -28.41676 -25.84538 -10.32989 28.37904 -20.59931 28.61989 0.006382942 -13.62988 -27.86863 4.90629 27.05828 -29.65208 10.79247 -25.84538 -26.15485 15.09935 -15.64104 27.50451 7.38143 -4.062826 -4.288614 24.43746 27.0583 -20.28321 -24.17262 -20.59931 -28.61985 -0.006372988 -20.59931 -2.499274 28.51339 -2.19607 -19.37517 13.30278 27.06443 21.96291 -15.37857 27.06443 24.2997 11.33115 -2.019113 -7.298723 8.698247 -15.64104 -23.32563 -16.34296 -15.64104 20.14475 -20.12887 27.06442 -21.96286 15.37858 -15.64104 -7.359722 -27.5103 -25.84536 -5.243027 -29.74166 27.06442 2.336788 26.70974 -2.019386 -10.68188 -3.884411 -1.975321 7.883646 21.74275 -2.572178 -22.9911 -2.00777 26.99294 26.68132 1.6e-5 -15.64104 23.32567 16.34298 -2.01908 11.18223 1.971743 -12.63978 26.79222 4.724198 -20.59931 -23.44878 16.41224 -25.84536 29.17057 7.817537 26.99294 13.34065 -23.10667 27.06442 -25.89817 6.939389 -20.59931 14.30441 24.78872 -4.353708 27.98504 -4.934504 27.06443 6.939381 -25.89814 -4.353724 -27.98504 4.934515 -4.353708 9.719101 -26.70301 -4.353708 18.26593 21.76851 -4.353708 -18.26596 -21.7685 -4.353726 -9.719115 26.70303 -20.59931 14.31545 -24.78233 -1.758591 0.00791496 -17.83166 -2.196054 19.37524 -13.30277 -10.831 -21.29009 14.17545 -1.758591 15.44664 -8.908953 -3.104159 -15.26656 18.15452 -20.59931 -25.93782 -12.10113 27.0583 -8.166935 -30.47968 -2.185589 -2.018577 15.80634 26.99294 13.34066 23.1067 27.0583 -30.47963 -8.167 -20.59931 -14.30436 -24.7887 -20.59931 -12.10014 25.93757 -1.758591 -15.43869 -8.9227 -1.758591 15.43872 8.922711 -20.59931 25.93785 12.10114 -20.59931 23.44881 -16.41223 -10.831 1.631271 25.52551 -10.83098 -1.631275 -25.52549 -10.83098 -22.92132 -11.35005 -4.353708 24.60969 -14.20836 27.05828 -15.77753 27.32754 -1.758622 -15.44662 8.908967 -4.353708 18.26593 -21.76849 27.06443 -18.95878 -18.95876 -13.62988 -16.23823 23.16551 -25.84536 15.10107 -26.15329 27.06443 25.89818 -6.939372 -2.555013 23.74911 4.216965 -20.59931 -2.489003 -28.51337 27.06443 18.95878 18.95878 -25.84536 19.41199 23.13547 -2.57217 22.99114 2.007778 27.05829 15.77752 27.32754 -2.57217 -11.54177 -19.98485 -25.84536 -30.08469 -2.633425 27.0583 31.55514 3.2e-5 -1.975301 -22.77157 -4.043959 27.05829 -31.55512 -1.7e-5 -1.9753 14.88798 -17.69877 26.25698 -17.48878 24.97655 -13.62987 26.59393 -9.670021 -4.480185 4.110615 24.02981 -2.196054 -1.832943 -23.43082 -4.353708 27.98504 4.934533 -13.62987 9.685347 -26.58808 -13.62987 -18.18329 -21.68181 -20.59931 -27.64905 7.404795 -20.59931 27.64904 -7.404784 27.0583 15.77758 -27.32751 -11.12464 22.22157 12.82162 -2.572185 11.54171 19.98487 27.06443 -24.29968 -11.33114 -4.353726 -18.26597 21.76851 -4.353724 9.719094 26.70304 -4.353708 -9.719101 -26.70303 -4.353708 -27.98505 -4.934526 -13.62988 -26.5939 9.67004 27.05828 -5.47956 31.07573 -4.062807 -19.01912 -15.93277 -20.59931 7.401527 27.64719 -2.01908 -3.883531 -10.66998 -4.480164 -22.86572 -8.454978 -25.84536 29.74189 -5.243567 27.05828 5.479502 31.07573 -3.104141 8.095234 -22.29741 -4.480185 -18.75507 15.57482 26.257 -30.37474 -2.657455 26.257 17.48877 -24.97654 26.257 -12.88597 -27.634 26.257 30.37471 2.657465 -20.59931 20.23727 20.24238 -20.59931 -20.23723 -20.24236 -20.59931 7.411755 -27.64716 -15.64105 -2.490606 28.3721 -2.019418 -10.68235 3.883392 -1.9753 16.4063 16.29174 -2.019386 8.704964 -7.308558 -1.975323 -5.905922 22.35412 26.25698 -26.40592 15.24548 26.25701 26.40597 15.2455 26.25701 26.40597 -15.24547 26.25701 -3.5e-5 -30.49096 27.06442 -6.939404 25.89815 -11.65591 25.70314 -0.002992987 -11.65592 -25.70311 0.002990961 -1.9753 -7.883649 -21.74274 -11.65592 12.85414 22.25807 -25.84538 -5.245114 29.74167 -4.062826 -23.30776 8.504683 -4.480164 18.75507 -15.57481 -25.84536 10.32992 -28.37903 -12.63978 9.304843 -25.5648 -12.63978 17.48738 20.84065 -12.63978 -17.48736 -20.84063 -12.63982 -9.304841 25.56482 -25.84536 -19.41204 -23.13545 26.25698 5.294679 30.02775 -25.84538 -28.37956 10.32844 -15.64104 28.47597 0.01137495 -15.64104 -28.47596 -0.01135694 27.0583 -27.32755 -15.77756 -25.84538 10.32782 28.37922 26.25701 10.42856 -28.65212 26.25698 -30.02774 5.29469 26.257 19.59923 23.35745 26.25701 -19.5992 -23.35743 26.25701 30.0277 -5.294674 -15.64104 23.33483 -16.32709 -1.758622 -0.007922947 17.83167 -2.019386 1.978075 -11.19289 -12.63978 26.79222 -4.724173 -12.63981 -26.79219 4.724183 -4.062807 23.30778 -8.504664 -7.861986 4.032761 -25.27833 -25.84538 5.243069 29.74167 -20.59931 -20.24238 20.2335 27.0583 -15.77751 -27.32753 -2.019418 -1.978061 11.1929 -17.085 -13.48759 23.34339 -2.019103 4.798709 10.29084 -11.65591 12.84897 -22.26105 -11.65591 -12.85414 -22.25806 -4.353708 -26.70302 -9.719105 -4.353726 4.934493 27.98506 -4.353726 -21.7685 18.26595 -4.353708 26.70303 9.719119 -4.353708 -4.934513 -27.98505 -15.64104 14.22819 24.66661 -13.62988 -20.01511 19.99634 -25.84536 23.13447 19.41323 -25.84536 28.3796 -10.32843 -25.84538 -15.1011 26.15329 -12.63978 22.28529 -15.60431 -25.84536 9.85e-4 -30.20046 -25.84536 -26.15385 -15.10112 -27.1089 -25.50595 17.85946 20.06158 20.29772 -24.18989 -4.480164 22.86573 8.454994 26.25698 -10.42857 28.65212 -2.185568 12.67941 9.651292 -2.185568 -12.67941 -9.65128 -20.59931 27.64395 7.413687 -20.59931 -7.401497 -27.64717 -20.59931 -27.64392 -7.413672 -20.59931 20.24239 -20.23349 -3.104141 23.35778 -4.137991 -3.104159 -23.35777 4.138004 0.681423 17.0973 24.41752 0.681415 -29.69484 2.597951 0.681429 12.5975 -27.01545 0.681429 -17.0973 -24.4175 0.681429 29.6948 -2.597941 0.681413 -12.59748 27.01547 -3.104159 8.089029 22.29849 -3.104141 -8.088987 -22.29847 -12.63982 -22.28528 15.60433 -11.12464 -0.006967961 -25.65526 -11.12464 -22.22157 -12.82161 -11.12467 0.006966948 25.65528 27.06443 -25.89817 -6.939392 27.06443 18.95878 -18.95875 27.06443 -6.939384 -25.89816 27.06443 25.89818 6.939404 27.06442 6.93943 25.89817 27.06442 -18.95876 18.95877 -27.1089 -31.01855 2.713754 20.06157 -13.34521 28.61889 -2.185589 -14.69795 6.155057 26.25701 -28.65211 -10.42853 26.25701 28.65215 10.42854 26.25701 23.35744 -19.5992 26.25701 -5.294706 -30.02773 26.25698 -23.35748 19.59922 -25.84536 -15.09883 -26.15455 -25.84538 -23.13551 19.41146 -2.185568 14.698 -6.155044 -2.185568 2.018581 -15.80633 20.06156 -27.34709 15.78883 -4.353708 14.20839 -24.60962 -2.019386 -8.704308 -7.309508 -7.862009 -4.032724 25.27834 20.06158 28.61885 13.34523 26.25698 -3.6e-5 30.49098 -2.019386 8.704304 7.309519 20.06158 29.67328 -10.80018 -1.800922 10.88849 -0.952618 -25.84538 -0.001032948 30.20048 -11.65593 -12.84898 22.26107 -1.9753 11.56774 -20.03585 -2.572193 -11.53651 19.98788 -13.62987 0.01083594 -28.29573 -13.62987 24.49942 14.15726 -13.62987 -24.49939 -14.15726 -13.62988 -0.01085698 28.29574 -11.12467 -22.21464 12.83366 -11.12464 22.21463 -12.83364 20.06157 10.80017 29.67332 20.06158 31.09793 5.483426 20.06158 22.32858 22.32865 20.06158 -20.29772 -24.18991 20.06157 -31.57769 -1.6e-5 20.06158 5.48342 -31.09793 20.06156 -5.48347 31.09795 -1.9753 -11.5677 -20.03586 20.06158 -5.483358 -31.09794 20.06158 -29.67329 -10.80019 -1.9753 23.13544 1.5e-5 -1.975308 11.56771 20.03587 -2.185555 14.66519 6.225404 -2.185555 -14.66516 -6.225389 -2.185575 -12.72391 9.587722 -2.185555 12.72393 -9.587705 -2.185555 -1.941198 -15.8131 -1.975323 -11.56771 20.03587 -1.975308 -23.13538 -2e-6 -20.59931 2.489031 28.51339 -20.59931 23.44368 16.42113 -20.59931 -23.44365 -16.42111 -20.59931 -25.94294 12.09225 -20.59931 2.499272 -28.51337 -20.59931 25.94295 -12.09224 -20.59931 -7.411766 27.64718 0.681429 28.01084 -10.19508 -2.129409 20.01601 11.57472 -2.129409 -20.016 -11.5747 -11.30186 26.25614 1.5e-5 -3.104143 15.26248 18.15943 -3.104141 -15.26252 -18.15942 -15.64104 28.05029 -4.939515 -15.64104 18.3029 21.82252 -15.64105 -28.05027 4.939529 -15.64104 -18.30287 -21.8225 -15.64104 9.747406 -26.76203 -25.84536 28.37856 10.33022 -25.84536 23.1355 -19.41144 -13.62987 27.32489 7.335431 -13.62988 7.309799 27.33176 -13.62987 20.01512 -19.99633 -13.62987 -27.32486 -7.33542 -13.62987 -7.309771 -27.33176 26.25698 -28.65211 10.42852 26.25701 5.294693 -30.02773 26.25701 -23.35747 -19.59922 26.25701 28.65215 -10.4285 26.25701 23.35744 19.59923 -7.861986 19.87534 16.13162 -7.861986 -19.87528 -16.13161 -4.353726 -14.20839 24.60965 -4.353708 4.934501 -27.98505 -4.353708 21.7685 18.26595 -4.353726 -26.70302 9.719098 -4.353708 26.70304 -9.71908 -4.353708 -21.7685 -18.26594 -4.353726 -4.934598 27.98505 -4.353708 -14.20839 -24.60964 -4.353712 14.20838 24.60965 -4.353708 28.41675 1.5e-5 -4.353712 -28.41676 -1.3e-5 27.0583 10.79252 -29.65209 -12.63978 -24.65638 -11.49747 -12.63982 2.371075 27.1018 -12.63978 -2.37114 -27.10178 -1.9753 5.905937 -22.3541 -2.129409 20.03202 -11.54701 -15.64105 -7.378061 27.5103 -2.129424 -20.03196 11.54702 0.681413 -28.01081 10.1951 0.681429 5.176189 -29.35562 0.681429 -22.8346 -19.16052 0.681413 -5.176175 29.35563 0.681429 22.83461 19.16054 -15.64104 25.81625 -12.02912 -15.64105 -25.81623 12.02913 -2.572193 -5.875509 22.29946 -10.83098 22.92134 11.35005 -2.129424 -0.015989 23.12174 -13.62987 -11.94279 -25.64548 -13.62988 11.94279 25.64549 -13.62987 16.23825 -23.1655 -13.62987 28.18104 2.479988 -13.62987 -28.181 -2.479977 -2.185575 1.941244 15.81311 -25.84536 17.32295 -24.73739 20.06158 25.86667 -18.11206 -25.84537 12.76174 27.37082 -25.84536 30.08468 2.633435 -24.92918 -18.73312 22.32076 0.681429 22.83462 -19.16051 -27.1089 -13.15906 28.21972 -25.84538 -27.37115 12.76237 -27.10884 10.64956 -29.25942 -20.59931 -16.42111 23.43991 -27.10885 20.01463 23.85253 -25.84536 29.1716 -7.815748 27.06442 -2.336836 26.70973 27.06443 2.336788 -26.70972 27.06443 24.2997 -11.33112 27.06443 21.96291 15.3786 27.06442 -24.29968 11.33113 27.06443 -21.96288 -15.37859 27.05828 -27.32755 15.77755 -27.10884 -20.01461 -23.85251 27.05828 8.167006 30.47969 -15.64104 25.80711 12.04501 -15.64105 2.472279 28.3721 -15.64104 -25.80707 -12.04499 -15.64104 -2.472246 -28.37208 -15.64105 -20.14476 20.12888 20.06156 -20.29772 24.18991 -7.861986 19.89927 -16.11226 -7.861986 -23.90326 -9.177096 -7.861986 -4.00404 -25.28936 -7.862009 4.004017 25.28937 -7.862009 -19.89922 16.11228 21.58997 19.80494 -23.6026</float_array>
          <technique_common>
            <accessor source="#rim14Mesh-mesh-positions-array" count="424" stride="3">
              <param name="X" type="float"/>
              <param name="Y" type="float"/>
              <param name="Z" type="float"/>
            </accessor>
          </technique_common>
        </source>
        <source id="rim14Mesh-mesh-normals">
          <float_array id="rim14Mesh-mesh-normals-array" count="1287">0.1284839 0.9911878 -0.03222775 -0.5833121 0.8056439 0.1033682 0.09937149 0.9397264 0.3271692 0.1284839 -0.9911878 0.03222775 -0.5938445 -0.7911822 0.1462179 -0.5833121 -0.8056439 -0.1033682 -0.02829152 0.9918826 0.12397 -0.01995933 0.9551203 -0.2955453 -0.980367 0.1873266 -0.06155711 -0.9692432 -0.20652 -0.133855 -0.9830905 -0.1373067 0.1211619 0.6738094 -0.7051224 0.2208696 -0.9853737 0.1547629 0.07132339 -0.9836373 0.150277 0.09937083 0.003814935 0.8968792 0.4422594 0.1223526 0.1154552 -0.9857485 -0.5922881 0.1222298 -0.7964012 -0.60074 0.2910616 -0.7445769 -0.002777218 -0.1524441 0.9883083 -0.915037 -0.2490395 0.3173117 -0.003204524 -0.418516 0.9082038 -0.05368256 -0.967965 -0.2452796 -0.08844542 -0.9069169 -0.4119215 -0.1653212 -0.8938394 -0.4167975 -0.7478663 0.661925 -0.05050879 -0.5595044 0.8268812 0.05676525 -0.311111 0.8824272 -0.3528915 0.9845803 0.1646206 0.05917674 0.9511688 0.3083074 -0.01498502 0.698217 -0.2460453 -0.6722757 -0.9260125 0.129035 -0.3547548 -0.9472995 0.319622 0.0215767 -0.01669365 0.6251438 -0.7803311 0.1284875 0.5235028 0.8422802 -0.5833142 0.31328 0.7493999 0.09937131 0.1865043 0.9774157 0.09769034 -0.9786125 0.1810369 0.02127182 -0.7522968 0.658481 0.8716639 0.4789406 -0.10401 -0.05282819 -0.3284749 0.9430342 -0.1384662 -0.1310805 0.9816542 -0.426198 -0.02926772 0.9041563 -0.5918611 -0.7046604 0.3913491 0.1406313 -0.9268609 0.3480687 0.1536 -0.7499945 0.6433625 -0.999627 -0.02704 -0.003845393 -0.7418788 -0.6691223 0.04348909 -0.01501542 -0.6673333 -0.7446079 0.6736087 -0.6278916 -0.3898763 -0.9538412 -0.2814768 0.1046802 0.1326068 0.7872482 0.602209 -0.576505 0.7195783 0.3871037 -0.59384 0.5222423 0.6120598 -0.1680383 0.893417 -0.4166166 -0.7734134 0.2906328 -0.5633509 -0.8051142 0.2384427 -0.5430805 -0.9980515 -0.006897211 -0.06201386 0.128484 0.4676696 -0.8745153 -0.5833122 0.4923346 -0.646029 0.09936946 0.7532063 -0.6502355 0.8717599 -0.1504002 0.4662774 0.8144009 0.2072854 0.5420184 0.2663055 -0.02117991 0.963656 0.1284875 -0.5235028 -0.8422802 -0.5833142 -0.31328 -0.7493999 0.0953117 -0.1841534 -0.9782654 0.1301622 -0.9311257 -0.3406803 -0.5601805 0.409507 0.7200707 -0.6159034 0.4672455 0.6343064 -0.6714238 0.2554463 0.6956561 0.9765415 0.198647 0.08310276 0.9845792 0.0310685 0.1721587 0.8042142 -0.3047658 -0.5102522 -0.9837216 -0.1532668 -0.09381562 -0.1334307 0.9835485 0.1217724 -0.4710719 0.2418383 0.8482958 -0.9834408 0.1101732 0.1438965 -0.9221097 0.03888154 0.3849703 0.6774618 0.08762013 0.7303208 -0.5601805 -0.409507 -0.7200707 -0.6159034 -0.4672455 -0.6343064 -0.6684069 -0.265794 -0.6946841 0.1393792 -0.4396227 0.8873023 -0.5932028 -0.2704921 0.7582509 6.10392e-4 -0.6424989 0.7662864 0.6799395 0.2727815 -0.6806414 -0.7699673 -0.3474604 0.5351836 0.08777171 0.2212604 0.971257 -0.5747132 -0.4209863 0.701766 -0.9854049 0.1512228 -0.07815974 -0.9873167 0.1546392 -0.03595125 -0.8403027 -0.263905 -0.4735458 0.02630698 -0.9783331 -0.2053593 0.8042066 0.3046408 0.510339 0.02548342 -0.7877893 -0.6154175 -0.7782088 -0.6277797 -0.01684659 -0.9996423 0.0214852 0.01593077 0.1136216 -0.9390344 -0.3245068 -0.5747413 0.4021236 -0.7127195 -0.3362264 0.2317603 -0.9128193 -0.7780849 -0.5834645 0.2327082 0.3552101 -0.805273 0.4747223 0.9845806 0.1335521 -0.1129822 0.9654071 0.1987091 -0.168831 0.6565888 -0.7531209 -0.04123133 0.7995958 -0.6001852 0.02060025 0.02566647 0.7531487 0.6573495 0.03036606 0.9982972 0.04980647 -0.1653198 -0.08594065 -0.9824885 -0.1651713 0.0859428 -0.9825133 -0.3724564 0.02786403 -0.9276313 -0.2881594 0.448292 -0.8461669 -0.1651102 0.2555089 -0.9526038 -0.1101127 0.2913044 -0.9502721 0.8958066 0.1549472 -0.4165598 0.8038185 0.2867903 -0.5211789 -0.6132868 -0.3668429 0.699504 -0.9897449 -0.02487331 0.140664 -0.1140494 0.8946942 -0.4318739 -0.03942996 0.9846516 -0.170019 -0.1723099 0.9552736 -0.2403367 -0.165169 0.8078998 0.5657008 -0.924843 0.05325537 0.3766025 -0.5513519 -0.833742 -0.02975577 -0.02240073 0.3712607 0.9282585 -0.01535123 0.6958427 0.7180303 -0.9252606 0.2462925 0.2885011 -0.59384 -0.5222423 -0.6120598 0.1326067 0.9151542 -0.3806682 -0.576502 0.6950374 -0.4296146 -0.5938445 0.7911822 -0.1462179 -0.02102762 -0.8536194 0.5204728 0.8143954 -0.5730523 -0.09149545 0.8719563 -0.3289635 -0.3625954 -0.9975276 -0.001739561 -0.07025569 -0.7737192 0.6332094 0.02011203 0.02908486 -0.230451 0.9726493 -0.8418092 0.2615184 0.472192 -0.6684959 0.4661831 -0.579471 0.1331234 -0.1904074 -0.9726373 0.06183201 0.8937875 -0.444208 -0.1702042 -0.9566777 -0.2362167 -0.1729208 -0.9560393 0.2368277 -0.1651728 -0.893862 0.416808 -0.1140494 -0.8946942 0.4318739 0.5358265 0.712655 -0.4527836 0.9845792 -0.0310685 -0.1721587 -0.4358469 -0.7233393 -0.5355537 0.9691113 -0.2092101 0.1305922 0.998713 0.03140431 -0.03982764 0.8099583 0.5839916 -0.05405008 -0.1797564 -0.02880984 0.9832892 -0.982385 -0.05029577 -0.1799722 -0.9820601 -0.05539309 -0.1802488 0.008789598 -0.1625166 -0.9866666 -0.07657366 0.4987819 0.8633385 -0.05368345 0.2715304 0.9609314 -0.1623917 0.2749459 0.9476464 -0.5765072 0.02453738 0.8167237 0.6797804 -0.3428505 -0.6483458 -0.1334307 -0.9835485 -0.1217724 0.5833988 0.7557388 0.2974979 0.9511706 -0.1671247 -0.2595072 0.6565899 -0.4122838 0.6315947 0.8033954 -0.2900574 0.5200218 0.9765384 -0.02734476 -0.2136006 -0.1700839 0.6834794 0.7098785 -0.1384029 0.588281 -0.7967247 -0.3726139 -0.1885501 -0.9086297 -0.1693806 -0.2729316 -0.9470052 -0.1700839 -0.6834794 -0.7098785 -0.1691058 -0.497887 -0.8505951 -0.9472981 -0.1785092 0.2660089 -0.9140758 -0.3848756 -0.1278137 -0.3724876 0.2911537 -0.8811826 0.8143926 -0.2072528 -0.5420434 0.6654494 -0.696793 -0.2676874 0.9765384 0.02734476 0.2136006 -0.3321074 -0.2256878 0.9158437 -0.9974637 -0.06738668 -0.02292001 0.02334713 0.6033952 -0.7971006 -0.9978896 0.06351065 -0.01352 0.8152272 -0.3648563 0.4497606 0.03399777 0.9907284 -0.1315355 -0.3932354 -0.893592 -0.2164702 -0.1206116 -0.8482484 -0.5156816 0.06726384 -0.3150171 -0.9466995 0.06183201 -0.8937875 0.444208 -0.311111 -0.8824272 0.3528915 0.5645434 -0.8197751 0.09622687 -0.2429353 -0.8066309 0.5388221 -0.1653243 -0.8078827 0.5656797 -0.1702036 -0.6829205 0.7103875 -0.0536825 -0.6964084 0.7156352 -0.1700825 -0.2730232 0.9468528 -0.1691076 -0.4876683 0.8564943 -0.03604322 0.9254354 -0.3771874 -0.9998843 0.006622552 -0.01370286 0.8153513 0.3647657 -0.4496091 -0.5696483 -0.03601312 -0.8210992 -0.908074 -0.4142702 0.06149655 -0.9369409 -0.1312633 -0.3239008 -0.01208561 -0.9999054 0.006592154 -0.1623908 0.9581704 0.2356666 -0.1653212 0.8938394 0.4167975 -0.9820562 -0.1838189 -0.04214739 -0.01605284 -0.9477277 -0.3186763 -0.4648353 -0.3130031 0.8282253 -0.1653198 0.08594065 0.9824885 0.02322483 0.3828901 0.9235019 -0.04474115 -0.771129 -0.6351048 -0.9996417 -0.02151566 -0.01593077 -0.576505 -0.7195783 -0.3871037 -0.9507384 0.2866376 -0.1180488 0.008972644 0.8227717 -0.5683012 -0.9840135 0.1556147 -0.08661198 0.06726419 0.6623571 -0.7461627 -0.4648364 -0.560758 -0.6851844 -0.3321131 0.6802794 0.6533918 -0.1691058 0.497887 0.8505951 0.06726384 0.3150171 0.9466995 0.9511706 0.1671247 0.2595072 0.6565982 0.4122584 -0.6316026 -0.1426478 0.6580905 -0.7393028 -0.340261 0.5705605 -0.7474511 -0.04467916 0.4895181 -0.8708479 -0.4739304 0.6289672 -0.6162713 0.06726443 0.9773795 0.2005116 0.9570218 0.1916912 -0.2176325 0.8721682 0.3298784 0.3612518 0.9765415 -0.198647 -0.08310276 0.2050905 -0.6500028 -0.7317338 0.1975215 -0.4789409 -0.8553367 0.2050879 0.3087 -0.9287859 0.1975184 0.5012731 -0.842444 0.2050905 0.6500028 0.7317338 0.1975215 0.4789409 0.8553367 0.26137 -0.8358405 -0.4827591 0.9763364 -0.2153427 -0.01986789 0.09173965 -0.9795638 -0.1789931 -0.7780794 0.5834604 -0.2327371 -0.9506828 0.1611735 -0.2650009 -0.9230629 -0.2472386 -0.294666 -0.4648364 0.560758 0.6851844 -0.2586511 0.1993215 -0.9451828 0.6853736 -0.3565578 0.634925 0.09338909 0.4689292 -0.8782847 0.1167666 0.2682032 -0.9562597 -0.9853717 0.1391673 -0.09836316 -0.98385 9.15578e-5 -0.1789956 -9.46092e-4 0.1265321 -0.9919621 0.1326038 -0.1278734 0.9828859 -0.4710719 -0.2418383 -0.8482958 -0.9846533 0.1057165 0.1388598 0.9833247 -0.1481701 0.1054434 0.9616769 -0.1977006 0.1899793 0.4703934 0.8479472 -0.2443677 0.2362163 0.9448651 -0.2267859 0.19752 0.9802143 0.01287907 0.2050879 -0.3087 0.9287859 0.1975184 -0.5012731 0.842444 -0.9868543 -0.02807724 0.1591553 -0.5157111 0.8425396 -0.1554641 -0.07657277 0.9970641 -2.74673e-4 -0.05368256 0.967965 0.2452796 0.09338897 0.995081 -0.03305232 0.6749989 -0.7378079 0.003998041 0.6697085 -0.7233914 -0.1679154 -0.8970971 -0.2587985 0.3581064 -0.9192794 -0.3226221 0.2254784 -0.3839291 0.6732798 -0.6318961 -0.4560185 0.5720832 -0.6817389 -0.07657277 -0.9970641 2.74673e-4 0.1934612 0.681433 0.7058483 0.094976 0.5134261 0.8528617 0.6635853 -0.1865351 -0.7244717 -0.3810372 0.9076225 -0.1761592 -0.166482 0.9860433 -0.00149542 -0.1142344 0.1100838 -0.9873359 -0.4270215 0.02554434 -0.9038806 -0.08844363 -0.09671425 -0.9913749 0.5355855 0.7485501 0.3909234 0.8719541 -0.4785051 0.103581 0.1218329 -0.8339998 0.5381461 0.6825988 0.5294826 -0.5036936 0.674477 0.6943451 -0.2509298 0.1326068 -0.7872482 -0.602209 0.1218339 -0.8830518 -0.4531844 0.6825926 0.7009653 0.2066761 0.673677 0.5740629 0.4654151 -0.99427 0.1044656 0.02267539 8.85051e-4 0.4316303 -0.9020502 -0.2678995 0.822712 0.5013731 -0.471089 0.8555655 0.2146696 -0.4261987 0.7683785 0.4774402 -0.08844542 0.9069169 0.4119215 -0.0527985 0.6524436 0.7559959 -0.1384671 0.784596 0.6043477 -0.4739304 -0.6289672 0.6162713 0.6776534 -0.5258803 0.5140388 0.1217703 0.8341116 -0.5379869 0.119665 0.6957415 -0.7082543 0.684123 -0.623542 0.3783796 -0.1651713 -0.0859428 0.9825133 -0.9522421 -0.2431724 -0.1846681 -0.08844363 0.09671425 0.9913749 0.122687 0.1095638 -0.9863792 0.1019327 -0.1728888 -0.9796526 -0.9995207 0.0225839 0.02118003 0.8689732 0.4016022 0.2891389 -0.7473 0.5386994 0.3890318 0.6515285 0.5929007 -0.4732646 0.1196665 -0.9612383 -0.2483972 0.6551744 0.7549399 -0.02850437 0.09338903 -0.995082 0.03302186 0.1167671 -0.9622455 0.2458641 -0.05282896 -0.6524425 -0.7559946 -0.1384671 -0.784596 -0.6043477 -0.4261987 -0.7683785 -0.4774402 -0.9976503 0.002838253 0.0684551 0.01971554 -0.9994199 0.02777266 0.6518488 0.7453276 0.1399282 -0.3699908 0.4754061 -0.7981829 -0.05636811 0.7002832 -0.7116362 -0.9840773 0.1775581 0.008056938 -0.9851742 0.164801 0.04767018 0.119665 -0.6957415 0.7082543 0.09497457 -0.4818922 0.8710682 0.6568633 0.3608582 -0.6620515 0.1167671 0.9622455 -0.2458641 0.1226579 0.9089323 -0.3984934 -0.07657366 -0.4987819 -0.8633385 -0.05368345 -0.2715304 -0.9609314 -0.4619374 -0.3636353 -0.8089397 0.2362163 -0.9448651 0.2267859 0.239724 -0.9702186 -0.03476071 0.3392864 -0.8992296 0.2761719 0.1172243 -0.2591386 0.9587 0.6751388 0.0802952 -0.7333078 0.122687 -0.1095638 0.9863792 0.1500328 0.8487415 -0.5070781 0.3392864 0.8992296 -0.2761719 0.1500313 0.01477116 0.988571 0.2432697 -0.1856797 0.9520205 0.2682361 -0.7455005 -0.6101463 0.1500343 0.8635216 0.4814772 0.2432681 0.7316355 0.6368125 0.1500313 -0.01477116 -0.988571 0.2432697 0.1856797 -0.9520205 -0.07657212 -0.4982835 0.8636263 -0.9945017 -0.05957365 -0.08612543 -0.9974623 0.05356132 -0.04690814 0.7888024 0.5625016 -0.2477558 0.5645434 0.8197751 -0.09622687 -0.9973643 0.04867792 0.05380517 -0.9495233 -0.009338915 -0.3135576 0.1218306 0.04904353 0.9913386 0.1196663 0.2654877 0.956659 -0.9898003 -0.06860727 -0.1248542 0.1196647 -0.2654232 -0.9566771 0.1217701 -0.04910475 -0.991343 0.09338778 -0.5261456 -0.8452513 0.1217702 0.8829717 0.4533576 0.1196665 0.9612383 0.2483972 -0.9998789 -0.001678466 0.01547288 -0.9943628 -0.0968666 0.043123 -0.9999144 0.001770079 -0.01297044 -0.9943628 0.0968666 -0.043123 -0.165169 -0.8078998 -0.5657008 0.1995068 -0.8380082 0.5078773 0.1705136 -0.6467127 0.7434297 -0.02130258 -0.6569323 0.7536486 -0.9495143 0.009338855 0.3135851 0.6816444 -0.4925785 -0.5410429 0.117254 0.7005333 0.7039209 0.1226879 0.7996692 0.587773 -0.3966341 0.3633981 -0.8429847 -0.9840787 0.09576797 -0.1497252 -0.9851751 0.1236924 -0.1188704 0.1226868 -0.9090113 0.3983047 0.1167674 -0.6940429 -0.7104013 0.1226869 -0.7994486 -0.5880731 0.667724 0.38521 0.6369914 0.6866904 0.2059766 0.6971586 0.6515285 -0.5929007 0.4732646 -0.7473292 -0.5386373 -0.3890616 0.7888073 -0.49582 -0.3632432 -0.09769099 0.05099707 -0.9939094 0.1826258 0.7836065 0.5938087 0.1019047 0.7619508 -0.6395674 -0.5157111 -0.8425396 0.1554641 -0.03942996 -0.9846516 0.170019 0.07556414 -0.112919 0.9907267 0.5313087 -0.1039789 -0.8407732 -0.5016462 -0.2648467 0.8235335 -0.5016483 0.5807852 0.6411222 -0.1691057 -0.9855804 0.00589013 -0.9826605 0.1846417 0.01690769 0.1019033 0.9348611 0.3400743 -0.2429353 0.8066309 -0.5388221 0.6747737 -0.1193901 0.728304 -0.9999012 -0.01358103 0.003662288 0.0755648 -0.9144685 0.3975393 -0.5756322 -0.6422873 0.5060778 -0.6150335 -0.4258417 0.6636209 0.1019025 0.1728894 0.9796556 0.1019033 -0.9348611 -0.3400743 -0.4619423 -0.8823782 -0.08954405 -0.4619423 0.8823782 0.08954405 0.5358047 -0.7126667 0.452791 -0.5016483 -0.5807852 -0.6411222 0.0979979 -0.1452725 0.9845265 0.09799677 0.9252777 -0.3664122 0.09799587 -0.7799695 -0.6180976 0.09799772 0.7799841 0.6180787 0.09799677 -0.9252777 0.3664122 -0.4164206 -0.2353102 -0.8781931 -0.1653243 0.8078827 -0.5656797 -0.4619369 -0.518733 0.7193959 -0.4619374 0.3636353 0.8089397 -0.4164299 0.6428814 -0.6428762 -0.681411 -0.3167629 -0.6598032 -0.6813986 -0.7298018 -0.05554461 -0.6814045 0.3167904 0.6597968 -0.4162685 0.8782669 -0.2353034 -0.4045908 0.7933728 -0.4548252 -0.6838745 0.7289208 0.03146529 -0.4162571 0.2353577 -0.8782579 -0.4839053 0.7762746 -0.4040216</float_array>
          <technique_common>
            <accessor source="#rim14Mesh-mesh-normals-array" count="429" stride="3">
              <param name="X" type="float"/>
              <param name="Y" type="float"/>
              <param name="Z" type="float"/>
            </accessor>
          </technique_common>
        </source>
        <vertices id="rim14Mesh-mesh-vertices">
          <input semantic="POSITION" source="#rim14Mesh-mesh-positions"/>
        </vertices>
        <polylist material="rim_001-material" count="872">
          <input semantic="VERTEX" source="#rim14Mesh-mesh-vertices" offset="0"/>
          <input semantic="NORMAL" source="#rim14Mesh-mesh-normals" offset="1"/>
          <vcount>3 3 3 3 3 3 3 3 3 3 3 3 3 3 3 3 3 3 3 3 3 3 3 3 3 3 3 3 3 3 3 3 3 3 3 3 3 3 3 3 3 3 3 3 3 3 3 3 3 3 3 3 3 3 3 3 3 3 3 3 3 3 3 3 3 3 3 3 3 3 3 3 3 3 3 3 3 3 3 3 3 3 3 3 3 3 3 3 3 3 3 3 3 3 3 3 3 3 3 3 3 3 3 3 3 3 3 3 3 3 3 3 3 3 3 3 3 3 3 3 3 3 3 3 3 3 3 3 3 3 3 3 3 3 3 3 3 3 3 3 3 3 3 3 3 3 3 3 3 3 3 3 3 3 3 3 3 3 3 3 3 3 3 3 3 3 3 3 3 3 3 3 3 3 3 3 3 3 3 3 3 3 3 3 3 3 3 3 3 3 3 3 3 3 3 3 3 3 3 3 3 3 3 3 3 3 3 3 3 3 3 3 3 3 3 3 3 3 3 3 3 3 3 3 3 3 3 3 3 3 3 3 3 3 3 3 3 3 3 3 3 3 3 3 3 3 3 3 3 3 3 3 3 3 3 3 3 3 3 3 3 3 3 3 3 3 3 3 3 3 3 3 3 3 3 3 3 3 3 3 3 3 3 3 3 3 3 3 3 3 3 3 3 3 3 3 3 3 3 3 3 3 3 3 3 3 3 3 3 3 3 3 3 3 3 3 3 3 3 3 3 3 3 3 3 3 3 3 3 3 3 3 3 3 3 3 3 3 3 3 3 3 3 3 3 3 3 3 3 3 3 3 3 3 3 3 3 3 3 3 3 3 3 3 3 3 3 3 3 3 3 3 3 3 3 3 3 3 3 3 3 3 3 3 3 3 3 3 3 3 3 3 3 3 3 3 3 3 3 3 3 3 3 3 3 3 3 3 3 3 3 3 3 3 3 3 3 3 3 3 3 3 3 3 3 3 3 3 3 3 3 3 3 3 3 3 3 3 3 3 3 3 3 3 3 3 3 3 3 3 3 3 3 3 3 3 3 3 3 3 3 3 3 3 3 3 3 3 3 3 3 3 3 3 3 3 3 3 3 3 3 3 3 3 3 3 3 3 3 3 3 3 3 3 3 3 3 3 3 3 3 3 3 3 3 3 3 3 3 3 3 3 3 3 3 3 3 3 3 3 3 3 3 3 3 3 3 3 3 3 3 3 3 3 3 3 3 3 3 3 3 3 3 3 3 3 3 3 3 3 3 3 3 3 3 3 3 3 3 3 3 3 3 3 3 3 3 3 3 3 3 3 3 3 3 3 3 3 3 3 3 3 3 3 3 3 3 3 3 3 3 3 3 3 3 3 3 3 3 3 3 3 3 3 3 3 3 3 3 3 3 3 3 3 3 3 3 3 3 3 3 3 3 3 3 3 3 3 3 3 3 3 3 3 3 3 3 3 3 3 3 3 3 3 3 3 3 3 3 3 3 3 3 3 3 3 3 3 3 3 3 3 3 3 3 3 3 3 3 3 3 3 3 3 3 3 3 3 3 3 3 3 3 3 3 3 3 3 3 3 3 3 3 3 3 3 3 3 3 3 3 3 3 3 3 3 3 3 3 3 3 3 3 3 3 3 3 3 3 3 3 3 3 3 3 3 3 3 3 3 3 3 3 3 3 3 3 3 3 3 3 3 3 3 3 3 3 3 3 3 3 3 3 3 3 3 3 3 3 3 3 3 3 3 3 3 3 3 3 3 3 3 3 3 3 3 3 3 3 3 3 3 3 3 3 3 3 3 3 3 3 3 3 3 3 3 3 3 3 3 3 3 3 3 3 3 3 3 3 3 3 3 3 3 3 3 3 3 3 3 3 3 3 3 3 3 3 3 3 3 3 3 3 3 3 3 3 3 3 3 3 3 3 3 3 3 3 3 3 3 3 3 3 3 3 3 3 3 3 3 3 3 3 3 3 3 3 3 3 3 3 3 </vcount>
          <p>257 0 175 1 231 2 260 3 215 4 178 5 306 6 293 7 171 8 398 9 206 10 72 11 342 12 49 13 290 14 378 15 41 16 247 17 311 18 397 19 275 20 74 21 412 22 123 23 255 24 193 25 165 26 53 27 368 28 419 29 399 30 134 31 245 32 259 33 177 34 235 35 294 36 185 37 19 38 341 39 44 40 299 41 189 42 331 43 396 44 39 45 294 36 254 46 308 47 209 48 60 49 377 50 43 51 214 52 206 10 398 9 327 53 298 54 382 55 217 56 261 57 148 58 233 59 186 60 90 61 384 62 256 63 8 64 232 65 260 3 178 5 234 66 230 67 336 68 263 69 202 70 51 71 312 72 60 49 209 48 243 73 126 74 348 75 230 67 210 76 33 77 172 78 195 79 335 80 262 81 258 82 211 83 423 84 245 32 367 85 399 30 17 86 37 87 229 88 239 89 402 90 293 7 159 91 217 56 262 81 228 92 316 93 186 60 292 94 19 38 316 93 140 95 122 96 54 97 298 54 296 98 1 99 255 24 197 100 374 101 48 102 264 103 422 104 323 105 288 106 89 107 324 108 78 109 295 110 120 111 330 112 373 113 258 82 423 84 396 44 371 114 297 115 312 72 229 88 173 116 17 86 17 86 263 69 109 117 381 118 339 119 155 120 60 49 243 73 326 121 215 4 260 3 331 43 140 95 36 122 192 123 305 124 307 125 401 126 256 63 213 127 8 64 375 128 187 129 212 130 72 11 286 131 398 9 145 132 9 133 323 105 318 134 91 135 89 107 218 136 312 72 297 115 142 137 109 117 263 69 113 138 111 139 296 98 165 26 7 140 255 24 123 23 250 141 74 21 156 142 329 143 380 144 150 145 90 61 55 146 335 80 195 79 26 147 219 148 334 149 315 150 54 97 246 151 140 95 10 152 87 153 313 154 50 155 86 156 251 157 235 35 177 34 190 158 313 154 225 159 10 152 316 93 228 92 292 94 159 91 292 94 228 92 262 81 125 160 195 79 1 99 289 161 298 54 55 146 369 162 421 163 322 164 289 161 203 165 326 121 180 166 60 49 91 135 127 167 193 25 223 168 210 76 168 169 179 170 100 171 11 172 275 20 397 19 240 173 330 112 120 111 69 174 312 72 51 71 194 175 297 115 222 176 200 177 173 116 229 88 34 178 263 69 126 74 230 67 319 179 298 54 82 180 255 24 113 138 130 181 15 182 183 183 82 180 89 107 15 182 323 105 344 184 36 122 383 185 162 186 256 63 232 65 59 187 149 188 304 189 216 190 380 144 329 143 124 191 253 192 84 193 181 194 108 195 134 31 254 46 110 196 112 197 17 86 218 136 185 37 185 37 147 198 19 38 297 115 185 37 218 136 7 140 197 100 255 24 323 105 53 27 145 132 172 78 305 124 210 76 232 65 8 64 291 199 274 200 143 201 309 202 252 203 114 204 42 205 309 202 143 201 314 206 231 2 175 1 43 51 134 31 199 207 181 194 251 157 137 208 87 153 142 137 288 106 169 209 288 106 323 105 312 72 142 137 22 210 121 211 312 72 169 209 288 106 234 66 178 5 188 212 307 125 290 14 238 213 293 7 392 214 63 215 396 44 423 84 189 42 203 165 48 102 322 164 161 216 261 57 233 59 139 217 238 213 179 170 238 213 401 126 307 125 336 68 230 67 4 218 180 166 50 155 119 219 163 220 259 33 235 35 51 71 370 221 420 222 224 223 400 224 227 225 111 139 237 226 296 98 164 227 257 0 231 2 220 228 53 27 323 105 184 229 19 38 315 150 159 91 54 97 122 96 201 230 55 146 316 93 201 230 105 231 364 232 203 165 107 233 356 234 232 65 369 162 55 146 231 2 368 28 53 27 202 70 106 235 363 236 58 237 383 185 95 238 152 239 260 3 234 66 315 150 221 240 59 187 149 188 59 187 254 46 282 241 308 47 410 242 282 241 204 243 180 166 312 72 194 175 371 114 2 244 263 69 17 86 129 245 62 246 191 247 233 59 148 58 187 129 253 192 124 191 343 248 343 248 63 215 392 214 313 154 242 249 310 250 376 251 190 158 211 83 125 160 345 252 195 79 168 169 393 253 100 171 66 254 241 255 418 256 200 177 66 254 297 115 220 228 103 257 366 258 233 59 264 103 48 102 200 177 104 259 287 260 235 35 370 221 51 71 196 261 295 110 78 109 33 77 196 261 311 18 402 90 239 89 156 142 250 141 123 23 342 12 71 262 165 26 193 25 208 263 31 264 252 203 0 265 146 266 118 267 257 0 212 130 175 1 16 268 244 269 286 131 283 270 395 271 224 223 254 46 192 123 149 188 207 272 74 21 250 141 384 62 75 273 186 60 382 55 262 81 217 56 12 274 225 159 115 275 259 33 214 52 177 34 143 201 18 276 77 277 327 53 155 120 206 10 373 113 182 278 302 279 345 252 302 279 413 280 174 281 15 182 48 102 40 282 15 182 374 101 331 43 189 42 215 4 80 283 6 284 47 285 379 286 188 212 213 127 81 287 20 288 46 289 116 290 226 291 298 54 186 60 226 291 14 292 347 293 301 294 414 295 340 296 83 297 301 294 149 188 216 190 304 189 37 87 346 298 229 88 21 299 85 300 273 301 85 300 21 299 409 302 328 303 181 194 27 304 348 75 299 41 415 305 27 304 242 249 328 303 242 249 27 304 310 250 311 18 172 78 33 77 403 306 291 199 205 307 255 24 35 308 89 107 82 180 183 183 35 308 332 309 3 310 184 229 316 93 354 311 201 230 127 167 91 135 419 29 91 135 121 211 22 210 20 288 81 287 271 312 144 313 92 314 135 315 338 316 93 317 300 318 344 184 300 318 412 22 317 319 140 95 94 320 19 38 292 94 94 320 383 185 36 122 95 238 334 149 246 151 136 321 155 120 327 53 381 118 133 322 416 323 224 223 394 324 250 141 97 325 394 324 97 325 306 6 6 284 80 283 269 326 98 327 157 328 6 284 146 266 0 265 99 329 72 11 99 329 407 330 236 331 179 170 338 316 32 332 236 331 386 333 219 148 101 334 365 335 360 336 59 187 241 255 367 85 98 327 102 337 28 338 102 337 404 339 264 103 67 340 359 341 212 130 257 0 375 128 370 221 68 342 357 343 211 83 258 82 376 251 213 127 256 63 379 286 383 185 58 237 358 344 368 28 57 345 361 346 214 52 259 33 377 50 369 162 56 347 362 348 247 17 261 57 378 15 181 194 38 349 108 195 38 349 84 193 253 192 285 350 17 86 109 117 169 209 321 351 142 137 19 38 147 198 372 352 17 86 112 197 110 196 7 140 165 26 303 353 359 341 7 140 264 103 185 37 320 354 17 86 284 355 254 46 112 197 374 101 113 138 255 24 111 139 113 138 422 104 31 264 414 295 114 204 114 204 252 203 31 264 64 356 115 275 28 338 115 275 64 356 270 357 217 56 159 91 390 358 14 292 226 291 116 290 205 307 272 359 88 360 117 361 8 64 213 127 209 48 314 206 243 73 118 267 160 362 268 363 180 166 119 219 282 241 87 153 10 152 251 157 240 173 69 174 120 111 224 223 395 271 400 224 45 364 142 137 249 365 45 364 318 134 89 107 29 366 317 319 94 320 29 366 159 91 248 367 325 368 179 170 238 213 49 13 342 12 123 23 329 143 156 142 239 89 63 215 343 248 124 191 345 252 125 160 302 279 362 348 1 99 369 162 357 343 34 178 370 221 348 75 126 74 299 41 361 346 4 218 368 28 347 293 127 167 301 294 128 369 360 336 241 255 128 369 241 255 131 370 286 131 417 371 16 268 62 246 129 245 21 299 276 372 255 24 130 181 35 308 319 179 82 180 66 254 131 370 241 255 287 260 66 254 200 177 76 373 132 374 408 375 76 373 12 274 132 374 227 225 133 322 224 223 52 376 1 99 296 98 391 377 253 192 13 378 391 377 13 378 245 32 47 285 135 315 405 379 135 315 47 285 144 313 136 321 246 151 54 97 184 229 136 321 332 309 137 208 251 157 86 156 86 156 415 305 137 208 46 289 138 380 406 381 138 380 46 289 141 382 11 172 139 217 179 170 401 126 11 172 305 124 254 46 221 240 372 352 59 187 221 240 254 46 141 382 117 361 138 380 117 361 141 382 411 383 4 218 355 384 336 68 336 68 167 385 333 386 143 201 42 205 314 206 42 205 143 201 252 203 290 14 306 6 97 325 92 314 144 313 20 288 170 387 145 132 53 27 9 133 145 132 333 386 309 202 72 11 206 10 99 329 72 11 146 266 110 196 147 198 198 388 198 388 147 198 66 254 273 301 281 389 148 58 247 17 191 247 62 246 5 390 149 188 192 123 380 144 337 391 156 142 30 392 90 61 150 145 384 62 262 81 382 55 371 114 194 175 151 393 151 393 263 69 2 244 95 238 152 239 234 66 365 335 334 149 219 148 38 349 181 194 341 39 153 394 34 178 229 88 50 155 180 166 340 296 154 395 4 218 230 67 155 120 208 263 77 277 155 120 77 277 18 276 156 142 70 396 25 397 156 142 207 272 70 396 102 337 28 338 367 85 310 250 399 30 367 85 344 184 383 185 300 318 358 344 26 147 383 185 335 80 3 310 332 309 26 147 354 311 335 80 277 398 268 363 160 362 43 51 408 375 132 374 48 102 161 216 233 59 356 234 48 102 203 165 55 146 162 186 232 65 364 232 55 146 201 230 363 236 51 71 202 70 51 71 163 220 235 35 53 27 164 227 231 2 366 258 53 27 220 228 165 26 24 399 303 353 24 399 381 118 327 53 166 400 191 247 403 306 191 247 166 400 129 245 312 72 355 384 202 70 333 386 167 385 9 133 236 331 32 332 168 169 32 332 413 280 324 108 23 401 321 351 169 209 312 72 218 136 169 209 22 210 170 387 91 135 22 210 145 132 170 387 25 397 171 8 156 142 171 8 25 397 306 6 172 78 88 360 272 359 88 360 172 78 166 400 34 178 222 176 173 116 173 116 2 244 17 86 79 402 174 281 113 138 79 402 15 182 174 281 268 363 277 398 175 1 0 265 175 1 212 130 269 326 279 403 176 404 98 327 176 404 211 83 270 357 280 405 177 34 12 274 177 34 214 52 271 312 278 406 178 5 92 314 178 5 215 4 93 317 338 316 179 170 179 170 325 368 93 317 180 166 326 121 83 297 83 297 340 296 180 166 181 194 328 303 44 40 44 40 341 39 181 194 182 278 373 113 330 112 78 109 324 108 413 280 35 308 183 183 89 107 15 182 89 107 183 183 90 61 186 60 316 93 316 93 55 146 90 61 39 45 320 354 185 37 39 45 185 37 294 36 322 164 48 102 15 182 226 291 186 60 15 182 281 389 273 301 85 300 187 129 407 330 99 329 278 406 271 312 81 287 188 212 406 381 138 380 279 403 269 326 80 283 189 42 405 379 135 315 280 405 270 357 64 356 190 158 404 339 102 337 291 199 403 306 191 247 191 247 247 17 41 16 36 122 344 184 192 123 74 21 207 272 388 407 31 264 208 263 389 408 127 167 347 293 193 25 151 393 194 175 61 409 61 409 194 175 51 71 65 410 26 147 195 79 65 410 386 333 236 331 397 19 311 18 196 261 69 174 196 261 330 112 374 101 197 100 40 282 323 105 197 100 7 140 37 87 17 86 418 256 110 196 198 388 17 86 27 304 399 30 310 250 199 207 27 304 181 194 104 259 200 177 34 178 34 178 200 177 222 176 105 231 201 230 26 147 26 147 201 230 354 311 106 235 202 70 4 218 4 218 202 70 355 384 107 233 203 165 1 99 1 99 203 165 289 161 60 49 410 242 308 47 204 243 60 49 180 166 205 307 291 199 8 64 272 359 205 307 8 64 206 10 274 200 309 202 18 276 206 10 155 120 5 390 388 407 207 272 207 272 156 142 337 391 71 262 389 408 208 263 208 263 155 120 339 119 160 362 118 267 209 48 408 375 209 48 76 373 393 253 210 76 305 124 393 253 168 169 210 76 211 83 102 337 98 327 102 337 350 411 190 158 99 329 349 412 187 129 212 130 99 329 0 265 138 380 353 413 188 212 213 127 138 380 117 361 132 374 351 414 43 51 214 52 132 374 12 274 215 4 135 315 92 314 135 315 352 415 189 42 346 298 37 87 216 190 84 193 216 190 124 191 116 290 217 56 14 292 116 290 298 54 217 56 23 401 218 136 17 86 169 209 218 136 23 401 315 150 59 187 219 148 101 334 219 148 59 187 103 257 220 228 7 140 323 105 7 140 220 228 315 150 19 38 221 240 372 352 221 240 19 38 222 176 297 115 2 244 222 176 2 244 173 116 210 416 223 416 33 416 295 110 196 261 33 77 224 223 96 417 283 270 96 417 224 223 416 323 308 47 282 241 225 159 12 274 76 373 225 159 298 54 226 291 82 180 15 182 82 180 226 291 52 376 133 322 227 225 227 225 120 111 373 113 186 60 14 292 228 92 14 292 159 91 228 92 153 394 387 418 38 349 84 193 38 349 387 418 154 395 385 419 50 155 86 156 50 155 385 419 368 28 231 2 57 345 43 51 377 50 231 2 41 16 378 15 232 65 369 162 232 65 56 347 187 129 375 128 233 59 264 103 233 59 67 340 188 212 379 286 234 66 95 238 234 66 58 237 370 221 235 35 68 342 190 158 376 251 235 35 179 170 236 331 100 171 168 169 100 171 236 331 237 226 111 139 24 399 416 323 24 399 96 417 238 213 49 13 325 368 238 213 290 14 49 13 239 89 63 215 329 143 63 215 239 89 293 7 395 271 240 173 400 224 240 173 16 268 417 371 241 255 59 187 304 189 241 255 37 87 418 256 242 249 87 153 137 208 87 153 242 249 313 154 243 73 42 205 114 204 42 205 243 73 314 206 244 269 398 9 286 131 16 420 283 420 244 420 245 32 6 284 157 328 392 214 47 285 6 284 246 151 36 122 140 95 36 122 246 151 95 238 62 246 148 58 247 17 247 17 148 58 261 57 248 367 122 96 29 366 248 367 159 91 122 96 249 365 121 211 45 364 249 365 142 137 121 211 250 141 394 324 70 396 250 141 70 396 207 272 251 157 10 152 119 219 251 157 119 219 50 155 252 203 77 277 208 263 252 203 143 201 77 277 253 192 391 377 108 195 253 192 108 195 38 349 94 320 140 95 254 46 192 123 254 46 140 95 193 25 255 24 91 135 89 107 91 135 255 24 358 344 379 286 256 63 256 63 364 232 105 231 359 341 375 128 257 0 257 0 366 258 103 257 258 82 287 260 104 259 357 343 376 251 258 82 259 33 363 236 106 235 361 346 377 50 259 33 360 336 331 43 260 3 260 3 365 335 101 334 362 348 378 15 261 57 261 57 356 234 107 233 30 392 150 145 262 81 125 160 262 81 421 163 126 74 263 69 420 222 151 393 61 409 263 69 264 103 7 140 303 353 264 103 111 139 422 104 126 74 265 421 299 41 370 221 34 178 265 421 127 167 266 422 301 294 368 28 4 218 266 422 369 162 1 99 267 423 125 160 267 423 302 279 175 1 0 265 268 363 118 267 268 363 0 265 6 284 269 326 98 327 176 404 98 327 269 326 177 34 12 274 270 357 115 275 270 357 12 274 178 5 92 314 271 312 20 288 271 312 92 314 8 64 117 361 272 359 411 383 272 359 117 361 148 58 62 246 273 301 21 299 273 301 62 246 206 424 18 424 274 424 18 276 143 201 274 200 275 20 129 245 166 400 417 371 21 299 129 245 276 372 130 181 35 308 35 308 255 24 276 372 277 398 43 51 175 1 408 375 43 51 277 398 278 406 188 212 178 5 406 381 188 212 278 406 405 379 189 42 279 403 279 403 189 42 423 84 404 339 190 158 280 405 280 405 190 158 177 34 281 389 187 129 148 58 407 330 187 129 281 389 10 152 282 241 119 219 282 241 10 152 225 159 73 425 283 270 96 417 283 270 73 425 244 269 39 45 254 46 284 355 284 355 112 197 39 45 23 401 17 86 285 350 285 350 109 117 23 401 286 131 409 302 21 299 21 299 417 371 286 131 66 254 287 260 131 370 258 82 131 370 287 260 45 364 288 106 142 137 45 364 89 107 288 106 382 55 298 54 289 161 289 161 322 164 75 273 20 288 306 6 290 14 290 14 46 289 20 288 232 65 291 199 41 16 191 247 41 16 291 199 29 366 292 94 159 91 94 320 292 94 29 366 47 285 392 214 293 7 293 7 144 313 47 285 19 38 94 320 294 36 254 46 294 36 94 320 295 110 223 168 324 108 223 168 295 110 33 77 296 98 133 322 52 376 133 322 296 98 237 226 297 115 66 254 147 198 147 198 185 37 297 115 298 54 130 181 113 138 296 98 298 54 113 138 265 421 34 178 299 41 153 394 299 41 34 178 65 410 300 318 26 147 158 426 26 147 300 318 266 422 4 218 301 294 154 395 301 294 4 218 267 423 1 99 302 279 52 376 302 279 1 99 111 139 264 103 303 353 111 139 303 353 24 399 37 87 241 255 304 189 37 87 304 189 216 190 141 382 307 125 305 124 305 124 411 383 141 382 144 313 293 7 306 6 306 6 20 288 144 313 307 125 141 382 46 289 46 289 290 14 307 125 76 373 308 47 225 159 308 47 76 373 209 48 309 202 146 266 72 11 146 266 309 202 314 206 28 338 310 250 367 85 310 250 28 338 115 275 166 400 311 18 275 20 311 18 166 400 172 78 9 133 312 72 323 105 312 72 9 133 167 385 313 154 115 275 225 159 115 275 313 154 310 250 118 267 314 206 209 48 314 206 118 267 146 266 315 150 136 321 184 229 315 150 334 149 136 321 19 38 184 229 316 93 316 93 184 229 3 310 122 96 317 319 29 366 122 96 140 95 317 319 121 211 91 135 318 134 121 211 318 134 45 364 130 181 298 54 319 179 130 181 319 179 35 308 112 197 17 86 320 354 112 197 320 354 39 45 109 117 142 137 321 351 109 117 321 351 23 401 322 164 186 60 75 273 15 182 186 60 322 164 323 105 40 282 197 100 40 282 323 105 15 182 168 169 324 108 223 168 324 108 168 169 32 332 325 368 123 23 412 22 123 23 325 368 49 13 114 204 326 121 243 73 326 121 114 204 414 295 96 417 327 53 73 425 327 53 96 417 24 399 137 208 328 303 242 249 328 303 137 208 415 305 329 143 124 191 216 190 124 191 329 143 63 215 330 112 78 109 182 278 78 109 330 112 196 261 128 369 396 44 331 43 331 43 360 336 128 369 332 309 54 97 335 80 136 321 54 97 332 309 145 132 22 210 333 386 333 386 22 210 336 68 152 239 95 238 334 149 334 149 95 238 246 151 335 80 54 97 159 91 335 80 159 91 262 81 336 68 142 137 263 69 336 68 22 210 142 137 207 272 337 391 5 390 149 188 5 390 337 391 300 318 65 410 338 316 236 331 338 316 65 410 165 26 71 262 339 119 208 263 339 119 71 262 301 294 154 395 340 296 50 155 340 296 154 395 38 349 341 39 153 394 299 41 153 394 341 39 97 325 342 12 290 14 342 12 97 325 250 141 343 248 13 378 253 192 13 378 343 248 392 214 412 22 74 21 344 184 388 407 344 184 74 21 386 333 345 252 32 332 413 280 32 332 345 252 216 190 84 193 346 298 387 418 346 298 84 193 389 408 347 293 31 264 414 295 31 264 347 293 415 305 86 156 348 75 385 419 348 75 86 156 349 412 212 130 187 129 99 329 212 130 349 412 350 411 211 83 190 158 102 337 211 83 350 411 132 374 214 52 351 414 351 414 214 52 43 51 135 315 215 4 352 415 352 415 215 4 189 42 138 380 213 127 353 413 353 413 213 127 188 212 354 311 3 310 335 80 354 311 316 93 3 310 355 384 312 72 167 385 355 384 167 385 336 68 48 102 356 234 161 216 261 57 161 216 356 234 258 82 104 259 357 343 34 178 357 343 104 259 26 147 358 344 105 231 256 63 105 231 358 344 7 140 359 341 103 257 257 0 103 257 359 341 260 3 101 334 360 336 59 187 360 336 101 334 4 218 361 346 106 235 259 33 106 235 361 346 1 99 362 348 107 233 261 57 107 233 362 348 51 71 363 236 163 220 259 33 163 220 363 236 55 146 364 232 162 186 256 63 162 186 364 232 334 149 365 335 152 239 260 3 152 239 365 335 53 27 366 258 164 227 257 0 164 227 366 258 245 32 157 328 367 85 98 327 367 85 157 328 127 167 368 28 266 422 368 28 127 167 419 29 125 160 369 162 267 423 369 162 125 160 421 163 126 74 370 221 265 421 370 221 126 74 420 222 297 115 371 114 2 244 151 393 2 244 371 114 147 198 110 196 372 352 372 352 110 196 254 46 302 279 52 376 373 113 227 225 373 113 52 376 113 138 374 101 79 402 15 182 79 402 374 101 375 128 67 340 233 59 375 128 359 341 67 340 376 251 68 342 235 35 376 251 357 343 68 342 377 50 57 345 231 2 377 50 361 346 57 345 378 15 56 347 232 65 378 15 362 348 56 347 379 286 358 344 58 237 379 286 58 237 234 66 216 190 149 188 380 144 337 391 380 144 149 188 339 119 381 118 165 26 24 399 165 26 381 118 289 161 75 273 382 55 382 55 75 273 384 62 383 185 26 147 158 426 383 185 158 426 300 318 262 81 384 62 30 392 90 61 30 392 384 62 385 419 230 67 348 75 230 67 385 419 154 395 195 79 386 333 65 410 386 333 195 79 345 252 387 418 229 88 346 298 229 88 387 418 153 394 192 123 388 407 5 390 388 407 192 123 344 184 389 408 193 25 347 293 193 25 389 408 71 262 390 358 159 91 14 292 217 56 390 358 14 292 134 31 391 377 245 32 391 377 134 31 108 195 6 284 245 32 392 214 392 214 245 32 13 378 393 253 11 172 100 171 11 172 393 253 305 124 394 324 25 397 70 396 25 397 394 324 306 6 240 173 395 271 16 268 283 270 16 268 395 271 396 44 128 369 131 370 131 370 258 82 396 44 240 173 397 19 69 174 196 427 69 427 397 427 244 428 73 428 398 428 398 9 73 425 327 53 199 207 134 31 399 30 27 304 199 207 399 30 120 111 400 224 240 173 400 224 120 111 227 225 139 217 11 172 401 126 238 213 139 217 401 126 402 90 171 8 293 7 171 8 402 90 156 142 205 307 88 360 403 306 166 400 403 306 88 360 280 405 64 356 404 339 28 338 404 339 64 356 279 403 80 283 405 379 47 285 405 379 80 283 278 406 81 287 406 381 46 289 406 381 81 287 281 389 85 300 407 330 409 302 407 330 85 300 277 398 160 362 408 375 209 48 408 375 160 362 407 330 409 302 72 11 409 302 286 131 72 11 204 243 282 241 410 242 60 49 204 243 410 242 411 383 305 124 172 78 272 359 411 383 172 78 93 317 412 22 300 318 412 22 93 317 325 368 182 278 413 280 302 279 413 280 182 278 78 109 83 297 414 295 301 294 414 295 83 297 326 121 415 305 44 40 328 303 44 40 415 305 299 41 416 323 133 322 237 226 24 399 416 323 237 226 417 371 275 20 240 173 129 245 275 20 417 371 198 388 418 256 17 86 66 254 418 256 198 388 170 387 419 29 91 135 53 27 419 29 170 387 61 409 420 222 263 69 51 71 420 222 61 409 55 146 421 163 150 145 150 145 421 163 262 81 48 102 422 104 174 281 174 281 422 104 113 138 423 84 176 404 279 403 176 404 423 84 211 83</p>
        </polylist>
      </mesh>
    </geometry>
    <geometry id="tire35Mesh-mesh" name="tire35Mesh">
      <mesh>
        <source id="tire35Mesh-mesh-positions">
          <float_array id="tire35Mesh-mesh-positions-array" count="657">-10.37793 16.62463 -26.26172 12.74216 30.51939 7.656769 -10.37791 -31.05452 -1.266106 0.02600097 -36.04711 -34.71125 8.602898 19.59552 46.12314 4.13562 -24.40913 43.71654 -3.166254 4.558309 -49.81681 0.02600097 49.56738 6.892906 4.13562 42.99957 -25.65491 8.602898 -48.83213 -11.25845 8.602898 -43.82263 24.30868 8.602898 -0.860138 50.10577 4.13562 46.02896 19.70681 -10.37794 30.75346 4.505044 0.02600097 21.87318 -45.01064 12.74216 -30.51783 -7.657032 -10.37792 -13.78674 27.85515 -8.028866 -24.17344 -43.77758 0.02600097 32.2233 38.28912 8.602898 50.1066 0.859222 -3.16623 -45.96918 -19.72856 -8.028861 -34.16312 36.51854 -8.028854 -49.82452 4.277799 8.602898 -4.382538 -49.92142 4.13562 36.7263 -34.034 -8.02888 4.277761 49.825 8.602898 -28.75607 -41.0419 -8.028857 -43.77492 24.17364 -8.028898 42.82499 25.82563 8.602898 11.25824 -48.83243 -8.028901 49.10633 -9.462675 8.602898 -49.91975 4.38258 -10.37792 -14.43056 -27.52761 12.74216 -10.80431 29.55109 -8.02887 -16.35835 47.25701 8.602898 -37.81093 32.88884 -3.166266 28.8556 -40.86402 -10.37793 17.23032 25.86816 -8.028891 28.61798 41.01052 -8.028897 41.01121 -28.61739 0.02600097 13.86397 48.08485 8.602898 49.19098 -9.577275 8.602898 -40.03076 -30.14704 0.02600097 -13.863 -48.085 12.74216 26.11185 -17.55652 0.02600097 -48.08591 13.86315 -3.16625 -4.557114 49.81634 8.602898 30.14787 -40.03157 -10.37791 -27.85462 -13.78781 4.13562 40.9257 28.8456 0.02600097 -49.56499 -6.89315 -8.0289 47.25862 16.35754 8.602898 32.88986 37.81116 12.74216 -2.147736 -31.39133 4.13562 -14.78702 47.83657 -10.37794 28.88593 -11.47479 -8.028885 16.35849 -47.25755 -3.166249 -5.89889 -49.67569 -10.37792 4.50587 -30.75274 -3.166237 -32.968 37.62361 0.02600097 49.9176 -3.563183 -3.166274 45.42255 -20.96178 -8.028856 -47.25661 -16.35774 -8.028861 -36.51677 -34.16487 4.13562 -25.65311 -42.99816 0.02600097 23.5587 44.15153 -8.028855 -49.10389 9.462388 -8.028865 -25.82412 42.82351 8.602898 -11.25845 48.83202 8.602898 -45.42447 -21.16509 -10.42673 35.40896 34.13037 8.602898 21.16576 -45.42469 8.602898 -47.9191 14.66608 -8.028882 9.462911 49.10485 -3.166233 -40.06976 29.94729 -10.37792 -1.265096 31.05504 8.602898 -9.576432 -49.18981 12.74216 8.629136 30.25835 -8.028871 -14.54271 -47.847 8.602898 41.0426 -28.75654 8.602898 48.83361 11.25828 8.602898 9.577988 49.18945 4.13562 -50.0652 0.718403 -13.80459 -27.03414 22.43269 -8.028902 49.62567 6.174663 -8.028894 34.16495 -36.51858 8.602898 -19.59506 -46.12374 -13.86114 -38.03078 10.69943 8.602898 -21.16391 45.42441 8.602898 -30.14475 40.03145 8.602898 46.12406 -19.59494 -13.80461 24.54248 -25.13602 -13.80459 -29.68862 -18.77951 4.13562 -43.71693 -24.41016 0.02600097 48.08591 -13.86333 -8.028887 19.4656 46.06446 -3.166231 -45.42134 20.96168 -3.166259 14.81621 -47.78068 -13.80462 35.10218 1.418742 0.02600097 3.564087 49.91646 -13.86116 -6.663508 -38.94214 8.602898 45.4256 21.16505 -8.028858 -42.82357 -25.82564 -8.028854 -49.62486 -6.174815 8.602898 4.384323 49.92105 8.602898 40.03197 30.14654 -13.86116 10.70071 38.03169 13.86115 -24.82684 -29.68617 -3.166234 -37.62397 -32.96867 -3.166245 -16.09813 -47.36358 -3.166268 33.97238 36.72066 13.86115 -26.92638 27.79452 -13.86118 33.39977 21.10388 4.13562 -47.83551 -14.78761 -3.166238 -29.9463 -40.07059 -8.028902 49.82607 -4.278016 4.13562 -42.99808 25.65453 4.13562 9.707489 -49.12028 -8.028881 6.175799 -49.62581 -8.028888 21.20867 -45.28878 13.86115 17.02234 -34.75598 -13.80462 32.64419 -12.98087 8.602898 -36.65975 -34.16618 8.602898 28.75765 41.04166 4.13562 -32.96551 37.68616 -13.8046 -15.57253 31.48927 -8.028876 -4.277463 -49.82512 -8.0289 46.06529 -19.46516 -10.37791 -28.88528 11.47458 8.602898 34.16624 -36.66106 8.602898 -50.10481 -0.859531 8.602898 0.859634 -50.1061 -13.10176 42.11561 15.5558 8.602898 25.79811 -42.9635 -3.166229 -48.78569 11.05973 -13.86114 -38.28422 -9.749979 -3.166245 -14.81384 47.78013 -3.166271 40.07074 -29.94725 -3.166275 48.78808 -11.06003 -3.166273 43.65614 24.42527 -3.166275 47.78109 14.81484 -3.166268 32.96949 -37.62398 -3.16624 -24.42566 43.65593 -13.86115 -21.9278 -32.86438 -13.80461 19.48501 29.23126 -13.86117 17.49715 -35.42275 -8.028856 -46.0644 19.46523 -3.166264 25.59482 42.98091 -3.166276 49.81778 4.557265 -3.16626 16.09969 47.36345 4.13562 -4.516869 49.86593 -10.4267 -31.64538 -37.64506 13.86115 24.82863 29.68575 -13.10172 -31.34118 32.14654 -8.028875 -6.174914 49.62557 -13.86116 5.69489 -39.09597 -8.02886 -37.79439 32.74733 -3.166242 -20.96122 -45.42126 -3.166229 -47.77988 -14.81514 -3.16627 37.62518 32.968 -3.166233 -40.86371 -28.85511 -13.86116 -1.576312 39.47673 8.602898 -34.16505 36.66046 8.602898 -24.30781 -43.82282 8.602898 -14.66551 -47.91931 8.602898 -6.091347 49.74152 8.602898 37.81236 -32.88895 8.602898 42.96419 25.79694 8.602898 -41.04148 28.75597 8.602898 47.38843 16.30096 8.602898 -42.96277 -25.79729 8.602898 -46.12367 19.59488 8.602898 -49.74026 -6.092476 8.602898 -47.38722 -16.30107 8.602898 49.92221 -4.382935 8.602898 -49.18999 9.576981 8.602898 43.82353 -24.3089 8.602898 49.74205 6.092144 8.602898 6.092758 -49.74176 8.602898 47.91969 -14.66631 8.602898 36.66154 34.16609 8.602898 14.66724 47.91917 8.602898 16.30238 -47.38815 8.602898 24.30893 43.82276 8.602898 -32.88873 -37.81109 8.602898 -25.79722 42.96291 8.602898 -16.3009 47.38786 -8.02889 25.82619 -42.82389 12.74216 -30.99429 5.417988 -8.028899 43.77856 -24.17369 -8.028872 -9.462972 -49.10509 -3.166229 -49.81718 -4.557437 13.86115 35.90544 -14.43949 -10.42671 -1.671017 49.15157 -13.10172 -35.24527 -27.80904 0.02600097 -28.04344 -41.44753 0.02600097 47.05095 17.04783 0.02600097 -49.91619 3.562958 4.13562 5.948639 49.71538 4.13562 28.84671 -40.92568 4.13562 -5.946411 -49.71543 -8.028897 39.88993 30.16007 -13.10176 43.21576 -12.16928 0.02600097 -38.28659 32.22256 0.02600097 1.674683 -50.01568 0.02600097 12.03761 -48.57461 0.02600097 -44.15172 23.55747 13.86115 -5.448151 38.31444 -13.10175 34.53085 -28.69467 -8.028889 24.17359 43.77743 -8.028868 -19.46433 -46.06469 -8.028883 11.32941 -48.70845 -10.42672 13.5992 47.26192 4.13562 25.65459 42.99785 4.13562 -37.68381 -32.96592 4.13562 19.70795 -46.02882 4.13562 49.7155 -5.948021 4.13562 49.86696 4.518311 4.13562 34.0343 36.72447</float_array>
          <technique_common>
            <accessor source="#tire35Mesh-mesh-positions-array" count="219" stride="3">
              <param name="X" type="float"/>
              <param name="Y" type="float"/>
              <param name="Z" type="float"/>
            </accessor>
          </technique_common>
        </source>
        <source id="tire35Mesh-mesh-normals">
          <float_array id="tire35Mesh-mesh-normals-array" count="657">0.9825083 -0.1323012 -0.1310499 0.5344257 -0.330739 -0.7778181 0.5643324 -0.2386609 -0.7902974 -0.8585677 -0.3046432 -0.4123762 -0.9301683 0.01382523 -0.3668729 -0.9951668 0.06457841 0.0739783 0.981394 -0.09442526 0.1671821 0.578734 -0.7806486 0.2359127 0.5908882 -0.7962234 0.1299215 -0.9655828 0.2023393 0.1634279 -0.9951172 -0.02099734 -0.09644144 -0.6380667 -0.4747885 -0.606174 0.9859369 -0.064547 0.1541499 0.5163274 -0.1873281 0.835652 0.5795943 -0.3044312 0.7559049 -0.6679158 0.52301 0.52948 -0.9773887 -0.1480152 -0.151006 -0.5182832 0.470398 0.7142188 -0.5289356 -0.3048605 0.7920147 -0.4563861 -0.1546415 0.8762407 -0.9978704 -0.04416054 0.04800593 0.03109848 -0.9966165 0.07608294 -0.01977646 -0.9590675 0.2824862 -0.001983702 -0.9727857 0.2316985 -0.5065618 -0.2505342 -0.8250017 -0.9941553 -0.0190438 -0.106267 -0.4898723 -0.1720703 -0.8546443 0.980506 0.0368666 -0.1930004 0.5231916 0.3657122 -0.7697567 0.5162982 0.4364287 -0.7368625 0.9850633 0.1633989 -0.05432385 0.5115135 0.7887562 -0.3409072 0.5296353 0.8110861 -0.2482455 0.9833469 0.09616476 0.1542116 0.5378062 0.6718457 0.5093014 0.5187112 0.6322137 0.5755387 -0.3822893 0.7511194 -0.5382143 -0.4365467 0.5943005 -0.675451 -0.9007398 0.3154756 -0.2985681 -0.3848119 0.9050664 -0.1810377 -0.3997724 0.8481926 -0.3474929 -0.9040622 0.4222294 -0.0662871 0.9822891 -0.1860752 -0.0220043 0.6024262 -0.7262442 -0.3311375 0.6142601 -0.6717278 -0.4140847 -0.2973777 -0.6833524 -0.6667805 -0.440024 -0.791451 -0.4242455 -0.9299906 -0.2606977 -0.2591412 -0.9875696 0.06738626 -0.1420056 -0.9931724 -0.1086468 0.04248207 -0.5188638 -0.7894811 0.3278721 0.4841629 -0.6663343 0.5670846 0.5170605 -0.6950803 0.4995117 -0.4928247 0.3875333 0.7790647 0.9884523 0.04055982 0.1460033 0.6111212 0.1513459 0.7769333 0.5780375 0.09772312 0.8101376 -0.4660896 0.7493081 0.4704234 -0.3695864 0.8767835 0.3076632 -0.9289481 0.3542992 0.107367 0.9861404 0.1589446 0.04757958 0.569643 0.7990567 0.1923937 0.5931795 0.76589 0.248094 -0.4001399 0.8008902 -0.4454917 -0.4925538 0.1929441 -0.8486245 -0.4990766 0.0913127 -0.8617334 -0.9952585 0.008087515 -0.09692865 -0.02234011 0.3889682 -0.9209803 0.5555015 0.2252891 -0.8004142 0.9878695 0.001403868 -0.1552806 -0.8077496 0.3273481 -0.4902896 -0.9010819 0.3635457 -0.2364023 -0.4765654 -0.4154649 -0.7747737 -0.02078372 -0.2835261 -0.9587393 -0.01196342 0.3174592 0.9481965 -0.7128449 0.1741139 0.679365 0.5162332 0.4956327 0.6984637 0.5733591 0.3590857 0.7364217 0.005310356 0.9761381 -0.2170857 -0.008240163 0.9586406 -0.2845005 -0.02465963 0.9948087 0.09873008 -0.04699897 0.9157176 0.3990643 -0.0190438 -0.8741844 -0.4852206 -4.88297e-4 -0.9961567 -0.08758831 -0.5377758 -0.8332916 -0.1281494 -0.5136994 -0.8166027 -0.2631977 -0.9843423 0.131447 -0.1174386 -0.914978 -0.2927442 0.277698 -0.5027099 -0.4127397 0.7595583 0.556823 -0.4616946 0.6904972 0.5232866 -0.5855463 0.6191177 -0.4962406 -0.8495908 0.1787198 0.5701982 0.0227676 -0.8211917 0.5952737 0.08380526 -0.7991408 0.01293987 -0.1162453 -0.9931363 -0.02639901 -0.08859705 -0.9957177 0.01141405 0.664368 -0.7473186 -0.01364213 0.7932294 -0.6087702 -0.01904392 0.7316054 -0.6814624 0.5376076 0.6791282 -0.499763 0.5278366 0.7447395 -0.4083523 -0.01986777 -0.2962466 0.9549048 -0.01779246 -0.09442538 0.995373 -0.01782315 -0.08447688 0.9962661 -0.03979688 0.262098 0.9642204 8.24016e-4 0.07254391 0.9973649 -0.02349972 0.1154844 0.9930314 0.5277167 -0.6186045 -0.5821028 0.4818393 -0.5698876 -0.6656268 0.01516783 -0.5615473 -0.8273056 0.005951225 -0.6951072 -0.7188817 -0.03528016 -0.6143822 -0.7882195 -0.01690751 -0.6615614 0.7497004 0.03024488 -0.7636607 0.6449091 -0.02447599 -0.8543114 0.519185 -0.008758962 0.959061 0.2830641 0.002533078 0.8813937 0.4723758 0.01541203 0.9420898 0.3350066 -0.02859669 0.7497414 0.6611128 -0.01989871 0.8201208 0.5718444 -0.02310305 0.1754553 -0.9842163 0.4551675 -0.1702072 -0.8739864 -0.01260429 0.2387804 -0.9709919 -0.505162 0.8598924 0.07346087 -0.5054951 0.8627873 -0.008545458 -0.9817682 -0.1619647 0.09949219 -0.02349978 0.9930348 -0.1154543 0.5514168 0.8341447 0.0119329 -0.5147969 -0.8557261 0.05212664 0.9838039 -0.1788401 -0.01208543 0.6109557 -0.7913522 -0.02224814 0.5717121 -0.8135751 -0.1060229 -0.9937071 0.03054976 -0.1077635 -0.5017685 0.2872785 -0.8159042 -0.02127164 -0.48754 0.8728415 -0.0140388 -0.4827837 0.8756272 -0.008575797 -0.3028083 0.953013 -0.3864067 -0.7099738 0.5887506 0.002472043 -0.8069058 0.5906749 -0.01409995 -0.645395 0.763719 -0.3775212 -0.61615 0.6912575 -0.4886447 0.4564774 -0.7435421 -0.4955457 0.3708124 -0.7854508 0.002594113 0.4407303 -0.8976359 -0.009247362 0.5757788 -0.8175534 -0.01782286 0.5794876 -0.8147862 -0.9112203 -0.4084423 0.05340909 -0.9970612 0.06659281 0.03787428 0.01327586 0.5177589 0.8554237 -0.03344893 0.6828048 0.7298348 -0.01953208 0.8613954 -0.5075595 0.02029526 0.9063308 -0.4220815 -0.02505612 0.5112252 0.8590816 0.5458639 0.8356118 -0.06152641 0.5360711 0.8292088 -0.1582424 -0.01471036 -0.7445538 -0.6674005 0.5667388 -0.6833521 -0.4602578 0.01327568 -0.3167858 -0.9484042 0.07504671 -0.4297409 -0.8998283 0.5964934 0.7934018 0.1212824 0.003662228 -0.8871279 0.4615092 0.01141417 -0.9135317 0.4066075 -0.4495507 0.1270217 0.8841775 -0.6779648 -0.1064527 0.7273457 0.5335389 0.5173332 -0.6691058 0.5371125 0.5731865 -0.6188437 -0.9894097 -0.1439907 0.01831161 0.6107562 0.7140342 0.3422456 0.5765039 0.7185088 0.3890867 0.1326362 -0.9854022 -0.1067254 -0.01083439 -0.9613016 -0.2752854 -0.01825028 -0.9579578 -0.2863283 0.007629811 0.9864796 0.1637062 -0.01236027 0.680762 0.7324005 0.9932846 -0.08249396 0.08112055 0.6003371 -0.3312826 0.7279061 0.6107816 -0.4150617 0.6742921 0.01611405 0.298019 -0.9544239 0.004882991 0.1003455 -0.9949406 -0.5060762 -0.05084562 -0.8609888 0.002777218 0.9979482 -0.0639683 -0.00915569 -0.8209331 -0.5709512 0.009155809 -0.9155529 -0.4020937 -0.004577815 -0.7425271 -0.6698004 -0.04516774 -0.5070694 -0.8607209 0.5085467 -0.5038467 -0.6982255 0.5335695 -0.4009019 -0.7447022 0.5984519 0.3190177 0.7349035 0.5187653 -0.004699945 0.8549038 0.5231856 -0.1099291 0.845099 0.592476 -0.7883199 -0.1659042 0.6087659 -0.7475671 -0.2656083 -0.433526 0.7454329 0.506345 0.6142282 0.1861667 -0.7668544 0.5488319 -0.7693658 0.3268942 0.5459302 -0.7382632 0.3961412 -0.4333485 0.124337 0.8926083 -0.537963 -0.7451583 0.3941257 0.5769712 -0.1519261 -0.8025103 0.6012593 -0.05176055 -0.7973758 -0.5165115 -0.3287252 -0.7906679 0.5601482 0.6328752 -0.5345121 0.6122038 0.2335286 0.7554277 0.5934343 -0.8004115 0.08471959 -0.06686657 -0.9975666 -0.01974558 -7.01929e-4 0.9961592 0.08755797 -0.9174702 0.3976966 0.00927782 -0.8924652 -0.3093705 0.3283227 -0.7819039 -0.5780656 0.2333809 -0.9686627 -0.1940743 0.1550092 -0.8558112 0.4055963 0.3210589 -0.9275055 0.2030435 0.3138582 -0.555114 0.3951628 0.7319118 -0.9301766 -0.05209696 0.363397 -0.01205492 0.6267651 0.7791152 0.9859456 -0.130499 0.1043138 -0.9654093 -0.2435115 0.09320515 0.5231224 0.5545263 0.6471813 0.006073236 0.4485965 0.8937138</float_array>
          <technique_common>
            <accessor source="#tire35Mesh-mesh-normals-array" count="219" stride="3">
              <param name="X" type="float"/>
              <param name="Y" type="float"/>
              <param name="Z" type="float"/>
            </accessor>
          </technique_common>
        </source>
        <vertices id="tire35Mesh-mesh-vertices">
          <input semantic="POSITION" source="#tire35Mesh-mesh-positions"/>
        </vertices>
        <polylist material="tire_001-material" count="420">
          <input semantic="VERTEX" source="#tire35Mesh-mesh-vertices" offset="0"/>
          <input semantic="NORMAL" source="#tire35Mesh-mesh-normals" offset="1"/>
          <vcount>3 3 3 3 3 3 3 3 3 3 3 3 3 3 3 3 3 3 3 3 3 3 3 3 3 3 3 3 3 3 3 3 3 3 3 3 3 3 3 3 3 3 3 3 3 3 3 3 3 3 3 3 3 3 3 3 3 3 3 3 3 3 3 3 3 3 3 3 3 3 3 3 3 3 3 3 3 3 3 3 3 3 3 3 3 3 3 3 3 3 3 3 3 3 3 3 3 3 3 3 3 3 3 3 3 3 3 3 3 3 3 3 3 3 3 3 3 3 3 3 3 3 3 3 3 3 3 3 3 3 3 3 3 3 3 3 3 3 3 3 3 3 3 3 3 3 3 3 3 3 3 3 3 3 3 3 3 3 3 3 3 3 3 3 3 3 3 3 3 3 3 3 3 3 3 3 3 3 3 3 3 3 3 3 3 3 3 3 3 3 3 3 3 3 3 3 3 3 3 3 3 3 3 3 3 3 3 3 3 3 3 3 3 3 3 3 3 3 3 3 3 3 3 3 3 3 3 3 3 3 3 3 3 3 3 3 3 3 3 3 3 3 3 3 3 3 3 3 3 3 3 3 3 3 3 3 3 3 3 3 3 3 3 3 3 3 3 3 3 3 3 3 3 3 3 3 3 3 3 3 3 3 3 3 3 3 3 3 3 3 3 3 3 3 3 3 3 3 3 3 3 3 3 3 3 3 3 3 3 3 3 3 3 3 3 3 3 3 3 3 3 3 3 3 3 3 3 3 3 3 3 3 3 3 3 3 3 3 3 3 3 3 3 3 3 3 3 3 3 3 3 3 3 3 3 3 3 3 3 3 3 3 3 3 3 3 3 3 3 3 3 3 3 3 3 3 3 3 3 3 3 3 3 3 3 3 3 3 3 3 3 3 3 3 3 3 3 3 3 3 3 3 3 3 3 3 3 3 3 3 3 3 3 3 3 3 3 3 3 3 </vcount>
          <p>107 0 86 1 164 2 37 3 75 4 106 5 111 6 72 7 175 8 92 9 143 10 151 11 207 12 68 13 186 14 70 15 144 16 38 17 34 18 154 19 161 20 197 21 45 22 134 23 78 24 100 25 190 26 120 27 71 28 133 29 192 30 90 31 179 32 152 33 105 34 180 35 39 36 85 37 208 38 30 39 127 40 202 41 15 42 69 43 170 44 63 45 102 46 194 47 83 48 87 49 146 50 111 6 35 51 168 52 144 16 106 5 95 53 77 54 81 55 104 56 28 57 51 58 132 59 1 60 80 61 169 62 208 38 202 41 189 63 211 64 118 65 155 66 133 29 71 28 215 67 182 68 120 27 53 69 104 56 207 12 77 54 16 70 128 71 83 48 151 11 143 10 17 72 164 2 86 1 43 73 149 74 95 53 212 75 152 33 123 76 183 77 127 40 138 78 94 79 217 80 12 81 80 61 170 44 69 43 93 82 191 83 103 84 62 85 125 86 153 87 67 88 111 6 89 89 162 90 66 91 146 50 87 49 62 85 103 84 87 49 53 69 131 92 178 93 43 73 57 94 200 95 141 96 137 97 24 98 192 30 79 99 176 100 54 101 150 102 46 103 40 104 99 105 198 106 107 0 122 107 184 108 195 109 3 110 114 111 124 112 203 113 116 114 175 8 72 7 45 22 140 115 139 116 196 117 139 116 159 118 49 119 117 120 200 95 57 94 204 121 205 122 117 120 84 123 115 124 98 125 216 126 217 80 19 127 22 128 191 83 197 21 188 129 130 130 172 131 155 66 145 132 56 133 175 8 188 129 111 6 124 112 5 134 142 135 154 19 136 136 54 101 156 137 74 138 59 139 21 140 59 139 142 135 187 141 119 142 145 132 14 143 36 144 199 145 13 146 37 3 112 147 38 17 147 148 110 149 110 149 70 15 38 17 8 150 24 98 137 97 8 150 61 151 94 79 40 104 198 106 81 55 183 77 123 76 213 152 174 153 41 154 216 126 192 30 41 154 174 153 93 82 214 155 42 156 184 108 122 107 214 155 109 157 78 24 190 26 114 111 157 158 195 109 177 159 1 60 192 30 203 113 206 160 116 114 96 161 146 50 66 91 149 74 73 162 99 105 193 163 161 20 154 19 120 27 47 164 129 165 24 98 199 145 36 144 87 49 135 166 62 85 49 119 196 117 139 116 1 60 101 167 167 168 50 169 158 170 113 171 197 21 50 169 113 171 196 117 7 172 140 115 51 58 84 123 132 59 218 173 213 152 123 76 49 119 218 173 180 35 42 156 107 0 15 42 33 174 88 175 185 176 5 134 54 101 136 136 202 41 98 125 115 124 211 64 97 177 6 178 119 142 36 144 14 143 118 65 126 179 100 25 57 94 204 121 117 120 143 10 100 25 78 24 124 112 116 114 35 51 162 90 89 89 124 112 60 180 94 79 138 78 115 124 30 39 202 41 189 63 39 36 208 38 137 97 61 151 8 150 62 85 158 170 191 83 102 46 160 181 20 182 151 11 114 111 108 183 160 181 102 46 63 45 214 155 64 184 184 108 107 0 26 185 163 186 95 53 149 74 147 148 213 152 40 104 4 187 22 128 66 91 87 49 134 23 22 128 197 21 136 136 142 135 5 134 67 88 34 18 125 86 150 102 54 101 68 13 207 12 11 188 165 189 15 42 9 190 173 191 113 171 93 82 69 43 201 192 159 118 139 116 132 59 112 147 28 57 117 120 215 67 182 68 53 69 29 193 182 68 116 114 45 22 171 194 111 6 10 195 171 194 193 163 106 5 161 20 73 162 25 196 99 105 74 138 156 137 27 197 27 197 96 161 74 138 161 20 125 86 34 18 43 73 200 95 76 198 107 0 76 198 23 199 183 77 77 54 152 33 210 200 17 72 143 10 157 158 17 72 210 200 24 98 8 150 79 99 120 27 129 165 166 201 192 30 19 127 177 159 177 159 19 127 217 80 77 54 4 187 181 202 181 202 4 187 40 104 188 129 31 203 130 130 45 22 82 204 175 8 27 197 156 137 153 87 21 140 67 88 153 87 84 123 148 205 115 124 148 205 84 123 51 58 24 98 36 144 141 96 85 37 187 141 145 132 64 184 43 73 86 1 163 186 26 185 64 184 2 206 135 166 87 49 87 49 83 48 128 71 54 101 5 134 88 175 186 14 68 13 54 101 5 134 124 112 89 89 185 176 88 175 5 134 8 150 94 79 90 31 176 100 79 99 8 150 0 207 55 208 91 209 145 132 208 38 85 37 48 210 32 211 92 9 135 166 194 47 102 46 93 82 113 171 158 170 20 182 160 181 93 82 94 79 216 126 41 154 179 32 90 31 94 79 209 212 38 17 144 16 147 148 38 17 209 212 96 161 134 23 45 22 45 22 116 114 206 160 215 67 117 120 205 122 97 177 119 142 14 143 55 208 13 146 98 125 112 147 132 59 13 146 99 105 46 103 150 102 46 103 99 105 25 196 32 211 58 213 100 25 100 25 155 66 118 65 169 62 80 61 12 81 167 168 101 167 12 81 102 46 62 85 135 166 20 182 62 85 102 46 103 84 191 83 22 128 103 84 22 128 87 49 150 102 198 106 99 105 207 12 104 56 11 188 12 81 49 119 167 168 180 35 105 34 49 119 25 196 73 162 106 5 212 75 95 53 106 5 53 69 15 42 107 0 23 199 53 69 107 0 93 82 160 181 214 155 108 183 114 111 3 110 109 157 57 94 43 73 195 109 157 158 43 73 110 149 147 148 18 214 49 119 159 118 218 173 111 6 188 129 33 174 89 89 111 6 33 174 201 192 28 57 112 147 144 16 70 15 112 147 82 204 113 171 172 131 173 191 9 190 113 171 114 111 151 11 17 72 17 72 157 158 114 111 115 124 148 205 60 180 138 78 115 124 60 180 171 194 10 195 116 114 168 52 35 51 116 114 182 68 29 193 117 120 178 93 131 92 117 120 6 178 118 65 211 64 118 65 6 178 126 179 56 133 145 132 119 142 97 177 56 133 119 142 120 27 44 215 53 69 79 99 192 30 120 27 121 216 91 209 55 208 98 125 121 216 55 208 122 107 42 156 214 155 107 0 42 156 122 107 123 76 52 217 218 173 152 33 52 217 123 76 142 135 59 139 124 112 203 113 124 112 59 139 125 86 161 20 16 70 83 48 125 86 16 70 190 26 57 94 109 157 204 121 57 94 126 179 189 63 61 151 137 97 94 79 61 151 127 40 128 71 2 206 87 49 166 201 129 165 24 98 199 145 24 98 129 165 172 131 130 130 82 204 130 130 31 203 82 204 53 69 23 199 131 92 200 95 117 120 131 92 132 59 98 125 13 146 98 125 132 59 84 123 120 27 133 29 47 164 215 67 199 145 133 29 134 23 66 91 22 128 66 91 134 23 96 161 92 9 135 166 48 210 2 206 48 210 135 166 136 136 34 18 67 88 34 18 136 136 154 19 137 97 39 36 189 63 39 36 137 97 141 96 138 78 30 39 115 124 30 39 138 78 127 40 139 116 28 57 201 192 28 57 139 116 140 115 140 115 51 58 28 57 51 58 140 115 148 205 141 96 85 37 39 36 85 37 141 96 36 144 142 135 67 88 21 140 67 88 142 135 136 136 143 10 92 9 32 211 100 25 143 10 32 211 144 16 112 147 37 3 106 5 144 16 37 3 91 209 145 132 0 207 145 132 155 66 0 207 146 50 27 197 83 48 96 161 27 197 146 50 65 218 18 214 147 148 147 148 149 74 65 218 148 205 140 115 7 172 7 172 60 180 148 205 149 74 99 105 40 104 40 104 65 218 149 74 165 189 11 188 150 102 198 106 150 102 11 188 151 11 63 45 194 47 108 183 63 45 151 11 167 168 152 33 1 60 152 33 77 54 1 60 27 197 153 87 83 48 125 86 83 48 153 87 54 101 46 103 154 19 46 103 193 163 154 19 155 66 100 25 58 213 58 213 0 207 155 66 156 137 21 140 153 87 59 139 21 140 156 137 43 73 157 158 109 157 210 200 109 157 157 158 62 85 20 182 158 170 93 82 158 170 20 182 18 214 159 118 110 149 70 15 110 149 159 118 3 110 160 181 108 183 63 45 108 183 160 181 75 4 16 70 161 20 161 20 106 5 75 4 111 6 162 90 35 51 35 51 162 90 124 112 107 0 163 186 86 1 86 1 163 186 64 184 76 198 164 2 43 73 107 0 164 2 76 198 207 12 165 189 68 13 68 13 165 189 150 102 120 27 166 201 79 99 79 99 166 201 24 98 152 33 167 168 105 34 105 34 167 168 49 119 111 6 168 52 10 195 10 195 168 52 116 114 101 167 169 62 12 81 1 60 169 62 101 167 15 42 170 44 42 156 42 156 170 44 93 82 72 7 171 194 45 22 111 6 171 194 72 7 9 190 172 131 113 171 15 42 172 131 9 190 15 42 173 191 69 43 69 43 173 191 113 171 192 30 174 153 19 127 19 127 174 153 216 126 188 129 175 8 31 203 31 203 175 8 82 204 192 30 176 100 90 31 90 31 176 100 8 150 1 60 177 159 80 61 80 61 177 159 217 80 29 193 178 93 117 120 53 69 178 93 29 193 41 154 179 32 94 79 192 30 179 32 41 154 52 217 180 35 218 173 152 33 180 35 52 217 77 54 181 202 81 55 81 55 181 202 40 104 120 27 182 68 71 28 71 28 182 68 215 67 77 54 183 77 4 187 4 187 183 77 213 152 107 0 184 108 26 185 26 185 184 108 64 184 89 89 185 176 5 134 33 174 185 176 89 89 33 174 186 14 88 175 88 175 186 14 54 101 187 141 36 144 119 142 36 144 187 141 85 37 172 131 15 42 188 129 127 40 189 63 202 41 61 151 189 63 127 40 126 179 190 26 100 25 57 94 190 26 126 179 191 83 158 170 50 169 50 169 197 21 191 83 192 30 1 60 44 215 44 215 120 27 192 30 193 163 46 103 25 196 193 163 25 196 106 5 151 11 194 47 92 9 135 166 92 9 194 47 3 110 195 109 64 184 43 73 64 184 195 109 49 119 12 81 196 117 7 172 196 117 12 81 45 22 197 21 82 204 113 171 82 204 197 21 11 188 104 56 198 106 104 56 81 55 198 106 129 165 47 164 199 145 47 164 133 29 199 145 131 92 23 199 200 95 23 199 76 198 200 95 70 15 201 192 112 147 159 118 201 192 70 15 98 125 202 41 121 216 91 209 121 216 202 41 206 160 203 113 74 138 59 139 74 138 203 113 205 122 204 121 6 178 126 179 6 178 204 121 14 143 205 122 97 177 6 178 97 177 205 122 45 22 206 160 96 161 74 138 96 161 206 160 186 14 33 174 207 12 207 12 33 174 77 54 145 132 91 209 208 38 202 41 208 38 91 209 144 16 95 53 209 212 147 148 209 212 95 53 143 10 78 24 210 200 109 157 210 200 78 24 155 66 56 133 211 64 97 177 211 64 56 133 212 75 106 5 73 162 149 74 212 75 73 162 40 104 213 152 65 218 18 214 65 218 213 152 64 184 214 155 3 110 160 181 3 110 214 155 199 145 215 67 14 143 205 122 14 143 215 67 217 80 216 126 60 180 94 79 60 180 216 126 60 180 7 172 217 80 12 81 217 80 7 172 159 118 18 214 218 173 213 152 218 173 18 214</p>
        </polylist>
      </mesh>
    </geometry>
    <geometry id="rim_detail3Mesh-mesh" name="rim_detail3Mesh">
      <mesh>
        <source id="rim_detail3Mesh-mesh-positions">
          <float_array id="rim_detail3Mesh-mesh-positions-array" count="234">-3.080741 -8.774397 0.05037796 7.868368 -9.256173 6.817516 -7.557422 5.625824 0.05037295 7.311799 11.15378 3.584174 -1.886531 -4.211924 -12.4216 -2.099801 3.858871 12.42328 7.868368 -9.256173 -6.817467 -2.336743 12.88513 8.1e-5 -2.099201 3.858384 -12.42326 -1.722475 -9.991795 7.132102 7.426801 6.941282 -9.383452 -7.402894 -0.225701 5.903073 -3.856159 0.848808 -6.735987 -7.255661 -5.790571 -1.758297 -4.006895 6.559303 1.1253 -2.464137 -2.873903 8.245009 7.150886 7.287092 9.865256 7.714571 -3.613876 11.51052 -1.659797 -12.30794 9.4e-5 7.612466 0.125002 -11.59862 -3.164322 -5.249992 -6.868679 -3.956081 4.631622 4.90893 -2.271087 10.38995 -7.67886 -7.427166 0.689499 -5.729897 -1.888078 -3.926044 11.5414 -2.271363 10.38977 7.678824 -1.715053 -10.74006 -7.676001 -3.989475 5.895054 -3.068998 7.928686 -11.47087 5.5e-5 7.311799 11.15378 -3.584137 -3.119554 -7.141636 5.077199 -2.05649 3.918211 -8.037716 -1.990955 1.219758 9.00281 -7.293367 -4.362947 4.188625 -2.195806 7.500104 10.56854 7.043005 3.921063 11.70705 -1.666426 -12.5941 -4.035331 -1.92204 -1.617435 -8.91465 7.798349 -6.690811 -9.383456 -2.194871 7.499793 -10.56852 -1.675618 -11.7142 3.74947 -1.992841 -0.176944 -13.06169 -2.112189 6.213603 6.457907 -3.654785 -6.759211 -2.073099 7.282565 12.22564 5.4e-5 -2.152718 7.881167 -4.073894 -2.17397 8.758116 1.463008 7.714571 -3.613876 -11.51046 -2.320032 12.24557 -4.037125 -2.319955 12.24553 4.037126 -1.790957 -7.851988 -10.56576 -1.800935 -6.611202 -6.369756 -3.799198 -1.300125 6.836699 7.612475 0.125006 12.10288 -1.791137 -7.852104 10.56575 -7.512281 3.911488 -4.087885 -7.311825 -3.665069 -4.684696 2.441599 10.56173 -7.694664 -7.845745 4.27787 2.345803 7.798349 -6.690811 9.383469 7.345662 9.91445 -7.11389 7.926307 -11.38289 3.739978 7.043009 3.921063 -11.70704 7.464013 -11.5865 -3.803839 -1.992969 -0.176907 13.06173 2.99917 -10.61536 7.694515 -3.283601 -0.2244189 -8.501857 -3.402938 4.801366 -6.868685 -3.283601 -0.2244189 8.602604 -3.402938 4.801632 6.969366 -7.473215 2.430489 5.264874 -3.66572 -6.346228 3.169779 2.999059 -10.61529 -7.694535 2.720348 -0.02673095 -13.09082 3.064879 -13.11476 6.1e-5 2.441206 10.56173 7.694635 7.345662 9.91445 7.113884 -3.090738 -8.355954 -2.592547</float_array>
          <technique_common>
            <accessor source="#rim_detail3Mesh-mesh-positions-array" count="78" stride="3">
              <param name="X" type="float"/>
              <param name="Y" type="float"/>
              <param name="Z" type="float"/>
            </accessor>
          </technique_common>
        </source>
        <source id="rim_detail3Mesh-mesh-normals">
          <float_array id="rim_detail3Mesh-mesh-normals-array" count="261">0.5957897 -0.7622398 -0.2530321 0.05350005 -0.9978848 0.03692817 0.1318736 -0.7898377 -0.5989705 -0.6750556 0.6171911 0.4041971 0.04913645 0.8386469 0.5424546 0.6710892 0.7413752 0.001434385 0.08765143 -0.01358109 -0.9960587 0.5073199 0.3160563 -0.8017075 0.4488717 0.01669383 -0.8934403 0.6500597 0.2729335 0.7091754 -0.5888391 -0.08511829 0.8037559 0.7890319 0.06509649 0.6108939 -0.6529519 0.7569909 -0.02487289 0.09668546 0.7979299 -0.5949453 -0.4592908 -0.5110523 -0.7265518 -0.8118781 -0.3749923 -0.447476 -0.7580913 0.1084644 -0.6430653 -0.7102463 -0.5329594 0.4598961 -0.6982222 -0.2065551 0.6854346 -0.7130489 -0.02063089 0.7008107 -0.942376 -0.1281507 0.3090388 -0.9593323 -0.2157078 0.182076 -0.6478365 -0.2374413 0.7238299 0.4751248 -0.8799025 -0.005310356 -0.9333421 0.2885908 0.2135132 -0.9114682 0.1499123 0.3830822 -0.9677975 0.2482745 0.04156726 -0.6280205 0.7541251 -0.1920562 -0.6965395 0.5737913 -0.4308089 -0.6146603 0.2808393 -0.7371039 -0.8941833 0.1648344 -0.416252 -0.9583448 0.2634449 -0.1103282 0.7114107 -0.2272486 -0.665021 -0.621705 -0.2803486 -0.7313602 -0.6635807 -0.0413841 -0.7469593 0.7386026 -0.6392006 0.2142164 0.005951225 -0.7480558 0.6636092 0.6953179 -0.2506233 0.6735882 0.3050111 0.9094789 -0.2825183 -0.710905 -0.6912814 -0.1293997 -0.8425163 0.463741 0.2740635 -0.8781712 -0.3537833 -0.3219513 -0.6440882 -0.6466824 -0.408598 -0.5797073 -0.7753642 -0.2504994 -0.7591879 -0.6371123 -0.1331233 -0.7872441 -0.5550536 0.2686305 -0.7200715 0.4704545 -0.5100684 -0.6139042 0.7148635 -0.3348014 -0.7263877 0.1510701 -0.6704766 -0.7446327 0.4803688 0.4634308 -0.5890247 0.7949391 0.1453334 -0.6169143 0.4052334 0.6746871 0.7711946 0.5367752 0.3422445 0.4620946 0.8439537 0.2724164 0.9953429 0.05325329 0.08035415 0.4595629 -0.5279571 0.7141873 -0.8494443 -0.4486035 -0.2778479 -0.626194 -0.7761351 0.07413125 -0.9439208 -0.3296048 0.01934897 -0.5407636 -0.8118931 0.2200103 0.2962783 -0.5774803 -0.7607468 -0.8864828 -0.1149342 -0.4482617 -0.6624196 0.3267692 0.6741085 -0.6177709 0.4054483 -0.6737737 -0.7059694 0.7081058 0.01391673 -0.5738556 -0.6782318 0.4590112 -0.4563516 -0.5676853 0.6851837 -0.6320531 0.7257166 0.2717431 -0.5925568 -0.4385885 -0.6756601 0.3922339 -0.7013334 0.5952178 0.7037079 0.5815707 -0.408131 0.3400445 0.5583786 -0.7566921 -0.6843065 0.458829 -0.5667456 -0.6651262 -0.07165807 0.7432848 -0.6361396 0.2621283 0.7256826 0.6774022 0.391316 0.6228951 0.9995912 -0.02718025 0.008875787 -0.667307 0.008453845 -0.7447348 0.3958995 -0.703445 -0.5902785 -0.6737827 0.4242234 0.6050219 0.9996284 0.02726405 0 0.9996273 0.02730226 1.21735e-4 0.9996268 0.02731996 -1.47942e-4 0.9996282 0.0272684 1.59625e-5 0.999629 0.02724039 -4.93904e-6 0.9472909 -0.3021435 -0.1065334 0.9897119 -0.1317631 -0.05575793</float_array>
          <technique_common>
            <accessor source="#rim_detail3Mesh-mesh-normals-array" count="87" stride="3">
              <param name="X" type="float"/>
              <param name="Y" type="float"/>
              <param name="Z" type="float"/>
            </accessor>
          </technique_common>
        </source>
        <vertices id="rim_detail3Mesh-mesh-vertices">
          <input semantic="POSITION" source="#rim_detail3Mesh-mesh-positions"/>
        </vertices>
        <polylist material="black_001-material" count="145">
          <input semantic="VERTEX" source="#rim_detail3Mesh-mesh-vertices" offset="0"/>
          <input semantic="NORMAL" source="#rim_detail3Mesh-mesh-normals" offset="1"/>
          <vcount>3 3 3 3 3 3 3 3 3 3 3 3 3 3 3 3 3 3 3 3 3 3 3 3 3 3 3 3 3 3 3 3 3 3 3 3 3 3 3 3 3 3 3 3 3 3 3 3 3 3 3 3 3 3 3 3 3 3 3 3 3 3 3 3 3 3 3 3 3 3 3 3 3 3 3 3 3 3 3 3 3 3 3 3 3 3 3 3 3 3 3 3 3 3 3 3 3 3 3 3 3 3 3 3 3 3 3 3 3 3 3 3 3 3 3 3 3 3 3 3 3 3 3 3 3 3 3 3 3 3 3 3 3 3 3 3 3 3 3 3 3 3 3 3 3 </vcount>
          <p>63 0 74 1 72 2 25 3 75 4 44 5 73 6 62 7 19 8 35 9 64 10 53 11 7 12 44 5 57 13 20 14 56 15 23 16 33 17 52 18 11 19 15 20 30 21 24 22 74 1 63 0 28 23 25 3 42 24 32 25 46 26 48 27 22 28 8 29 31 30 45 31 47 32 4 33 41 34 61 35 65 36 74 1 24 22 17 37 64 10 29 38 57 13 44 5 13 39 11 19 58 40 7 12 46 26 42 24 51 41 26 42 36 43 31 30 41 34 4 33 56 15 20 14 43 44 33 17 71 45 52 18 55 46 27 47 12 48 58 40 21 49 14 50 15 20 24 22 64 10 32 25 34 51 25 3 75 4 76 52 3 53 59 54 3 54 35 54 53 11 59 55 35 9 59 55 17 37 65 36 77 56 51 41 18 57 0 58 18 57 40 59 38 60 72 2 47 32 26 42 51 41 37 61 23 16 12 48 20 14 11 19 52 18 21 49 70 62 21 49 58 40 45 31 39 63 8 29 62 7 73 6 57 13 27 47 55 46 2 64 58 40 55 46 13 39 30 21 9 65 54 66 17 37 54 66 9 65 42 24 49 67 7 12 44 5 7 12 49 67 37 61 50 68 26 42 4 33 47 32 72 2 22 28 45 31 46 26 2 64 14 50 27 47 65 36 61 35 1 69 57 13 60 70 10 71 33 17 43 44 71 45 9 65 30 21 0 58 4 33 37 61 31 30 67 72 12 48 27 47 68 73 21 49 52 18 5 74 32 25 15 20 33 17 11 19 13 39 13 39 43 44 33 17 5 74 35 9 75 4 32 25 5 74 34 51 16 75 75 4 35 9 16 76 35 76 3 76 18 57 74 1 65 36 51 41 36 43 18 57 12 48 67 72 66 77 66 77 20 14 12 48 72 2 38 60 6 78 39 63 57 13 73 6 45 31 22 28 39 63 0 58 40 59 9 65 65 36 40 59 18 57 41 34 73 6 47 32 31 30 8 29 41 34 21 49 68 73 69 79 21 49 69 79 14 50 18 57 0 58 77 56 0 58 71 45 43 44 3 53 44 5 75 4 29 80 44 80 3 80 27 47 46 26 45 31 45 31 67 72 27 47 46 26 27 47 14 50 14 50 42 24 46 26 19 81 38 81 47 81 73 6 19 8 47 32 46 26 7 12 48 27 57 13 48 27 7 12 42 24 25 3 49 67 44 5 49 67 25 3 37 61 4 33 50 68 72 2 50 68 4 33 20 14 37 61 51 41 51 41 77 56 20 14 15 20 52 18 71 45 52 18 15 20 68 73 53 11 64 10 17 37 53 82 17 82 59 82 30 21 54 66 24 22 17 37 24 22 54 66 23 16 13 39 55 46 12 48 23 16 55 46 13 39 23 16 56 15 43 44 13 39 56 15 57 13 39 63 22 28 57 13 22 28 48 27 58 40 2 64 55 46 14 50 2 64 58 40 65 36 1 69 59 55 57 13 29 38 60 70 29 83 10 83 60 83 74 1 28 23 61 35 1 84 61 84 28 84 57 13 10 71 62 7 19 8 62 7 10 71 28 85 63 85 6 85 72 2 6 78 63 0 15 20 64 10 5 74 5 74 64 10 35 9 65 36 9 65 40 59 9 65 65 36 17 37 37 61 20 14 66 77 66 77 31 30 37 61 67 72 45 31 31 30 31 30 66 77 67 72 68 73 15 20 32 25 32 25 69 79 68 73 69 79 32 25 42 24 42 24 14 50 69 79 21 49 70 62 11 19 11 19 70 62 58 40 71 45 0 58 30 21 71 45 30 21 15 20 72 2 26 42 50 68 26 42 72 2 74 1 73 6 41 34 8 29 73 6 8 29 39 63 74 1 36 43 26 42 74 1 18 57 36 43 75 4 34 51 5 74 75 4 25 3 34 51 75 4 16 75 76 52 76 86 16 86 3 86 77 56 43 44 20 14 43 44 77 56 0 58</p>
        </polylist>
      </mesh>
    </geometry>
    <geometry id="bolt8Mesh-mesh" name="bolt8Mesh">
      <mesh>
        <source id="bolt8Mesh-mesh-positions">
          <float_array id="bolt8Mesh-mesh-positions-array" count="243">-0.08370196 0.221405 -17.65693 -0.06758898 1.500397 -15.48393 -0.346283 -0.718704 -15.07256 -0.08370196 0.221405 13.96519 -0.06758898 1.500397 16.1382 -0.346283 -0.718704 16.54957 -0.08370196 -13.92381 -9.748867 -0.06758898 -15.2028 -7.575863 -0.346283 -12.98364 -7.164494 -0.08370196 13.8593 6.08606 -0.346283 12.91913 8.67043 -0.06758898 15.13829 8.25906 -0.08370196 13.92383 -9.748864 -0.346283 12.98351 -7.16449 -0.06758898 15.20265 -7.575859 -0.08370196 -13.85936 6.086056 -0.06758898 -15.13827 8.259057 -0.346283 -12.91911 8.670426 1.025414 12.51431 9.047154 1.025414 12.57875 -6.787743 1.025414 -12.51437 9.04715 1.025414 -12.57882 -6.787746 -1.821205 -14.48454 -8.657597 -1.821205 14.42001 7.177303 -1.821205 0.782196 15.05644 -1.821205 0.782196 -16.56566 -1.821205 -14.42008 7.177299 -1.821205 14.48441 -8.657593 -0.06741297 -1.428574 15.48516 -0.06741297 -1.428574 -16.13694 1.025154 -0.408813 -17.3404 1.025154 -0.408813 14.28172 -0.06741297 12.20924 7.60603 -0.06741297 12.27362 -8.228867 -0.06741297 -12.20923 7.606026 -0.06741297 -12.27368 -8.228871 1.025414 -1.123596 16.9263 1.025414 -1.123596 -14.69581 1.025154 -13.29352 -9.432343 1.025154 -13.22914 6.40258 1.025154 13.229 6.402584 1.025154 13.2934 -9.432339 1.248436 -12.59929 8.995274 1.821472 -13.72096 8.161583 1.248352 -13.27594 6.493065 1.248436 -12.66382 -6.839626 1.821472 -13.78542 -7.673298 1.248352 -13.34039 -9.341858 1.248436 -1.038589 16.87441 1.248352 -0.361938 14.3722 1.821472 0.08308398 16.04072 1.248436 -1.038589 -14.74769 1.248352 -0.361938 -17.24992 1.821472 0.08308398 -15.58137 1.248436 12.5993 8.995278 1.248352 13.27588 6.493069 1.821472 13.7209 8.161587 1.248436 12.66368 -6.839622 1.248352 13.34033 -9.341855 1.821472 13.78535 -7.673294 1.02523 -14.82104 -9.019902 1.02523 -14.75667 6.815002 1.02523 14.75653 6.815006 1.02523 1.118698 14.69416 1.02523 1.118698 -16.92795 1.02523 14.82106 -9.019898 -1.820747 14.00609 -6.887806 -1.820747 -13.94162 8.947075 -1.820747 -14.00607 -6.88781 -1.820747 0.303741 -14.79588 -1.820747 0.303741 16.82624 -1.820747 13.94156 8.947079 -1.821281 -0.989929 15.52745 -1.821281 -0.989929 -16.09467 -1.821281 12.64796 7.648312 -1.821281 12.71234 -8.186585 -1.821281 -12.64802 7.648308 -1.821281 -12.71248 -8.186589 -0.346535 -14.22532 -6.06353 -0.346535 14.22525 -6.063526 -0.346535 -14.16078 9.77137</float_array>
          <technique_common>
            <accessor source="#bolt8Mesh-mesh-positions-array" count="81" stride="3">
              <param name="X" type="float"/>
              <param name="Y" type="float"/>
              <param name="Z" type="float"/>
            </accessor>
          </technique_common>
        </source>
        <source id="bolt8Mesh-mesh-normals">
          <float_array id="bolt8Mesh-mesh-normals-array" count="339">1 -2.14522e-5 -1.04168e-4 -0.5678647 -0.211407 -0.7955104 1 -2.14523e-5 -1.04168e-4 -0.5678605 -0.2114126 -0.795512 -0.567863 0.2114191 -0.7955084 1 2.15621e-5 -1.04167e-4 -0.5678537 -0.2114226 -0.795514 1 -2.15349e-5 -1.04168e-4 -0.7142663 -0.6887524 -0.1242733 -0.7311297 0.5159658 -0.4463504 -0.1632444 0.1112711 -0.9802908 1 -2.15329e-5 -1.04166e-4 -0.5678545 0.2114207 -0.7955142 1 2.15622e-5 -1.04169e-4 -0.01883 -0.9841662 -0.1762453 0.6319239 -0.389665 -0.6699504 0.5094506 -0.3401016 0.7904372 0.01357328 0.7054491 0.7086306 0.7736027 0.4470869 0.4490572 -0.01879948 -0.9841668 -0.1762454 0.6319055 -0.3896725 -0.6699633 0.5931528 -0.5437717 0.5937021 0.7735922 -0.4470961 0.4490661 0.5931726 0.5437618 0.5936914 0.6319497 0.3896316 -0.6699454 -0.01879948 0.9841668 -0.1762454 0.5230293 0.822785 -0.2224081 0.7736048 -0.4470935 0.4490468 0.2764789 -0.1414828 0.9505484 -0.7311182 -0.5159882 -0.4463434 -0.163245 -0.111241 -0.9802942 0.1255272 -0.9425378 0.3096216 0.3072049 0.8460494 0.4356901 -0.163245 0.111241 -0.9802942 -0.7311182 0.5159882 -0.4463434 0.2764599 0.1414862 0.9505534 0.2764763 0.1414872 0.9505484 0.3072404 0.8460327 0.4356973 -0.1632158 0.1112114 -0.9803023 0.27648 0.1414865 0.9505474 0.3072324 0.8460414 0.4356859 0.2764668 -0.1414856 0.9505514 0.125526 -0.9425289 0.3096492 0.2764925 0.1414814 0.9505446 0.1254935 0.9425448 0.309614 -0.3377303 -0.666803 0.6643133 0.6319314 -0.3896391 -0.6699583 0.5094349 -0.3401421 0.7904299 -0.3377275 -0.6668028 0.6643149 -0.1732513 -0.6682186 -0.7235109 0.3901492 0.2399997 -0.8889229 0.390148 0.2399957 -0.8889245 -0.1732503 -0.6682165 -0.7235131 -0.3377446 -0.6668125 0.6642964 -0.3641105 -0.8160565 0.4488602 -0.3377642 -0.6667714 0.6643278 -0.3640867 -0.8160581 0.4488765 -0.3377743 0.6668033 0.6642906 -0.3640754 0.8160635 0.4488758 -0.3377333 0.6668185 0.6642961 -0.3641254 0.8160259 0.4489039 0.01360207 0.7054356 0.7086436 -0.05002117 -0.3491717 0.9357227 0.01359331 0.7054356 0.7086437 0.3901607 -0.2399939 -0.8889194 -0.1732754 0.6681858 -0.7235354 -0.1732259 0.6681849 -0.7235481 0.3901417 -0.239986 -0.8889299 -0.1732847 -0.6681952 -0.7235245 0.3901558 0.2399839 -0.8889243 0.3901779 0.2399719 -0.8889178 0.8336918 0.5330781 -0.1441724 0.8336782 0.5331 -0.1441701 0.8336918 -0.5330781 -0.1441724 -0.8336775 0.5331001 0.1441736 -0.8336923 0.533075 0.1441814 -0.3438072 -0.8103802 -0.4744268 0.7572727 -0.4759041 0.4472736 0.7572437 -0.4759315 0.4472932 -0.3438863 -0.8103683 -0.4743898 0.798772 0.01119232 0.6015297 -0.3438135 0.8103776 -0.4744264 0.7987693 0.01119381 0.6015333 -0.3438463 0.8103682 -0.4744188 0.7987661 0.01119488 0.6015377 -0.3438413 0.8103693 -0.4744207 0.757229 0.4759663 0.4472812 -0.3438536 0.810393 -0.4743712 -0.6086725 0.1564713 0.7778397 -1 1.20115e-4 2.91297e-4 -0.6086783 -0.1564117 0.7778471 -1 -1.20242e-4 2.91309e-4 -1 -1.20241e-4 2.91308e-4 -0.6086812 -0.156382 0.7778508 -0.6086783 0.1564117 0.7778471 -1 1.20236e-4 2.91306e-4 -1 1.20276e-4 2.91303e-4 -0.6086975 0.1564088 0.7778326 -1 1.20201e-4 2.91309e-4 -0.1842043 -0.6669266 -0.7219957 -0.1842036 -0.666929 -0.7219936 -0.05005162 -0.3491712 0.9357213 -0.3910756 -0.613379 0.6861678 -0.7142963 0.6887214 -0.1242732 -0.3910756 0.613379 0.6861678 -0.7142813 0.6887363 -0.1242759 -0.3911006 0.6133398 0.6861885 -0.01883012 0.9841715 -0.1762157 -0.3724355 0.6157507 0.6943652 -0.3585366 -0.3590553 0.8617023 -0.3724097 -0.6157394 0.6943891 -0.3585459 0.3590648 0.8616944 -0.3723974 0.6157578 0.6943793</float_array>
          <technique_common>
            <accessor source="#bolt8Mesh-mesh-normals-array" count="113" stride="3">
              <param name="X" type="float"/>
              <param name="Y" type="float"/>
              <param name="Z" type="float"/>
            </accessor>
          </technique_common>
        </source>
        <vertices id="bolt8Mesh-mesh-vertices">
          <input semantic="POSITION" source="#bolt8Mesh-mesh-positions"/>
        </vertices>
        <polylist material="mattemetal_001-material" count="108">
          <input semantic="VERTEX" source="#bolt8Mesh-mesh-vertices" offset="0"/>
          <input semantic="NORMAL" source="#bolt8Mesh-mesh-normals" offset="1"/>
          <vcount>3 3 3 3 3 3 3 3 3 3 3 3 3 3 3 3 3 3 3 3 3 3 3 3 3 3 3 3 3 3 3 3 3 3 3 3 3 3 3 3 3 3 3 3 3 3 3 3 3 3 3 3 3 3 3 3 3 3 3 3 3 3 3 3 3 3 3 3 3 3 3 3 3 3 3 3 3 3 3 3 3 3 3 3 3 3 3 3 3 3 3 3 3 3 3 3 3 3 3 3 3 3 3 3 3 3 3 3 </vcount>
          <p>30 0 64 0 37 0 73 1 25 1 0 1 31 2 63 2 36 2 72 3 24 3 3 3 6 4 22 4 77 4 60 5 38 5 21 5 74 6 23 6 9 6 18 7 40 7 62 7 75 8 27 9 12 10 19 11 41 11 65 11 15 12 26 12 76 12 61 13 39 13 20 13 32 14 40 15 18 16 10 17 18 17 62 17 79 18 19 18 65 18 33 19 41 20 19 21 61 22 20 22 80 22 20 23 39 24 34 25 21 26 38 26 35 26 60 27 21 27 78 27 68 28 7 28 8 28 22 29 6 30 7 31 11 32 9 33 23 34 10 35 11 35 71 35 5 36 4 36 70 36 4 37 3 38 24 34 2 39 1 39 69 39 1 40 0 38 25 34 67 41 16 41 17 41 26 29 15 30 16 42 13 43 14 43 66 43 14 44 12 10 27 9 70 45 72 45 5 45 28 14 31 46 36 47 69 48 73 48 2 48 29 14 30 46 37 47 30 49 29 49 0 49 0 50 64 50 30 50 3 51 63 51 31 51 31 52 28 52 3 52 71 53 74 53 10 53 18 54 10 54 32 54 66 55 75 55 13 55 19 56 13 56 33 56 17 57 76 57 67 57 34 58 17 58 20 58 8 59 77 59 68 59 35 60 8 60 21 60 5 61 36 61 63 61 36 47 5 62 28 14 2 63 37 63 64 63 37 47 2 62 29 14 38 64 60 64 6 64 6 65 35 65 38 65 15 66 34 66 39 66 39 67 61 67 15 67 40 68 32 68 9 68 9 69 62 69 40 69 41 20 33 19 12 10 12 70 65 70 41 70 43 71 44 71 42 71 46 72 47 72 45 72 48 73 49 73 50 73 51 73 52 73 53 73 55 74 54 74 56 74 58 75 57 75 59 75 7 76 6 76 60 76 78 77 7 77 60 77 80 78 16 78 61 78 16 79 15 79 61 79 62 80 11 80 10 80 62 81 9 81 11 81 63 82 4 82 5 82 63 83 3 83 4 83 64 84 1 84 2 84 64 85 0 85 1 85 65 86 14 86 79 86 65 87 12 87 14 87 27 9 66 88 14 44 66 89 27 89 75 89 16 42 67 90 26 29 26 91 67 91 76 91 22 92 68 92 77 92 7 31 68 93 22 29 25 34 69 94 1 40 69 95 25 95 73 95 24 34 70 94 4 37 70 96 24 96 72 96 23 34 71 97 11 32 71 98 23 98 74 98 28 14 5 62 72 8 3 99 28 99 72 99 29 14 2 62 73 8 0 100 29 100 73 100 32 14 10 101 74 8 9 33 32 14 74 8 33 19 13 102 75 8 12 10 33 19 75 8 76 103 17 104 34 25 76 103 34 25 15 30 77 105 8 106 35 107 77 105 35 107 6 30 8 108 78 108 21 108 8 106 7 31 78 109 19 110 79 110 13 110 79 111 14 44 13 102 17 104 16 42 80 109 17 112 80 112 20 112</p>
        </polylist>
      </mesh>
    </geometry>
    <geometry id="tire26Mesh-mesh" name="tire26Mesh">
      <mesh>
        <source id="tire26Mesh-mesh-positions">
          <float_array id="tire26Mesh-mesh-positions-array" count="657">3.166229 4.558334 -49.81681 -8.602883 -48.83213 -11.25843 -12.74218 30.51939 7.656754 -0.02604597 13.86399 48.08485 10.37791 16.62465 -26.26171 -4.135641 42.99956 -25.65493 -4.135604 -32.96549 37.68618 -0.02602195 -36.04713 -34.71123 10.37791 -1.265106 31.05504 -4.135642 46.02896 19.70679 -4.135613 -14.787 47.83658 8.028908 -49.10389 9.462365 10.37791 -31.05452 -1.266121 3.166229 28.85562 -40.864 -8.602929 49.19097 -9.577299 -12.74215 -30.51784 -7.657017 -0.02605396 32.22332 38.28911 8.028908 -24.17342 -43.77759 10.37791 30.75346 4.505058 8.028908 -34.16313 36.51852 -4.135643 49.12065 9.705867 -8.602904 -4.382566 -49.92141 3.166229 -45.96918 -19.72859 -8.602884 -46.12367 19.5949 -4.135637 36.72628 -34.03402 -8.602892 -28.7561 -41.04189 -8.602906 -0.860118 50.10577 8.028908 42.82498 25.82565 -8.602917 24.30895 43.82275 -8.602911 11.25821 -48.83244 10.37791 -14.43054 -27.52762 8.028908 49.10634 -9.462651 -12.74216 -10.8043 29.55109 8.028908 -43.77493 24.17362 -8.602882 -49.91975 4.382604 8.028908 16.35852 -47.25754 8.028908 -11.32744 48.70832 8.028908 41.01123 -28.61737 8.028908 4.27774 49.825 8.028908 49.62567 6.174686 8.028908 28.61797 41.01054 8.028908 -49.62485 -6.174839 -8.602887 -41.04147 28.75598 -8.602887 -40.03078 -30.14702 10.37791 17.23032 25.86816 -0.02603298 -13.86302 -48.08499 -12.74218 26.11183 -17.55653 8.028908 -25.82414 42.8235 -8.60292 30.14785 -40.03158 10.37791 -27.85461 -13.78783 -4.13564 40.92572 28.84558 -4.135644 50.06506 -0.718617 -0.02601599 -48.0859 13.86317 -12.74216 -2.147757 -31.39133 10.37791 28.88594 -11.47478 -0.02604895 21.87316 -45.01065 3.166229 -5.898865 -49.6757 10.37791 4.50589 -30.75274 -0.02604997 23.55872 44.15152 10.37791 -13.78675 27.85514 -8.602921 32.88988 37.81114 -4.135609 -24.40911 43.71656 3.166229 45.42256 -20.96176 8.028908 -47.25661 -16.35777 -0.02603799 -1.673392 50.01507 8.028908 -36.51675 -34.16489 -4.135608 -25.65313 -42.99814 3.166229 -40.06977 29.94727 -8.60291 9.578008 49.18945 8.028908 47.25862 16.35757 -8.6029 -11.25843 48.83203 -8.602884 -45.42448 -21.16506 10.42674 35.40895 34.13038 -8.602916 21.16573 -45.4247 13.80461 -27.03415 22.43268 -8.602902 -9.576459 -49.18981 -12.74217 8.629144 30.25835 8.028908 -14.54269 -47.84701 -8.602925 41.04258 -28.75656 -4.135596 -50.0652 0.718427 8.028908 9.462891 49.10485 8.028908 34.16497 -36.51856 -8.602896 -19.59509 -46.12373 13.86118 -38.03078 10.69941 -8.602895 -21.16389 45.42442 -8.602891 -30.14474 40.03147 -8.602928 46.12404 -19.59497 13.80461 24.5425 -25.136 13.80461 -29.68861 -18.77952 -4.1356 -43.71695 -24.41014 -0.02606195 48.0859 -13.86335 8.028908 19.46558 46.06447 3.166229 -45.42135 20.96166 3.166229 14.81624 -47.78067 -0.02601599 -49.565 -6.893126 13.80461 35.10219 1.418758 13.86118 -6.663483 -38.94214 -8.60293 50.10659 0.859199 8.028908 -42.82355 -25.82567 8.028908 -49.82452 4.277775 8.028908 -16.35837 47.257 8.028908 49.82608 -4.277992 -8.602908 4.384343 49.92105 -8.602929 48.83361 11.25825 -8.602925 40.03198 30.14652 -8.602928 45.42561 21.16503 -13.86116 -24.82686 -29.68616 3.166229 -37.62395 -32.96869 3.166229 -16.09811 -47.36358 3.166229 33.97237 36.72067 -13.86116 -26.92637 27.79453 13.86118 33.39976 21.1039 -4.1356 -42.99807 25.65455 -4.135598 -47.83552 -14.78759 3.166229 -29.94627 -40.07061 13.80461 9.498337 33.82174 -4.135625 9.707464 -49.12029 8.028908 6.175827 -49.6258 8.028908 21.2087 -45.28876 -13.86118 17.02232 -34.75598 3.166229 -32.96802 37.6236 13.80461 32.64421 -12.98086 3.166229 5.900955 49.67551 -8.602889 -36.65977 -34.16616 -8.602915 19.59554 46.12313 -8.602883 -47.9191 14.6661 13.80461 -15.57254 31.48926 8.028908 -4.277435 -49.82513 8.028908 46.06531 -19.46514 10.37791 -28.88528 11.47457 -8.602921 34.16622 -36.66107 -8.602882 -50.10482 -0.859508 -8.602906 0.859606 -50.1061 13.10173 42.11561 15.55582 -8.602918 25.79809 -42.96351 -8.60289 -34.16504 36.66047 3.166229 -48.78569 11.05971 13.86118 -38.28421 -9.749997 3.166229 49.81778 4.557289 3.166229 40.07075 -29.94723 3.166229 48.78809 -11.06 3.166229 43.65613 24.42529 3.166229 -9.739541 49.06747 3.166229 32.96951 -37.62397 3.166229 47.78108 14.81486 3.166229 -24.42568 43.65592 13.86118 -21.92778 -32.86439 13.80461 19.485 29.23127 13.86118 17.49718 -35.42274 8.028908 -46.06441 19.46521 3.166229 25.59481 42.98092 3.166229 16.09967 47.36346 -4.135618 -4.516847 49.86593 10.42674 -31.64536 -37.64507 -13.86119 24.82864 29.68574 13.10173 -31.34119 32.14652 13.86118 5.694916 -39.09596 8.028908 -37.7944 32.74731 3.166229 -20.9612 -45.42127 3.166229 37.62517 32.96802 3.166229 -47.77988 -14.81516 3.166229 -40.86369 -28.85513 13.86118 -1.576324 39.47673 -8.602894 -24.30783 -43.82281 -8.602903 -6.091327 49.74153 -8.602886 -42.96278 -25.79727 -8.602929 47.38843 16.30093 -8.602883 -47.38723 -16.30105 -8.602882 -49.74027 -6.092452 -8.602926 42.96419 25.79692 -8.602927 43.82352 -24.30892 -8.60293 49.9222 -4.382958 -8.602888 -37.81092 32.88886 -8.602885 -43.82262 24.30871 -8.602909 6.09273 -49.74176 -8.602929 47.91968 -14.66634 -8.602923 36.66156 34.16607 -8.602924 37.81234 -32.88896 -8.60293 49.74205 6.09212 -8.602883 -49.18999 9.577005 -8.602899 -14.66554 -47.9193 -8.602913 16.30236 -47.38816 -8.602919 28.75766 41.04165 -8.602912 14.66726 47.91917 -8.602893 -25.7972 42.96292 -8.60289 -32.88875 -37.81107 -8.602898 -16.30088 47.38787 8.028908 25.82622 -42.82387 10.42674 -1.671036 49.15157 -12.74215 -30.9943 5.418003 8.028908 -9.462944 -49.10509 8.028908 43.77858 -24.17367 3.166229 -49.81718 -4.557461 -13.86119 35.90542 -14.43951 13.10173 -35.24525 -27.80906 -0.02602595 -28.04346 -41.44752 -0.02606296 49.9176 -3.563207 -0.02601498 -49.91619 3.562982 -4.135623 5.948661 49.71538 -4.135634 28.84669 -40.9257 -4.135617 -5.946437 -49.71543 8.028908 39.88992 30.16009 13.10173 43.21577 -12.16925 -0.026021 -38.28657 32.22258 -0.02603995 1.674659 -50.01568 -0.02604496 12.03759 -48.57461 -0.02601796 -44.15171 23.55749 3.166229 -4.557137 49.81632 -13.86117 -5.448139 38.31444 13.10173 34.53087 -28.69466 8.028908 24.17357 43.77744 8.028908 -19.4643 -46.0647 8.028908 11.32944 -48.70845 -4.135632 25.65461 42.99784 -4.135602 -37.68383 -32.9659 -4.13563 19.70792 -46.02883 -4.135636 34.03432 36.72446 -4.135643 47.39324 -16.15441 -4.135612 -16.15249 -47.39249</float_array>
          <technique_common>
            <accessor source="#tire26Mesh-mesh-positions-array" count="219" stride="3">
              <param name="X" type="float"/>
              <param name="Y" type="float"/>
              <param name="Z" type="float"/>
            </accessor>
          </technique_common>
        </source>
        <source id="tire26Mesh-mesh-normals">
          <float_array id="tire26Mesh-mesh-normals-array" count="657">-0.6142601 -0.6717278 -0.4140847 -0.6024262 -0.7262442 -0.3311375 -0.9822891 -0.1860752 -0.0220043 0.9299906 -0.2606977 -0.2591412 0.440024 -0.791451 -0.4242455 0.2973777 -0.6833524 -0.6667805 0.9843423 0.131447 -0.1174386 0.5404022 -0.3029328 0.7849824 0.5051208 -0.4168902 0.7556822 -0.6107816 -0.4150617 0.6742921 -0.6003371 -0.3312826 0.7279061 -0.9932846 -0.08249396 0.08112055 0.9007398 0.3154756 -0.2985681 0.4365467 0.5943005 -0.675451 0.3822893 0.7511194 -0.5382143 0.5182832 0.470398 0.7142188 0.9863373 -0.0896337 -0.1382197 0.6679158 0.52301 0.52948 0.9817682 -0.1619647 0.09949219 0.5054951 0.8627873 -0.008545458 0.505162 0.8598924 0.07346087 -0.5162982 0.4364287 -0.7368625 -0.5231916 0.3657122 -0.7697567 -0.980506 0.0368666 -0.1930004 -0.5459302 -0.7382632 0.3961412 -0.5170605 -0.6950803 0.4995117 -0.981394 -0.09442526 0.1671821 0.9931724 -0.1086468 0.04248207 0.5188638 -0.7894811 0.3278721 0.4962406 -0.8495908 0.1787198 0.4898723 -0.1720703 -0.8546443 0.9941553 -0.0190438 -0.106267 0.5065618 -0.2505342 -0.8250017 -0.5601158 -0.2308459 -0.7956007 -0.5369893 -0.3321734 -0.7754376 -0.9825083 -0.1323012 -0.1310499 0.6380667 -0.4747885 -0.606174 0.9951172 -0.02099734 -0.09644144 0.9655828 0.2023393 0.1634279 0.9970612 0.06659281 0.03787428 0.8284657 -0.2703973 -0.4904385 0.9112203 -0.4084423 0.05340909 -0.5187112 0.6322137 0.5755387 -0.5377845 0.6718568 0.5093098 -0.9833469 0.09616476 0.1542116 -0.5879863 0.8017135 0.1073672 -0.5601087 0.8280013 0.02630704 -0.9850633 0.1633989 -0.05432385 0.497791 -0.2128986 0.8407605 0.9954456 0.005188226 0.09518945 0.6850886 0.002349913 0.728456 -0.5780375 0.09772312 0.8101376 -0.6111212 0.1513459 0.7769333 -0.9884523 0.04055982 0.1460033 -0.5908882 -0.7962234 0.1299215 -0.578734 -0.7806486 0.2359127 0.5377758 -0.8332916 -0.1281494 0.5136994 -0.8166027 -0.2631977 0.9875696 0.06738626 -0.1420056 0.9010819 0.3635457 -0.2364023 0.8077496 0.3273481 -0.4902896 0.9952585 0.008087515 -0.09692865 0.4990898 0.09131515 -0.8617256 0.4925538 0.1929441 -0.8486245 0.02234011 0.3889682 -0.9209803 0.9040622 0.4222294 -0.0662871 0.3997724 0.8481926 -0.3474929 0.3848119 0.9050664 -0.1810377 -0.5253831 0.8161367 -0.2406111 -0.5141907 0.7863932 -0.342336 -0.9878695 0.001403868 -0.1552806 -0.5555015 0.2252891 -0.8004142 -0.9859369 -0.064547 0.1541499 -0.6122038 0.2335286 0.7554277 -0.5984519 0.3190177 0.7349035 0.9963321 -0.01773166 -0.08371436 0.5480356 0.319812 0.7729019 0.5488172 0.1747499 0.8174731 0.4765654 -0.4154649 -0.7747737 0.01477146 -0.3290008 -0.9442142 0.4001399 0.8008902 -0.4454917 0.01928794 -0.489096 0.8720167 0.008606433 -0.4943513 0.8692197 0.02447599 -0.8543114 0.519185 -0.003662228 -0.8871279 0.4615092 -0.03024488 -0.7636607 0.6449091 0.9289481 0.3542992 0.107367 0.3695864 0.8767835 0.3076632 0.4660896 0.7493081 0.4704234 -0.6003195 0.7585634 0.2533733 -0.608134 0.7718718 0.1854372 -0.9861404 0.1589446 0.04757958 0.02517831 -0.09677642 -0.9949877 -0.01293987 -0.1162453 -0.9931363 0.01217693 -0.2587983 -0.9658547 -0.5952737 0.08380526 -0.7991408 -0.5701982 0.0227676 -0.8211917 0.01825028 -0.9579578 -0.2863283 0.01083439 -0.9613016 -0.2752854 -0.1326362 -0.9854022 -0.1067254 0.0190438 -0.8741844 -0.4852206 -0.01141417 -0.9135317 0.4066075 0.001983702 -0.9727857 0.2316985 0.01977646 -0.9590675 0.2824862 -0.03109848 -0.9966165 0.07608294 0.01904392 0.7316054 -0.6814624 0.01361161 0.7932296 -0.6087704 -0.01141405 0.664368 -0.7473186 -0.5278366 0.7447395 -0.4083523 -0.5376076 0.6791282 -0.499763 -0.4818393 -0.5698876 -0.6656268 -0.5277167 -0.6186045 -0.5821028 0.03528016 -0.6143822 -0.7882195 -0.005951225 -0.6951072 -0.7188817 -0.01553404 -0.5652994 -0.8247396 -0.5795943 -0.3044312 0.7559049 -0.5163274 -0.1873281 0.835652 0.01547288 -0.09363108 0.9954867 -0.02908492 0.01602262 0.9994485 -0.005493342 0.1233567 0.9923473 0.01751786 0.9190483 0.3937557 0.01345878 0.8787615 0.4770716 0.01770079 0.9568203 0.2901407 0.01748758 0.8170958 0.5762367 0.02859669 0.7497414 0.6611128 -0.01327586 0.5177589 0.8554237 0 0.3260622 0.9453483 -0.5162332 0.4956327 0.6984637 -0.5231224 0.5545263 0.6471813 0.02310305 0.1754553 -0.9842163 0.01260429 0.2387804 -0.9709919 -0.4551675 -0.1702072 -0.8739864 0.5017685 0.2872785 -0.8159042 0.9937071 0.03054976 -0.1077635 -0.01794528 0.9675217 -0.2521502 -0.005310356 0.9761381 -0.2170857 -0.02850514 0.9961864 -0.08246362 -0.006347954 0.9959601 0.0895735 -0.9838039 -0.1788401 -0.01208543 0.914978 -0.2927442 0.277698 -0.002472043 -0.8069058 0.5906749 0.537963 -0.7451583 0.3941257 -0.5717121 -0.8135751 -0.1060229 -0.6109557 -0.7913522 -0.02224814 0.01782286 0.5794876 -0.8147862 0.009247362 0.5757788 -0.8175534 -0.002594113 0.4407303 -0.8976359 0.4955457 0.3708124 -0.7854508 0.4886447 0.4564774 -0.7435421 0.01507663 -0.2956733 0.9551702 0.0446791 -0.09335619 0.9946298 0.01464927 0.9502498 -0.3111445 -0.005188226 0.9040964 -0.4272972 0.01742643 0.8587786 -0.5120504 0.01898252 0.1063878 0.9941436 0.0207836 0.2783359 0.9602589 0.01989865 0.9818095 0.1888236 0.03344893 0.6828048 0.7298348 4.88297e-4 -0.9961567 -0.08758831 0.5147969 -0.8557261 0.05212664 -0.4841629 -0.6663343 0.5670846 -0.5232866 -0.5855463 0.6191177 0.01690787 -0.6615442 0.7497155 0.01471036 -0.7445538 -0.6674005 -0.5667388 -0.6833521 -0.4602578 -0.01327568 -0.3167858 -0.9484042 -0.02258414 -0.4356612 -0.8998274 0.01409995 -0.645395 0.763719 0.3775212 -0.61615 0.6912575 -0.5371125 0.5731865 -0.6188437 -0.5335389 0.5173332 -0.6691058 0.9894097 -0.1439907 0.01831161 -0.5765039 0.7185088 0.3890867 -0.6107562 0.7140342 0.3422456 -0.529482 0.8441987 -0.08353173 -0.4926016 0.856323 -0.1550958 -0.5488319 -0.7693658 0.3268942 -0.004882991 0.1003455 -0.9949406 -0.01611405 0.298019 -0.9544239 0.5060762 -0.05084562 -0.8609888 0.02505612 0.5112252 0.8590816 0.01236027 0.680762 0.7324005 -0.556823 -0.4616946 0.6904972 -0.009155809 -0.9155529 -0.4020937 0.00915569 -0.8209331 -0.5709512 -0.01434385 -0.1847615 0.9826787 0.004577815 -0.7425271 -0.6698004 -0.5335695 -0.4009019 -0.7447022 -0.5085467 -0.5038467 -0.6982255 0.04696851 -0.5062778 -0.8610904 0.3864067 -0.7099738 0.5887506 -0.5231856 -0.1099291 0.845099 -0.5187653 -0.004699945 0.8549038 -0.6087659 -0.7475671 -0.2656083 -0.592476 -0.7883199 -0.1659042 0.433526 0.7454329 0.506345 -0.6142282 0.1861667 -0.7668544 -0.5658547 -0.1600727 -0.8088173 -0.6012593 -0.05176055 -0.7973758 -0.5733591 0.3590857 0.7364217 0.5165115 -0.3287252 -0.7906679 -0.5601482 0.6328752 -0.5345121 0.06686657 -0.9975666 -0.01974558 -0.5934343 -0.8004115 0.08471959 0.5053342 0.1224118 0.8541972 0.9174702 0.3976966 0.00927782 0.9686627 -0.1940743 0.1550092 0.7819039 -0.5780656 0.2333809 0.8924652 -0.3093705 0.3283227 0.9275055 0.2030435 0.3138582 0.8557947 0.4056029 0.3210947 0.04690825 0.9988682 -0.007873952 0.555114 0.3951628 0.7319118 0.9301766 -0.05209696 0.363397 0.01205492 0.6267651 0.7791152 0.91377 -0.04300129 -0.4039497 -0.9859456 -0.130499 0.1043138 0.9654093 -0.2435115 0.09320515 -0.006073236 0.4485965 0.8937138</float_array>
          <technique_common>
            <accessor source="#tire26Mesh-mesh-normals-array" count="219" stride="3">
              <param name="X" type="float"/>
              <param name="Y" type="float"/>
              <param name="Z" type="float"/>
            </accessor>
          </technique_common>
        </source>
        <vertices id="tire26Mesh-mesh-vertices">
          <input semantic="POSITION" source="#tire26Mesh-mesh-positions"/>
        </vertices>
        <polylist material="tire_001-material" count="420">
          <input semantic="VERTEX" source="#tire26Mesh-mesh-vertices" offset="0"/>
          <input semantic="NORMAL" source="#tire26Mesh-mesh-normals" offset="1"/>
          <vcount>3 3 3 3 3 3 3 3 3 3 3 3 3 3 3 3 3 3 3 3 3 3 3 3 3 3 3 3 3 3 3 3 3 3 3 3 3 3 3 3 3 3 3 3 3 3 3 3 3 3 3 3 3 3 3 3 3 3 3 3 3 3 3 3 3 3 3 3 3 3 3 3 3 3 3 3 3 3 3 3 3 3 3 3 3 3 3 3 3 3 3 3 3 3 3 3 3 3 3 3 3 3 3 3 3 3 3 3 3 3 3 3 3 3 3 3 3 3 3 3 3 3 3 3 3 3 3 3 3 3 3 3 3 3 3 3 3 3 3 3 3 3 3 3 3 3 3 3 3 3 3 3 3 3 3 3 3 3 3 3 3 3 3 3 3 3 3 3 3 3 3 3 3 3 3 3 3 3 3 3 3 3 3 3 3 3 3 3 3 3 3 3 3 3 3 3 3 3 3 3 3 3 3 3 3 3 3 3 3 3 3 3 3 3 3 3 3 3 3 3 3 3 3 3 3 3 3 3 3 3 3 3 3 3 3 3 3 3 3 3 3 3 3 3 3 3 3 3 3 3 3 3 3 3 3 3 3 3 3 3 3 3 3 3 3 3 3 3 3 3 3 3 3 3 3 3 3 3 3 3 3 3 3 3 3 3 3 3 3 3 3 3 3 3 3 3 3 3 3 3 3 3 3 3 3 3 3 3 3 3 3 3 3 3 3 3 3 3 3 3 3 3 3 3 3 3 3 3 3 3 3 3 3 3 3 3 3 3 3 3 3 3 3 3 3 3 3 3 3 3 3 3 3 3 3 3 3 3 3 3 3 3 3 3 3 3 3 3 3 3 3 3 3 3 3 3 3 3 3 3 3 3 3 3 3 3 3 3 3 3 3 3 3 3 3 3 3 3 3 3 3 3 3 3 3 3 3 3 3 3 3 3 3 3 3 3 3 3 3 3 </vcount>
          <p>165 0 71 1 15 2 194 3 98 4 65 5 126 6 100 7 47 8 184 9 84 10 32 11 209 12 81 13 37 14 40 15 147 16 72 17 95 18 101 19 39 20 134 21 73 22 119 23 173 24 42 25 110 26 83 27 149 28 11 29 190 30 96 31 77 32 180 33 82 34 106 35 153 36 146 37 88 38 111 39 44 40 18 41 176 42 104 43 154 44 178 45 97 46 193 47 36 48 162 49 188 50 102 51 68 52 76 53 179 54 125 55 110 26 83 27 41 56 63 57 74 58 129 59 59 60 156 61 117 62 212 63 215 64 73 22 134 21 202 65 128 66 31 67 175 68 86 69 193 47 53 70 119 23 181 71 76 53 208 72 102 51 183 73 124 74 76 53 115 75 91 76 80 77 17 78 146 37 153 36 218 79 82 34 180 33 191 80 202 65 209 12 61 81 145 82 100 7 112 83 206 84 203 85 133 86 69 87 27 88 166 89 103 90 2 91 200 92 56 93 45 94 174 95 132 96 53 70 113 97 160 98 94 99 89 100 71 1 165 0 11 29 149 28 92 101 136 102 52 103 197 104 24 105 139 106 143 107 170 108 78 109 193 47 185 110 123 111 106 35 114 112 7 113 195 114 186 115 70 116 208 72 152 117 64 118 122 119 9 120 141 121 144 122 50 123 159 124 141 121 150 125 151 126 91 76 182 127 60 128 154 44 56 93 200 92 116 129 116 129 205 130 204 131 35 132 148 133 156 61 90 134 140 135 128 66 196 136 138 137 101 19 110 26 189 138 179 54 47 8 155 139 126 6 67 140 92 101 33 141 168 142 131 143 189 138 113 97 94 99 197 104 199 144 13 145 55 146 148 133 118 147 187 148 100 7 10 149 61 81 207 150 152 117 10 149 217 151 62 152 5 153 139 106 24 105 5 153 198 154 122 119 3 155 80 77 91 76 151 126 144 122 20 156 9 120 138 137 196 136 20 156 109 157 150 125 40 15 40 15 72 17 109 157 197 104 192 158 99 159 83 27 99 159 41 56 172 160 135 161 110 26 112 83 203 85 6 162 214 163 123 111 185 110 43 164 214 163 89 100 91 76 115 75 147 16 190 30 77 32 108 165 195 114 158 166 114 112 193 47 2 91 178 45 6 162 120 167 145 82 155 139 47 8 19 168 13 145 199 144 24 105 130 169 48 170 119 23 63 57 137 171 83 27 169 172 105 173 2 91 141 121 9 120 50 123 171 174 14 175 193 47 140 135 90 134 196 136 52 103 125 55 179 54 23 176 52 103 112 83 15 2 106 35 43 164 101 19 95 18 202 65 0 177 93 178 212 63 55 146 13 145 118 147 116 129 204 131 56 93 96 31 127 179 117 62 77 32 96 31 146 37 124 74 3 155 213 180 182 127 213 180 216 181 100 7 126 6 162 49 216 181 60 128 182 127 176 42 216 181 50 123 145 82 61 81 6 162 135 161 85 182 110 26 209 12 37 14 191 80 5 153 62 152 139 106 22 183 161 184 98 4 192 158 160 98 63 57 36 48 188 50 207 150 142 185 207 150 10 149 107 186 114 112 153 36 65 5 98 4 161 184 163 187 25 188 106 35 185 110 66 189 214 163 120 167 6 162 203 85 33 141 157 190 67 140 68 52 198 154 3 155 3 155 124 74 183 73 20 156 144 122 138 137 133 86 39 20 69 87 70 116 10 149 152 117 164 191 26 192 208 72 71 1 89 100 113 97 167 193 1 194 15 2 141 121 159 124 201 195 27 88 111 39 133 86 181 71 215 64 116 129 181 71 29 196 53 70 149 28 83 27 74 58 155 139 157 190 33 141 75 197 200 92 218 79 21 198 75 197 106 35 154 44 76 53 28 199 146 37 17 78 211 200 211 200 17 78 158 166 78 109 5 153 24 105 177 201 130 169 119 23 179 54 79 202 52 103 131 143 34 203 189 138 64 118 38 204 122 119 115 75 80 77 38 204 143 107 13 145 24 105 148 133 187 148 81 13 82 34 218 79 66 189 66 189 25 188 163 187 83 27 137 171 12 205 129 59 74 58 83 27 84 10 61 81 10 149 10 149 70 116 186 115 85 182 6 162 61 81 61 81 84 10 184 9 86 69 217 151 5 153 5 153 78 109 170 108 87 206 54 207 4 208 81 13 209 12 148 133 98 4 194 3 137 171 88 38 30 209 49 210 160 98 113 97 89 100 89 100 161 184 22 183 14 175 51 211 217 151 217 151 86 69 175 68 147 16 40 15 210 212 210 212 40 15 150 125 52 103 136 102 92 101 206 84 112 83 52 103 55 146 118 147 93 178 205 130 116 129 215 64 63 57 41 56 192 158 99 159 192 158 41 56 18 41 133 86 111 39 95 18 18 41 54 207 117 62 156 61 96 31 96 31 57 213 30 209 51 211 14 175 171 174 51 211 97 46 178 45 98 4 63 57 22 183 137 171 63 57 98 4 197 104 99 159 136 102 83 27 11 29 99 159 10 149 100 7 142 185 162 49 36 48 100 7 196 136 101 19 140 135 202 65 31 67 101 19 26 192 102 51 208 72 122 119 198 154 152 117 20 156 103 90 166 89 178 45 20 156 51 211 169 172 50 123 9 120 50 123 104 43 176 42 9 120 105 173 169 172 166 89 9 120 20 156 106 35 53 70 21 198 106 35 15 2 53 70 7 113 114 112 107 186 214 163 161 184 89 100 45 94 56 93 108 165 218 79 158 166 195 114 216 181 159 124 50 123 16 214 150 125 109 157 32 11 189 138 110 26 32 11 110 26 85 182 111 39 72 17 147 16 111 39 27 88 201 195 172 160 112 83 6 162 112 83 42 25 173 24 113 97 1 194 167 193 168 142 113 97 79 202 114 112 158 166 17 78 17 78 153 36 114 112 115 75 8 215 44 40 38 204 162 49 115 75 116 129 29 196 181 71 116 129 132 96 174 95 127 179 0 177 117 62 212 63 117 62 0 177 118 147 35 132 93 178 118 147 148 133 35 132 53 70 46 216 119 23 119 23 193 47 78 109 120 167 67 140 157 190 145 82 120 167 19 168 54 207 87 206 121 217 54 207 121 217 95 18 38 204 80 77 122 119 151 126 122 119 80 77 214 163 43 164 123 111 123 111 43 164 106 35 124 74 28 199 76 53 213 180 28 199 124 74 52 103 23 176 125 55 125 55 23 176 110 26 59 60 162 49 126 6 59 60 126 6 74 58 108 165 56 93 190 30 127 179 56 93 204 131 139 106 62 152 191 80 128 66 62 152 90 134 83 27 12 205 129 59 24 105 130 169 177 201 130 169 24 105 199 144 79 202 131 143 168 142 79 202 34 203 131 143 132 96 21 198 53 70 132 96 116 129 200 92 18 41 95 18 133 86 39 20 133 86 95 18 48 170 134 21 119 23 134 21 199 144 215 64 6 162 85 182 135 161 6 162 135 161 172 160 92 101 136 102 11 29 99 159 11 29 136 102 49 210 137 171 88 38 137 171 49 210 12 205 101 19 138 137 39 20 69 87 39 20 138 137 191 80 37 14 139 106 143 107 139 106 37 14 101 19 31 67 140 135 128 66 140 135 31 67 201 195 27 88 141 121 144 122 141 121 27 88 100 7 36 48 142 185 207 150 142 185 36 48 37 14 81 13 143 107 13 145 143 107 81 13 27 88 69 87 144 122 138 137 144 122 69 87 100 7 145 82 47 8 19 168 47 8 145 82 30 209 88 38 146 37 30 209 146 37 96 31 44 40 147 16 115 75 44 40 111 39 147 16 4 208 148 133 87 206 4 208 156 61 148 133 74 58 33 141 149 28 149 28 33 141 92 101 58 218 151 126 150 125 150 125 16 214 58 218 3 155 122 119 151 126 151 126 58 218 3 155 26 192 152 117 198 154 152 117 26 192 164 191 194 3 65 5 153 36 153 36 65 5 107 186 2 91 154 44 169 172 2 91 76 53 154 44 155 139 74 58 126 6 74 58 155 139 33 141 57 213 96 31 156 61 156 61 4 208 57 213 155 139 19 168 157 190 157 190 19 168 120 167 108 165 158 166 45 94 158 166 108 165 211 200 109 157 159 124 16 214 159 124 109 157 72 17 160 98 22 183 63 57 22 183 160 98 89 100 107 186 161 184 7 113 161 184 107 186 65 5 8 215 115 75 162 49 162 49 59 60 8 215 66 189 163 187 82 34 82 34 163 187 106 35 152 117 164 191 70 116 70 116 164 191 208 72 89 100 165 0 43 164 43 164 165 0 15 2 9 120 166 89 105 173 105 173 166 89 2 91 71 1 167 193 15 2 113 97 167 193 71 1 113 97 168 142 1 194 1 194 168 142 15 2 104 43 169 172 154 44 50 123 169 172 104 43 86 69 170 108 193 47 5 153 170 108 86 69 97 46 171 174 193 47 51 211 171 174 97 46 42 25 172 160 110 26 112 83 172 160 42 25 112 83 173 24 23 176 23 176 173 24 110 26 116 129 174 95 29 196 29 196 174 95 53 70 217 151 175 68 14 175 14 175 175 68 193 47 216 181 176 42 60 128 60 128 176 42 154 44 24 105 177 201 78 109 78 109 177 201 119 23 20 156 178 45 103 90 103 90 178 45 2 91 34 203 179 54 189 138 79 202 179 54 34 203 218 79 180 33 75 197 75 197 180 33 106 35 215 64 181 71 73 22 73 22 181 71 119 23 213 180 182 127 28 199 28 199 182 127 154 44 3 155 183 73 68 52 68 52 183 73 76 53 61 81 184 9 85 182 85 182 184 9 32 11 25 188 185 110 106 35 66 189 185 110 25 188 84 10 186 115 32 11 10 149 186 115 84 10 118 147 13 145 187 148 81 13 187 148 13 145 38 204 207 150 188 50 162 49 38 204 188 50 189 138 15 2 168 142 96 31 190 30 127 179 127 179 190 30 56 93 202 65 191 80 128 66 128 66 191 80 62 152 94 99 160 98 192 158 192 158 197 104 94 99 193 47 119 23 46 216 46 216 2 91 193 47 194 3 88 38 137 171 88 38 194 3 153 36 195 114 66 189 218 79 66 189 195 114 7 113 196 136 51 211 20 156 51 211 196 136 90 134 79 202 197 104 52 103 197 104 79 202 113 97 198 154 102 51 26 192 198 154 68 52 102 51 199 144 48 170 130 169 199 144 134 21 48 170 200 92 75 197 21 198 200 92 21 198 132 96 111 39 201 195 72 17 72 17 201 195 159 124 202 65 121 217 87 206 121 217 202 65 95 18 67 140 203 85 206 84 203 85 67 140 120 167 0 177 204 131 205 130 204 131 0 177 127 179 205 130 93 178 0 177 93 178 205 130 55 146 92 101 206 84 52 103 206 84 92 101 67 140 152 117 207 150 64 118 38 204 64 118 207 150 208 72 32 11 186 115 76 53 32 11 208 72 209 12 87 206 148 133 87 206 209 12 202 65 91 76 210 212 150 125 210 212 91 76 147 16 77 32 211 200 108 165 211 200 77 32 146 37 35 132 212 63 93 178 212 63 35 132 156 61 58 218 213 180 3 155 213 180 58 218 16 214 7 113 214 163 66 189 214 163 7 113 161 184 55 146 215 64 199 144 215 64 55 146 205 130 16 214 216 181 213 180 216 181 16 214 159 124 90 134 217 151 51 211 217 151 90 134 62 152 45 94 218 79 200 92 218 79 45 94 158 166</p>
        </polylist>
      </mesh>
    </geometry>
    <geometry id="bolt3Mesh-mesh" name="bolt3Mesh">
      <mesh>
        <source id="bolt3Mesh-mesh-positions">
          <float_array id="bolt3Mesh-mesh-positions-array" count="405">-0.2390519 9.432693 3.772472 -0.05777698 10.08183 1.98835 -0.04666894 10.96475 3.488495 -0.05777698 -6.093933 -9.779805 -0.2390519 -5.444946 -7.995678 -0.04666894 -6.976921 -8.27966 -0.2390519 5.37384 9.041272 -0.04666894 6.905731 8.75729 -0.05777698 6.022888 7.257133 -0.05777698 -9.981095 -4.550385 -0.04666894 -10.86394 -3.050247 -0.2390519 -9.331963 -2.766247 0.707703 -5.587646 7.475655 -0.2390519 -5.373741 9.041268 -0.239441 -5.70417 7.819431 -0.05777698 -10.08167 1.988346 -0.04666894 -10.96459 3.488491 -0.2390519 -9.432534 3.772469 -0.05777698 0.16185 9.331734 -0.2390519 -0.487366 11.11586 -0.04666894 1.044769 10.83185 -0.05777698 6.094086 -9.779801 -0.2390519 5.444946 -7.995674 -0.04666894 6.976929 -8.279656 -0.05777698 9.981171 -4.550381 -0.2390519 9.332048 -2.766243 -0.04666894 10.86409 -3.050243 -0.05777698 -0.07386797 -11.88031 -0.2390519 -0.723007 -10.09618 -0.04666894 0.809052 -10.38018 -0.04666894 -6.905647 8.757287 -0.04655498 4.883789 8.306473 0.707886 9.052567 -2.506165 0.707886 -0.766693 11.37592 0.707886 -1.002396 -9.836091 0.707886 5.165558 -7.735588 0.707886 -9.052491 -2.506168 0.707886 -9.153138 4.032562 -0.04655498 8.942658 3.03767 -1.256966 -6.079544 9.232274 -1.257278 -6.481018 -9.026463 -1.257278 -10.36819 -3.797031 -1.257278 -10.46883 2.741684 -0.04655498 -4.954834 -8.730484 0.707886 9.153306 4.032566 -1.257278 10.46892 2.741688 -1.257278 6.481186 -9.026459 -1.257278 6.410065 8.010495 -1.257278 0.548935 10.08507 -1.257278 10.36821 -3.797028 -1.257278 0.313232 -11.12696 0.707703 5.587738 7.475658 0.707703 -5.658852 -9.561287 -0.04655498 -8.942566 3.037666 -0.04655498 -8.841996 -3.501053 -0.04655498 8.84201 -3.501049 -0.04655498 -0.977325 10.38104 -0.04655498 4.955002 -8.730481 -0.04655498 -1.212967 -10.831 0.707886 5.094437 9.301369 0.707886 -5.094269 9.301365 0.707886 -5.165474 -7.735592 0.707756 -6.642197 7.760384 0.707703 -9.646592 2.20686 0.707703 -9.545945 -4.331856 0.707703 9.546036 -4.331852 0.707703 -0.508942 -11.6618 0.707703 -0.273315 9.55024 0.707703 5.658936 -9.561284 0.707703 9.646683 2.206863 0.707756 -6.713318 -9.276555 0.707756 -10.70106 2.491608 0.707756 -10.60049 -4.047142 0.861855 -9.111161 -2.541985 0.861794 -9.578278 -4.269413 1.257462 -9.885491 -3.117527 0.861855 -9.211808 3.996761 1.257462 -9.986138 3.421207 0.861794 -9.679078 2.269325 0.861855 -5.15287 9.265549 1.257462 -5.9272 8.690007 0.861794 -5.620056 7.53812 0.861855 -5.224144 -7.771397 1.257462 -5.998322 -8.34694 0.861794 -5.691116 -9.498822 0.861855 5.224228 -7.771393 0.861794 5.69136 -9.498818 1.257462 5.998489 -8.346936 0.861855 5.152954 9.265554 0.861794 5.620148 7.538124 1.257462 5.927277 8.690011 0.861855 9.111237 -2.541981 0.861794 9.578446 -4.269409 1.257462 9.885499 -3.117523 0.861855 -0.943726 -9.871914 0.861794 -0.476532 -11.59934 1.257462 -0.169464 -10.44745 0.861855 -0.708023 11.34012 0.861794 -0.240906 9.612702 1.257462 0.06625396 10.76459 0.861855 9.211899 3.996765 0.861794 9.679093 2.269329 1.257462 9.986161 3.421211 0.707756 10.70116 2.491611 0.707756 6.713486 -9.276551 0.707756 6.642349 7.760387 0.707756 10.60057 -4.047138 0.707756 0.78125 9.834973 0.707756 0.545517 -11.37707 -0.04647099 -6.572624 7.765282 -0.04655498 -4.883629 8.306469 -1.257332 -5.186539 8.335652 -1.256966 -6.150742 -7.804672 -1.256966 -10.03777 -2.57526 -1.256966 6.079636 9.232277 -1.206223 10.03807 -2.575256 -1.256966 -0.01704394 -9.905182 -1.256966 6.150909 -7.804668 -1.256966 0.218582 11.30685 -1.256966 10.13858 3.963482 -1.206223 -10.13863 3.963478 -1.257332 5.257751 -8.701279 -1.257332 -0.674484 10.41023 -1.257332 9.144913 -3.471886 -1.257332 -0.910202 -10.80181 -1.257332 -9.144684 -3.471889 -1.257332 -5.257668 -8.701284 -1.257332 -9.245408 3.066868 -0.239243 10.28996 4.532532 -0.239243 6.231003 9.801339 -0.239243 -6.302124 -7.235622 -0.239243 -10.28979 4.532528 -0.239243 -6.23085 9.801335 -0.239243 6.302139 -7.235619 -0.239243 -10.18914 -2.006214</float_array>
          <technique_common>
            <accessor source="#bolt3Mesh-mesh-positions-array" count="135" stride="3">
              <param name="X" type="float"/>
              <param name="Y" type="float"/>
              <param name="Z" type="float"/>
            </accessor>
          </technique_common>
        </source>
        <source id="bolt3Mesh-mesh-normals">
          <float_array id="bolt3Mesh-mesh-normals-array" count="588">1 -2.16847e-5 -1.06068e-4 -0.4699386 -0.7862391 0.4012305 1 2.16129e-5 -1.06068e-4 -0.1632153 -0.1112415 -0.9802991 -0.7311197 -0.5159589 -0.4463749 -0.714269 0.688755 -0.1242432 -0.4698736 -0.7862547 0.4012762 1 -2.16967e-5 -1.06066e-4 -0.7311165 -0.5160177 -0.446312 -0.7142364 0.6887835 -0.1242734 1 2.16978e-5 -1.0607e-4 0.7572448 -0.4759373 0.4472854 0.5931429 0.5437932 0.5936923 0.5180646 0.3218867 -0.7924633 -0.04574835 0.9727407 -0.227338 -0.7385687 -0.5150449 -0.4350231 -0.7219612 0.6820726 -0.1164001 1 2.15835e-5 -1.06068e-4 1 -2.16111e-5 -1.06068e-4 -0.7142786 -0.6887338 -0.1243059 -0.7311182 0.5159882 -0.4463434 -0.1632148 0.1112717 -0.9802957 1 -2.16113e-5 -1.06068e-4 -0.7142513 -0.6887674 -0.124276 -0.731104 0.5159998 -0.4463534 -0.1632153 0.1112415 -0.9802991 1 -2.15971e-5 -1.0607e-4 -0.5678477 -0.2114173 -0.7955198 -0.7142663 -0.6887524 -0.1242733 1 -2.16992e-5 -1.06069e-4 -0.3393128 -0.01675266 -0.9405244 -0.471831 -0.04995518 -0.8802727 -0.2024335 -0.9587591 -0.1995037 -0.8306112 0.3222219 -0.4541565 -0.2379304 0.07880145 -0.9680804 0.3901802 0.2399742 -0.8889161 0.01357096 0.7054312 0.7086485 0.5229821 -0.8228036 -0.22245 0.01347041 0.7054409 0.7086408 -0.01879996 -0.9841606 -0.1762803 0.6319239 -0.389665 -0.6699504 0.5094559 -0.3400747 0.7904455 0.01350724 0.7054553 0.7086257 -0.01876944 -0.9841611 -0.1762804 0.6319314 -0.3896391 -0.6699583 0.7735893 0.4471057 0.4490615 -0.01879936 -0.9841615 -0.176275 0.5931735 -0.5437932 0.5936618 0.7735971 -0.4470898 0.449064 0.5229271 0.822838 -0.2224527 0.7736029 -0.4470929 0.4490507 0.5931735 0.5437932 0.5936618 0.6319314 0.3896391 -0.6699583 -0.01879996 0.9841606 -0.1762803 -0.2024042 -0.958765 -0.1995049 -0.8306275 0.3221672 -0.4541655 -0.237894 0.07883006 -0.9680869 0.3901867 0.2400175 -0.8889015 0.2764722 -0.1414902 0.9505492 -0.8157861 0.52521 -0.2421722 -0.3911088 0.6133527 0.6861724 0.276468 -0.1414847 0.9505512 0.1255236 -0.9425412 0.3096128 0.2764598 -0.1414968 0.9505518 0.125526 -0.9425289 0.3096492 0.2887727 -0.1393101 0.9472081 0.1234505 -0.9428933 0.309374 0.5230141 0.8227953 -0.2224055 -0.3376955 0.6668137 0.6643201 -0.3640654 -0.816075 0.448863 0.773606 0.4471015 0.4490369 0.2764761 0.1414732 0.9505506 0.1255272 0.9425378 0.3096216 0.2764871 0.1414806 0.9505463 0.125526 0.9425289 0.3096492 0.2764728 0.1414917 0.9505488 0.125496 0.9425325 0.3096504 -0.05008238 -0.3492342 0.9356962 0.3072049 0.8460494 0.4356901 -0.6086783 0.1564117 0.7778471 0.288753 0.1393281 0.9472114 0.3047388 0.8469206 0.4357292 -0.7385942 0.5150108 -0.4350201 0.3072324 0.8460414 0.4356859 -0.05005109 -0.3491979 0.9357113 -0.6086754 0.1564415 0.7778434 -0.1733108 -0.668205 -0.7235091 0.6319292 -0.3896988 -0.6699255 0.5931726 -0.5437618 0.5936914 0.3901677 -0.2400091 -0.8889123 -0.1732528 0.668205 -0.7235231 -0.3919892 0.6139252 0.6851571 -0.5870622 -0.1591867 0.7937365 -0.3640658 0.8161059 0.4488066 -0.01879936 0.9841615 -0.176275 -0.3910683 0.613398 0.6861549 0.5931439 0.5438246 0.5936627 -0.3377134 0.6668124 0.6643124 -0.5870794 0.1591609 0.793729 -0.7219586 -0.6820702 -0.1164302 -0.0515775 -0.350422 0.9351707 -0.3641275 -0.8160625 0.4488356 -0.3377935 -0.6667952 0.6642889 -0.3640042 -0.8161271 0.4488179 -0.3377683 -0.6667636 0.6643336 -0.3640555 -0.8161198 0.4487897 -0.3377793 -0.6667689 0.6643225 -0.3640581 -0.8161149 0.4487963 0.7735875 0.4471124 0.4490578 -0.4720138 -0.6256182 0.6211319 0.7735903 -0.4471077 0.4490577 -0.3641347 0.816025 0.4488977 0.596502 -0.7199531 -0.3547577 -0.3585459 -0.3590648 0.8616944 -0.3641299 0.8160279 0.4488963 -0.0302999 -0.260548 -0.9649853 1 2.16544e-5 -1.06067e-4 -0.1732532 0.6682022 -0.7235255 0.3901702 -0.2400193 -0.8889083 0.3901844 -0.2399746 -0.8889142 -0.1733025 0.6682034 -0.7235125 0.3901823 0.2399781 -0.8889142 -0.1732748 -0.6681872 -0.7235342 -0.1732543 -0.6682009 -0.7235265 0.3901502 0.2400068 -0.8889205 -0.1733119 -0.6681689 -0.7235422 0.3901685 0.2399883 -0.8889175 -0.1733149 -0.6682023 -0.7235107 0.3901799 0.2399901 -0.8889119 -0.1732957 -0.6681758 -0.7235398 -0.343777 -0.8103812 -0.4744467 0.757291 -0.4758842 0.4472635 0.7572642 -0.4759128 0.4472783 -0.3438054 -0.8103885 -0.4744138 -0.3438491 -0.8103902 -0.4743791 0.7572463 -0.4759299 0.4472907 -0.8336772 -0.5330975 0.1441854 0.8336616 0.5331088 -0.1442335 0.8336653 0.5331112 -0.1442037 0.8336362 0.5331731 -0.1441429 0.8336518 -0.533133 -0.1442013 -0.833661 0.5331153 0.1442135 0.8336424 -0.5331466 -0.144205 -0.8336359 0.5331516 0.1442239 0.833669 -0.5331135 -0.1441738 -0.8336349 0.5331534 0.1442233 0.7572849 0.4758931 0.4472644 -0.3437414 0.8104087 -0.4744255 0.757242 0.4759399 0.4472873 -0.3438502 0.8103927 -0.4743741 0.7572153 0.4759881 0.4472811 -0.3439069 0.8103767 -0.4743605 -0.3438215 0.8103828 -0.4744118 0.798772 0.01120334 0.6015294 0.798767 0.01120775 0.6015362 -0.3438183 0.8103805 -0.474418 0.7987723 0.0112034 0.6015291 -0.3438104 0.8103843 -0.4744172 0.01351994 -0.946183 0.3233497 -0.7296345 -0.2599058 0.6325208 -0.3798759 -0.5868284 -0.7150713 -0.08915811 -0.944225 -0.3170017 -0.34533 0.5377172 -0.7691603 -0.3710181 0.2115264 -0.9042136 -0.3377231 0.6668356 0.6642841 -0.7527968 -0.4665483 -0.4643596 -1 -1.20474e-4 2.87963e-4 -0.6086783 -0.1564117 0.7778471 -0.6086812 -0.156382 0.7778508 -1 -1.20463e-4 2.87977e-4 -0.4861739 0.8435254 0.2282541 -0.755522 -0.6324523 -0.1708527 -0.9989157 0.0120005 0.04498505 -1 1.20552e-4 2.87961e-4 -1 1.20551e-4 2.87961e-4 -1 1.20512e-4 2.87969e-4 -0.7182558 0.004669308 0.6957635 -0.7555299 -0.6324559 -0.170804 -0.9989157 -0.01200085 0.04498493 -0.3910765 -0.6134108 0.6861387 -0.01883 -0.9841662 -0.1762453 -0.1842299 -0.6668975 -0.722016 -0.3910747 0.6133471 0.6861968 -0.0187996 0.9841721 -0.1762158 -0.372398 -0.6157387 0.6943959 -0.358542 0.3590914 0.861685 -0.3724122 -0.615781 0.6943508 -0.3585726 0.3590609 0.861685 -0.3724419 0.6157619 0.6943518 -0.3724027 0.61574 0.6943922 -0.3724499 0.6157923 0.6943205 -0.3585671 -0.3590248 0.8617023 -0.3723945 -0.6157679 0.6943718 -0.3585631 0.3590514 0.8616929 -0.3724379 0.615753 0.6943618 -0.3585726 -0.3590609 0.861685</float_array>
          <technique_common>
            <accessor source="#bolt3Mesh-mesh-normals-array" count="196" stride="3">
              <param name="X" type="float"/>
              <param name="Y" type="float"/>
              <param name="Z" type="float"/>
            </accessor>
          </technique_common>
        </source>
        <vertices id="bolt3Mesh-mesh-vertices">
          <input semantic="POSITION" source="#bolt3Mesh-mesh-positions"/>
        </vertices>
        <polylist material="mattemetal_001-material" count="180">
          <input semantic="VERTEX" source="#bolt3Mesh-mesh-vertices" offset="0"/>
          <input semantic="NORMAL" source="#bolt3Mesh-mesh-normals" offset="1"/>
          <vcount>3 3 3 3 3 3 3 3 3 3 3 3 3 3 3 3 3 3 3 3 3 3 3 3 3 3 3 3 3 3 3 3 3 3 3 3 3 3 3 3 3 3 3 3 3 3 3 3 3 3 3 3 3 3 3 3 3 3 3 3 3 3 3 3 3 3 3 3 3 3 3 3 3 3 3 3 3 3 3 3 3 3 3 3 3 3 3 3 3 3 3 3 3 3 3 3 3 3 3 3 3 3 3 3 3 3 3 3 3 3 3 3 3 3 3 3 3 3 3 3 3 3 3 3 3 3 3 3 3 3 3 3 3 3 3 3 3 3 3 3 3 3 3 3 3 3 3 3 3 3 3 3 3 3 3 3 3 3 3 3 3 3 3 3 3 3 3 3 3 3 3 3 3 3 3 3 3 3 3 3 </vcount>
          <p>44 0 69 0 103 0 119 1 38 1 0 1 61 2 70 2 52 2 3 3 40 4 126 5 114 6 31 6 6 6 51 7 105 7 59 7 9 3 41 8 125 9 72 10 64 10 36 10 132 11 30 11 62 11 60 12 12 13 110 14 15 3 42 15 127 16 71 17 63 17 37 17 33 18 67 18 107 18 122 19 48 20 18 21 35 22 68 22 104 22 121 23 46 24 21 25 32 26 65 26 106 26 123 27 49 27 24 27 124 28 50 20 27 25 34 29 66 29 108 29 109 30 14 30 12 30 109 31 111 31 14 31 31 32 47 33 8 34 8 35 105 35 51 35 25 36 32 36 106 36 55 37 65 37 32 37 19 38 33 38 107 38 56 39 67 40 33 41 28 42 34 42 108 42 58 43 66 44 34 41 133 45 35 45 104 45 57 46 68 40 35 47 72 48 36 48 134 48 36 49 64 49 54 49 71 50 37 50 131 50 37 51 63 52 53 53 38 54 45 55 1 56 1 57 103 57 69 57 39 58 30 58 13 58 111 59 13 60 110 14 112 61 5 61 4 61 40 4 3 3 5 62 113 63 10 63 11 63 41 8 9 3 10 64 120 65 16 65 17 65 42 15 15 3 16 66 61 67 52 67 43 67 4 68 126 68 112 68 44 69 0 69 38 69 128 70 44 70 103 70 0 71 2 71 119 71 2 72 1 56 45 55 22 73 23 73 117 73 23 74 21 25 46 24 6 75 7 75 114 75 7 76 8 34 47 33 19 77 20 78 118 79 20 78 18 21 48 20 25 80 26 80 115 80 26 81 24 25 49 82 29 83 27 25 50 20 28 84 29 83 116 85 51 86 31 86 8 86 31 32 51 87 59 88 52 89 70 89 3 89 3 90 43 90 52 90 17 91 127 16 120 92 53 93 17 93 37 93 54 94 11 95 36 96 11 97 125 97 113 97 115 98 123 99 25 100 32 101 25 101 55 101 118 102 122 102 19 102 33 103 19 103 56 103 117 104 121 104 22 104 35 105 22 105 57 105 116 106 124 106 28 106 34 107 28 107 58 107 129 108 59 108 105 108 59 88 6 109 31 32 62 110 60 110 132 110 110 111 13 111 60 111 70 112 61 12 130 113 43 114 4 114 61 114 12 115 62 115 109 115 60 116 62 116 12 116 15 117 53 117 63 117 63 118 71 118 15 118 64 119 72 119 9 119 9 120 54 120 64 120 24 121 106 121 65 121 65 122 55 122 24 122 66 123 58 123 27 123 27 124 108 124 66 124 67 125 56 125 18 125 18 126 107 126 67 126 68 127 57 127 21 127 21 128 104 128 68 128 38 54 69 40 44 88 69 129 38 129 1 129 5 130 3 130 70 130 130 131 5 131 70 131 131 132 16 132 71 132 16 133 15 133 71 133 10 134 9 134 72 134 134 135 10 135 72 135 74 136 75 136 73 136 77 137 78 137 76 137 80 138 81 138 79 138 83 139 84 139 82 139 85 140 86 140 87 140 89 141 88 141 90 141 91 142 92 142 93 142 95 143 94 143 96 143 97 144 98 144 99 144 101 145 100 145 102 145 103 146 2 146 128 146 103 147 1 147 2 147 104 148 23 148 133 148 104 149 21 149 23 149 105 150 7 150 129 150 105 151 8 151 7 151 106 152 24 152 26 152 106 153 26 153 25 153 107 154 20 154 19 154 107 155 18 155 20 155 108 156 29 156 28 156 108 157 27 157 29 157 30 158 39 159 109 160 30 161 109 161 62 161 14 162 110 162 12 162 111 59 110 14 14 163 13 164 111 164 39 164 109 165 39 165 111 165 40 166 112 166 126 166 5 62 112 167 40 4 10 64 113 168 41 8 41 169 113 169 125 169 47 170 114 170 7 170 114 171 47 171 31 171 49 82 115 98 26 81 115 172 49 172 123 172 50 20 116 85 29 83 116 173 50 173 124 173 46 24 117 85 23 74 117 174 46 174 121 174 48 20 118 79 20 78 118 175 48 175 122 175 45 55 119 176 2 72 119 177 45 177 38 177 16 66 120 92 42 15 42 178 120 178 127 178 57 46 22 179 121 23 21 25 57 46 121 23 56 39 19 77 122 19 18 21 56 39 122 19 55 180 25 100 123 99 24 181 55 181 123 181 27 25 58 43 124 28 58 43 28 84 124 28 125 9 11 95 54 94 125 9 54 94 9 3 126 5 4 182 43 183 126 5 43 183 3 3 127 16 17 91 53 53 127 16 53 53 15 3 44 184 128 184 0 184 128 185 2 72 0 109 59 186 129 186 6 186 129 187 7 76 6 109 4 188 130 188 61 188 4 182 5 62 130 113 17 91 16 66 131 113 17 189 131 189 37 189 13 190 132 190 60 190 13 60 30 158 132 191 35 192 133 192 22 192 133 193 23 74 22 179 11 194 134 194 36 194 11 95 10 64 134 195</p>
        </polylist>
      </mesh>
    </geometry>
    <geometry id="rim3Mesh-mesh" name="rim3Mesh">
      <mesh>
        <source id="rim3Mesh-mesh-positions">
          <float_array id="rim3Mesh-mesh-positions-array" count="1272">11.12465 22.22157 12.82162 2.645668 19.03635 -13.07383 3.169819 -22.09675 8.860773 -26.25697 -30.02774 5.29469 15.64103 0.009170949 -28.48062 -27.05827 5.479502 31.07573 2.645693 1.804081 23.02289 11.12465 -22.22157 -12.82161 -26.99294 4.633183 -26.27594 15.64106 -21.82293 18.29776 11.12467 0.006966948 25.65528 3.169793 3.374732 -23.56674 27.10885 23.85248 -20.01462 -27.0583 25.84819 18.09916 15.64103 -28.04228 -4.956529 -27.0583 -20.28321 -24.17262 3.169793 18.72204 14.70599 1.660089 -11.95356 6.887354 27.10885 29.25945 10.64958 27.10885 -10.64953 -29.25944 -27.0583 28.5984 -13.33565 15.64106 9.728697 26.76361 27.10888 -15.56862 26.96565 11.12465 22.21463 -12.83364 1.9753 -7.883649 -21.74274 15.64103 28.04231 4.956541 2.164848 -12.09508 -9.130136 27.10885 10.64956 -29.25942 3.169793 -18.72204 -14.70598 2.164848 12.09507 9.130147 1.975301 -22.77157 -4.043959 27.10885 -30.07604 -8.058851 -27.05827 -15.77753 27.32754 2.164848 1.859421 -15.0397 27.10888 -26.96562 15.56862 15.64106 -9.747378 26.76204 15.64103 18.31363 -21.80706 4.480165 22.86573 8.454994 1.660064 11.95354 -6.887331 -27.0583 31.55514 3.2e-5 27.10888 10.64954 29.25944 -27.0583 15.77758 -27.32751 -26.99294 -23.10665 -13.34065 1.660089 -0.01213598 13.79577 11.12465 -0.006967961 -25.65526 15.64103 -18.30287 -21.82251 3.169793 22.09678 -8.860763 -26.99291 -23.10664 13.34064 12.30532 -15.24879 21.77755 15.64103 24.6604 14.24827 15.64103 24.66954 -14.23237 11.12467 -22.21464 12.83366 12.30531 11.23553 24.09465 12.3053 15.24882 -21.77754 12.3053 -11.2355 -24.09463 27.10885 -23.85253 -20.01463 27.10888 -5.40689 30.6642 27.10885 23.85248 20.01465 15.64103 -9.728659 -26.7636 15.64106 -28.05027 4.939529 12.3053 26.48433 2.317092 12.3053 -26.4843 -2.317081 -26.99294 -4.63316 -26.27595 2.142677 -19.38698 13.32444 1.975323 -5.905922 22.35412 -26.99291 -4.633167 26.27595 27.10888 -31.13726 -1.5e-5 -26.99294 25.07222 9.125555 15.64106 -0.009162962 28.48064 -26.99291 4.63319 26.27597 27.10885 29.25945 -10.64954 15.64103 -24.66035 -14.24825 27.10885 31.13725 1.6e-5 -26.99294 -13.34062 -23.10667 4.353706 25.75417 12.00937 4.353735 2.47663 28.30844 4.353706 23.27751 -16.29904 4.353706 -25.75415 -12.00936 -26.99294 25.07222 -9.125521 1.800934 6.269234 8.953433 4.353706 -2.476681 -28.30842 4.353735 -23.27747 16.29907 20.84539 18.56922 -22.12005 20.84539 -28.44112 -5.021392 20.84539 28.44116 5.021404 20.84541 9.871907 27.14146 -27.0583 -30.47963 -8.167 15.64103 18.3029 21.82252 15.64103 9.747406 -26.76203 15.64103 28.05029 -4.939515 -27.05827 -28.59844 13.33566 24.92918 -9.968396 27.38333 27.10885 -3.1e-5 -31.13723 -26.99294 20.43907 17.15042 -26.99292 -26.68126 -10e-7 24.92915 -5.057598 -28.6983 24.92918 -27.38452 9.965211 2.645668 -1.804092 -23.02287 1.758621 -15.44662 8.908967 -26.99294 13.34065 -23.10667 1.758595 15.44664 -8.908953 -26.25698 12.88593 27.63401 -26.99294 20.43907 -17.15039 1.758595 -15.43869 -8.9227 -26.99294 26.68132 1.6e-5 4.353735 -16.29909 23.27749 4.353706 -12.00936 -25.75415 4.353708 -28.30842 -2.476678 4.353706 16.29906 -23.27746 4.353722 12.00935 25.75416 4.353706 28.30841 2.476681 27.10888 15.56864 26.96565 3.104143 15.26248 18.15943 20.84541 -18.56921 22.12005 1.800926 10.55769 2.82893 3.104164 -23.35777 4.138004 3.10414 8.095234 -22.29741 -27.0583 -8.166935 -30.47968 1.758595 0.00791496 -17.83166 9.882992 23.35886 9.995645 9.883015 3.022964 25.2272 9.882992 20.33591 -15.23153 9.882992 -23.35883 -9.995647 -26.25699 -19.5992 -23.35743 1.9753 14.88798 -17.69877 13.62989 -14.15674 24.49333 -26.25699 10.42856 -28.65212 -26.99291 -13.34063 23.10668 1.758621 -0.007922947 17.83167 27.10885 -26.96562 -15.56862 -27.0583 -25.84826 -18.09914 1.800949 -7.72879 7.728758 4.480165 -22.86572 -8.454978 -27.0583 22.31263 -22.31266 3.10414 -15.26252 -18.15942 1.758595 15.43872 8.922711 -26.99292 13.34066 23.1067 20.84539 -18.56342 -22.12839 -27.05827 -22.31267 22.31268 -27.05827 -2.750254 31.43482 1.800926 7.728783 -7.728745 3.10414 23.35778 -4.137991 20.84539 18.56343 22.12841 20.84539 9.882042 -27.14058 20.84541 -28.44547 5.012183 20.84539 28.44546 -5.012178 -27.0583 20.28321 24.17263 9.882992 -3.022971 -25.22718 9.883015 -20.33589 15.23154 2.572193 -11.53651 19.98788 7.862007 -4.032724 25.27834 7.86198 19.87534 16.13162 7.86198 23.90806 -9.146708 7.86198 -19.87528 -16.13161 2.555011 23.74911 4.216965 2.018318 -9.807689 -5.663777 -26.25699 -26.40592 -15.24548 1.9753 16.4063 16.29174 -26.25697 -28.65211 10.42852 -27.0583 30.47966 8.167025 -26.25697 -23.35748 19.59922 7.86198 4.032761 -25.27833 7.862007 -23.90805 9.146726 13.62987 -14.13346 -24.50678 13.62987 14.15677 -24.49332 13.62989 14.13346 24.50679 13.62989 -28.2902 -0.01344996 13.62987 28.29024 0.01345998 15.64106 -24.66951 14.23239 -26.25699 26.40597 15.2455 -26.25699 26.40597 -15.24547 -26.25699 -3.5e-5 -30.49096 -26.257 -12.88597 -27.634 20.84539 25.01095 14.4458 20.84541 -0.004968941 28.88301 20.84539 25.0159 -14.4372 20.84539 -25.01093 -14.44579 20.84539 0.00496298 -28.88299 -26.25699 19.59923 23.35745 -26.25699 30.0277 -5.294674 20.84541 -25.01588 14.43721 20.84539 -9.87188 -27.14144 4.353735 -7.354793 27.44829 4.353706 27.44828 -7.354726 4.353735 -27.44828 7.354741 4.353706 20.09353 20.09355 4.353706 -20.09355 -20.09354 4.353706 7.354736 -27.44828 -26.25697 -17.48878 24.97655 -27.0583 2.750182 -31.43481 20.84541 -9.882039 27.1406 -26.25697 -5.294706 30.02774 27.10885 20.01463 -23.85249 2.019419 -10.68235 3.883392 1.975321 7.883646 21.74275 1.9753 -16.40625 -16.29172 24.92918 -18.73312 22.32076 24.92915 14.57235 -25.23442 24.92915 -18.73047 -22.32454 24.92915 5.062157 -28.69831 24.92918 5.057627 28.69833 4.480192 -18.75507 15.57482 27.10888 -30.66422 5.406913 13.62989 -4.922437 27.86603 3.169819 -3.374768 23.56676 2.018318 0.00110197 -11.32558 -26.25699 -30.37474 -2.657455 -26.257 17.48877 -24.97654 -26.257 30.37471 2.657465 27.10885 -15.56862 -26.96564 27.10888 -3.1e-5 31.13726 27.10888 -23.85254 20.01463 -27.05827 -31.07567 5.479471 -26.25697 5.294679 30.02775 13.62987 26.59393 -9.670021 13.62987 21.67147 18.19601 13.62987 4.922492 -27.86602 13.62989 -26.5939 9.67004 13.62987 -21.67143 -18.196 -27.05827 13.33564 28.59845 -20.06156 -31.57769 -1.6e-5 1.573768 -6.040667 -10.46273 24.92915 29.13987 0.002822995 12.30532 -9.075292 24.9839 12.3053 9.075306 -24.98389 12.30532 -26.17434 4.632518 12.3053 -17.09905 -20.35138 12.3053 26.17436 -4.632508 12.3053 17.09905 20.3514 24.92915 27.38227 9.969142 24.92915 27.38452 -9.965203 24.92915 22.32241 18.73311 2.124063 2.213742 12.47955 13.62987 -4.900778 -27.86602 13.62989 4.900799 27.86603 13.62987 26.5831 9.688817 13.62987 21.68232 -18.1772 13.62987 -26.58306 -9.688809 4.480165 -4.110601 -24.02979 4.480165 18.75507 -15.57481 4.480192 4.110615 24.02981 2.645668 -20.84043 -9.949034 2.645668 20.84043 9.949047 12.38347 24.07822 -11.30709 12.38349 -2.246901 26.50589 12.38347 21.83133 15.1988 12.38347 -21.83133 -15.19879 12.38347 2.246848 -26.50588 12.38349 -24.0782 11.3071 -20.06158 -18.11205 -25.86673 2.019392 10.68239 -3.883382 -26.99291 -20.43904 17.15041 -26.99294 -25.07217 -9.125544 -26.99294 -17.1504 -20.43905 17.085 -19.07068 19.05823 2.164871 -1.859406 15.03972 24.92915 18.73047 22.32455 24.92915 -27.38227 -9.969129 1.975323 -14.88795 17.69879 2.191519 13.93087 5.944078 2.191519 -13.93085 -5.944068 2.191519 -1.81768 -15.0365 -26.99291 -26.27593 4.633155 -26.25697 -10.42857 28.65212 -27.0583 31.07571 -5.479458 -27.05827 -10.79252 29.65211 -27.0583 10.79252 -29.65209 -0.681415 -12.59748 27.01547 -0.681439 -17.0973 -24.4175 -0.681417 -29.69484 2.597951 -0.68143 17.0973 24.41752 -0.681439 12.5975 -27.01545 -0.681439 29.6948 -2.597941 -26.25699 -28.65211 -10.42853 -26.25699 28.65215 10.42854 -26.25699 23.35744 -19.5992 -26.25699 -5.294706 -30.02773 1.9753 22.3122 -6.062369 -20.06158 29.67328 -10.80018 15.64106 -14.24784 24.65525 24.92915 22.32464 -18.72918 -26.25697 -3.6e-5 30.49098 2.57218 -22.9911 -2.00777 2.57217 13.23436 -18.90701 2.57217 22.99114 2.007778 2.572191 9.756794 20.91481 2.57217 -9.756815 -20.91478 1.9753 11.56774 -20.03585 1.975308 -23.13538 -2e-6 -20.06158 25.86667 18.1121 12.67763 -25.72939 -4.551052 12.67765 8.92338 24.55786 12.67763 16.80603 -20.0068 12.67763 -8.923397 -24.55786 12.67763 25.72945 4.551062 12.67765 -16.80603 20.00681 12.32484 -24.943 -9.186303 12.32484 24.94305 9.18631 12.32486 -20.42707 17.00815 12.32484 20.42707 -17.00812 12.32484 -4.51597 -26.19443 12.32486 4.515941 26.19445 -0.681439 28.01084 -10.19508 -0.681439 5.176189 -29.35562 -0.681415 -28.01081 10.1951 -0.681439 22.83461 19.16054 -0.681415 -5.176175 29.35563 -0.681439 -22.8346 -19.16053 2.164848 13.95449 -5.909563 2.164871 -13.95445 5.909577 -20.06158 -28.61888 -13.34521 -21.58993 -13.02121 27.92406 2.018318 9.807703 5.663781 1.975323 -11.56771 20.03587 -20.06158 20.29771 24.18992 2.019419 -1.978061 11.1929 1.9753 -11.5677 -20.03586 -20.06158 -8.172767 -30.50147 -20.06158 22.32858 -22.32861 -20.06155 -22.32862 22.32863 1.975308 11.56771 20.03587 1.9753 23.13544 1.5e-5 1.573768 4.132091 -11.35273 24.92915 -29.13982 -0.002812981 1.573778 -12.08135 7e-6 -27.05828 -31.55512 -1.7e-5 -27.0583 -15.77751 -27.32753 17.08497 26.04023 6.986578 17.08497 -6.969553 -26.0448 17.085 6.969619 26.04481 17.08497 19.07069 -19.05822 17.08497 -26.04025 -6.986564 24.92918 -14.57237 25.23444 17.08497 11.40061 -24.43276 17.08497 26.85972 -2.343168 17.08498 15.45912 22.0896 17.085 -26.85969 2.343192 17.08497 -15.45909 -22.08959 1.975323 -22.31219 6.062384 1.9753 5.905937 -22.3541 -21.58993 -23.60258 19.80494 24.92915 9.968423 -27.38331 24.92915 28.69886 -5.058773 24.92918 -5.062129 28.69832 24.92915 -22.32241 -18.73311 24.92915 28.69691 5.062989 24.92917 9.963768 27.38373 24.92915 -9.963759 -27.38371 24.92915 25.23797 -14.56853 24.92918 -25.23794 14.56854 24.92915 25.23571 14.57247 24.92915 0.002269983 -29.14099 -20.06155 -13.34521 28.61889 -26.25699 5.294693 -30.02773 -26.25699 -23.35747 -19.59922 -26.25699 28.65215 -10.4285 -26.25699 23.35744 19.59923 17.08497 22.08379 15.47116 17.085 -24.44027 11.38957 17.085 -2.356518 26.86073 17.08497 2.356509 -26.86071 17.08497 24.44033 -11.38955 17.08497 -22.08381 -15.47116 25.57107 -29.69882 -5.238311 -20.06155 8.172838 30.50148 24.92915 14.56749 25.23726 24.92915 -14.56746 -25.23725 -0.681439 22.83462 -19.16051 -0.681415 5.176141 29.35564 -0.681439 -28.01081 -10.1951 -0.681439 28.01083 10.19511 -0.681415 -22.83461 19.16052 -0.681439 -5.176161 -29.35562 24.92917 -28.69883 5.058781 -20.06158 31.09793 5.483426 2.572193 -5.875509 22.29946 -20.06159 15.78887 -27.34705 24.92915 18.73314 -22.32073 24.92918 -0.002260982 29.14101 24.92918 -22.32464 18.7292 24.92915 -25.23571 -14.57245 -20.06155 -5.48347 31.09795 -20.06155 -28.61888 13.3452 -20.06158 5.48342 -31.09793 1.660064 -11.94133 -6.908412 1.660064 11.94141 6.908432 1.660064 0.01218497 -13.79575 27.10885 15.56865 -26.96563 27.10885 26.96564 -15.56861 27.10885 30.6642 5.406945 27.10885 26.96564 15.56864 27.10885 -20.01461 -23.85251 27.10888 -20.01463 23.85251 27.10885 5.406899 -30.66419 27.10885 30.6642 -5.406907 27.10888 -10.64953 29.25943 27.10888 -29.2594 10.64956 27.10885 -5.40689 -30.66419 27.10885 20.01463 23.85253 27.10888 5.406896 30.6642 12.79243 22.65484 13.07702 12.79243 -22.65485 -13.07701 12.79243 22.65242 -13.08115 12.79245 -22.65243 13.08117 12.79243 -0.002388954 -26.15816 12.79245 0.002431988 26.15817 7.945137 -16.1224 23.02519 7.94511 -11.87918 -25.475 7.94511 -28.00158 -2.449827 7.94511 28.00158 2.449834 7.945124 11.87918 25.475 7.94511 16.12242 -23.02516 13.62989 -21.6823 18.17722 -26.99291 -3e-5 26.68131 -26.99293 17.1504 20.43907 -26.99294 9.125533 -25.0722 -26.99294 23.10671 -13.34063 -26.99294 23.10671 13.34066 -26.99291 -25.07217 9.125534 -26.99294 26.27598 -4.633139 -26.99294 -20.43907 -17.1504 -26.99294 -2.8e-5 -26.68129 -26.99291 -9.125528 25.07221 20.84539 -22.12364 -18.56921</float_array>
          <technique_common>
            <accessor source="#rim3Mesh-mesh-positions-array" count="424" stride="3">
              <param name="X" type="float"/>
              <param name="Y" type="float"/>
              <param name="Z" type="float"/>
            </accessor>
          </technique_common>
        </source>
        <source id="rim3Mesh-mesh-normals">
          <float_array id="rim3Mesh-mesh-normals-array" count="1275">0.01919662 0.942344 -0.3340947 0.02243155 0.9868057 0.1603475 0.9136645 0.4063681 -0.009064257 0.5967358 -0.7963903 -0.0983318 0.5986709 -0.7867017 0.1506443 -0.1517105 -0.9868355 0.05603307 0.9140384 -0.310712 -0.2607527 0.9129778 -0.361895 -0.1884247 0.01489329 -0.8993368 -0.437003 0.9149357 0.003326594 0.4035862 0.915355 0.0654326 0.3972957 0.01968473 0.2566951 0.9662919 -0.1507954 0.771129 0.6185635 -0.1517115 0.5419316 0.8266159 0.5986788 0.5238134 0.605973 -0.1470411 0.744697 -0.6510034 -0.004303157 0.4412423 -0.8973778 -0.1546425 0.4472945 -0.8809162 0.5910601 0.01293998 0.8065237 0.5967358 0.3130322 0.7388622 -0.1437773 0.1901975 0.9711607 0.915337 -0.141915 -0.3768532 0.02346956 -0.5990386 -0.8003762 0.003570735 -0.2329859 -0.9724736 0.004364252 0.7704955 -0.6374305 0.005249261 -0.7113417 0.7028269 0.9153349 -0.255416 0.3113274 0.01446592 -0.4395331 0.89811 0.913666 0.1954171 0.3564081 0.9159448 0.257949 0.3074207 0.01098698 0.6189051 0.785389 -0.8055467 0.5902053 -0.05246198 -0.7530919 0.6463052 -0.1230534 -0.7531507 0.4296481 0.4981634 -0.1507954 -0.771129 -0.6185635 -0.1517115 -0.5419316 -0.8266159 0.5986677 -0.5238037 -0.6059923 0.3298187 0.7763419 0.5371341 0.7765603 -0.6279929 -0.05078387 0.4505843 0.1312017 0.8830403 -0.143777 0.9361533 0.3208509 0.5967358 0.7963903 0.0983318 -0.1517105 0.9868355 -0.05603307 -0.09586113 0.6626046 -0.7428094 -0.1039782 0.3966553 0.9120599 0.7730246 0.2702183 0.5739469 0.3187117 -0.8048516 -0.5006365 -0.8039002 -0.585659 -0.1036729 -0.7530329 -0.4292843 -0.4986547 0.9149619 -0.3968091 0.07339835 0.9153947 -0.3798122 0.1333997 0.00939989 -0.9098418 0.4148491 -0.1437754 -0.7459475 0.6503008 0.5967335 -0.4833562 0.6405279 -0.1517112 -0.4448791 0.8826473 0.9158894 0.2006655 -0.3476778 0.009491562 0.4897798 -0.8717946 0.916073 0.2569435 -0.3078806 0.9137237 0.4016368 -0.06161886 -0.1507956 -0.9212544 0.3585402 -0.997368 0.02398806 -0.06842404 0.4302585 -0.8362848 -0.3398609 -0.9383413 0.0310074 -0.3443169 0.643656 0.4736014 -0.6011728 0.4950785 0.7029737 -0.5106127 0.08603388 0.9363321 -0.3404123 0.5701687 -0.3780778 -0.7293593 -0.1482018 0.9215918 -0.3587546 0.5933271 0.7884985 -0.1619663 0.08603262 -0.7629711 -0.6406821 0.643131 -0.2845 -0.7109447 0.700236 -0.4246463 -0.5738859 -0.8043146 -0.3710883 0.4640816 -0.7899944 -0.2923758 0.5389114 0.7684871 0.318382 -0.555032 -0.1409047 -0.1876288 -0.9720809 0.5967358 -0.3130322 -0.7388622 -0.1507949 -0.1501235 0.9770998 0.5986683 -0.2628635 0.7566367 0.08603316 -0.1733481 0.9810957 0.6431267 -0.4734411 0.6018651 0.7002389 -0.2846552 0.6547038 0.643131 0.2845 0.7109447 0.455564 0.6244282 -0.634469 0.4555628 0.8616843 0.2235239 0.7679508 -0.3569508 0.5318249 0.4252308 -0.8505225 0.3095001 0.2804397 -0.9443513 0.1719139 0.2803544 -0.828489 0.4847756 0.9141959 0.148017 0.3772755 0.2775446 0.728196 0.6266576 0.3983376 0.7943558 0.4586132 0.3982764 0.702645 0.5896322 -0.9383332 0.3137034 -0.1453309 0.4555592 -0.2372252 -0.8580152 0.6431328 0.7579463 0.1090759 0.5910681 0.7049357 0.3920514 0.02285861 -0.999737 -0.001861631 -0.9973669 -0.04727417 -0.05499553 0.455564 -0.6244282 0.634469 -0.9383423 -0.2826991 -0.1989849 0.7711589 -0.2804713 -0.5715329 -0.7887097 -0.3193232 -0.5253283 -0.7875714 -0.6160246 0.01565617 -0.03024423 -0.9599111 0.2786681 0.9994311 0.0330519 0.006714105 0.9902604 0.08893328 -0.1071228 0.7740018 0.6306829 0.05621665 -0.1407235 0.7601388 -0.6343391 0.3983084 -0.9033431 0.159128 0.4252242 -0.693305 -0.5818184 0.2804445 -0.6210736 -0.7318597 0.2803826 -0.8340674 -0.475097 0.4252193 -0.1572026 0.8913339 0.2804423 -0.323261 0.9038001 0.2803753 0.005584895 0.9598742 0.2804996 0.333389 0.9000954 -0.05432367 0.1793597 0.9822826 -0.1455788 0.5693444 0.8091069 -0.001648008 0.7361922 -0.6767706 0.9149401 0.3478292 -0.2046934 0.5910636 -0.6919902 0.41448 0.2803753 -0.005584895 -0.9598742 0.4253715 -0.1571415 -0.891272 0.3983311 0 -0.9172418 0.06677508 0.5471712 -0.834353 0.1088011 0.3027815 -0.9468293 0.1933107 0.6677063 -0.7188876 0.9153526 -0.3113536 0.2553209 0.08603388 -0.9363321 0.3404123 0.6431328 -0.7579463 -0.1090759 0.7002319 -0.7093267 0.08081477 -0.997368 -0.02398806 0.06842404 -0.9383324 -0.03097659 0.3443441 0.5524371 0.7545081 -0.3543033 0.5701687 0.3780778 0.7293593 0.07675606 -0.8532594 -0.5158072 0.9888909 0.1467985 -0.02334737 -0.7910565 0.2917021 -0.5377169 -0.7530189 0.2172017 -0.6211169 0.4253848 -0.850434 -0.3095317 0.2804986 -0.9462059 -0.161292 -0.143777 -0.9361533 -0.3208509 -0.02365207 0.9302135 -0.3662563 0.9149357 -0.003326594 -0.4035862 0.915355 -0.0654326 -0.3972957 0.4253715 0.1571415 0.891272 0.3983311 0 0.9172418 0.5524367 -0.6840985 -0.4762595 0.5701627 0.4425917 -0.692118 0.0860629 0.7629691 0.6406804 0.7002269 0.4246713 0.5738785 -0.0763902 -0.8249413 0.5600324 0.9985755 -0.009735465 0.0524618 -0.7530035 -0.2136963 0.6223502 -0.7940625 0.3171611 0.5185303 -0.1273877 0.8951628 0.4271487 0.9889758 -0.1265022 0.0769695 -0.7527779 -0.6487392 0.1116379 -0.9679592 0.2377476 0.08081585 -0.9025344 0.1344966 -0.4090749 0.4103333 0.844136 0.3450523 0.2770527 0.8459294 0.4556812 0.3360187 0.9284616 0.1582736 0.2804397 0.9443513 -0.1719139 0.4252268 0.8505145 -0.3095277 0.3983084 0.9033431 -0.159128 0.590751 -0.0313732 -0.8062438 0.01080375 -0.1384044 0.9903169 0.9161266 -0.1360548 0.3770957 0.9943584 0.08642876 0.06149506 0.3187102 0.03112936 -0.947341 0.9902598 0.1372452 0.02343881 -0.05456829 0.9362072 -0.3471865 0.2803825 0.8284819 -0.4847715 0.3985546 0.5895458 -0.7025597 0.4253809 0.6932811 -0.5817323 -0.3343065 -0.1981302 -0.9214031 0.4950861 -0.09070372 -0.8640964 0.3930538 -0.09763014 -0.9143179 0.8948152 -0.4149049 0.1648022 0.1486594 0.1382219 -0.9791809 0.3985546 -0.5895458 0.7025597 0.280503 -0.6127974 0.7387811 0.4254376 -0.4527217 0.7836108 0.4253809 -0.6932811 0.5817323 -0.9383374 -0.3137049 0.145301 0.3439174 0.8078048 -0.4787194 0.9973407 -0.07104891 0.01623624 0.5910681 -0.7049357 -0.3920514 0.004577815 0.8387548 0.5444902 0.9149233 0.3780975 0.1412715 0.2804996 -0.333389 -0.9000954 0.3983123 -0.5894875 -0.702746 0.01141399 0.1495723 -0.988685 0.9157817 0.1373657 -0.3774582 0.9212051 -0.387373 -0.0363782 0.345419 -0.008331775 0.9384117 0.9975525 0.02234005 -0.06625729 -0.0271005 0.8048983 0.5927938 0.004059016 -0.8432723 -0.5374712 -0.9383423 0.2826991 0.1989849 0.4950861 0.09070372 0.8640964 0.5701937 0.8206662 0.03723365 -0.3343089 0.8970246 0.2891098 0.495087 0.7936896 0.3534767 0.3930517 0.8406406 0.3726041 -0.04416054 0.09256327 -0.994727 0.06027567 0.2732702 0.960047 -0.8047929 0.3817654 -0.4544928 -0.6704106 -0.727176 0.1475288 -0.9025451 -0.2870028 -0.3210012 -0.1500915 0.1454526 -0.9779142 -0.3343089 -0.8970246 -0.2891098 0.495087 -0.7936896 -0.3534767 0.3930517 -0.8406406 -0.3726041 0.5701953 -0.4425933 0.69209 -0.3343061 -0.6988871 0.6322945 0.4950785 -0.7029737 0.5106127 0.3930511 -0.7430098 0.541708 -0.1637055 0.8678166 -0.4691428 0.5862177 0.6238481 -0.5168775 -0.9025321 -0.4215255 0.08804666 -0.8038993 0.2030119 0.5590459 -0.9679566 -0.1888852 0.1654767 -0.9025451 0.2870028 0.3210012 -0.9973683 0.04724371 0.05499559 -0.9025437 0.4215004 -0.0880478 0.2809015 0.6083147 0.7423259 0.3983123 0.5894875 0.702746 0.4254341 0.4522603 0.7838791 0.9153347 -0.1974903 -0.3509414 0.9153939 -0.2621907 -0.305467 0.9153397 -0.2051823 0.3464874 0.4252193 0.1572026 -0.8913339 0.9161302 0.3063533 0.25856 0.9153704 0.3508823 0.1974304 0.3983376 -0.7943558 -0.4586132 -0.3343065 0.1981302 0.9214031 0.3930538 0.09763014 0.9143179 0.6561284 0.7508289 -0.07583975 -0.1455776 0.9853801 -0.08850628 -0.9979668 -0.06329607 0.007477104 -0.9025344 -0.1344966 0.4090749 -0.9973673 0.0712623 -0.01342844 0.6052608 0.1286087 -0.7855694 -0.6906722 -0.2344458 0.6841106 -0.6738635 -0.04113984 0.7377097 -0.09378445 0.3394919 -0.935922 0.4178359 0.8959774 0.1504588 0.4301981 0.9020245 -0.03579896 0.9159079 -0.3972668 -0.05737584 -0.6802108 0.609559 0.4071255 -0.6734083 0.7059723 0.2193726 -0.09357231 -0.8633009 -0.4959394 0.2887712 0.2890153 -0.912733 -0.05203539 0.08536249 -0.9949903 -0.6691557 0.3228891 0.6693083 -0.6846047 0.4684684 0.5584387 -0.09689885 -0.4846165 -0.8693432 -0.09378498 -6.71419e-4 -0.9955923 -0.09357076 0.1749951 -0.9801129 0.915952 0.3770992 -0.1372157 0.3983376 -0.7943558 0.4586132 0.9158924 0.39532 0.06973719 0.3985481 -0.9032108 -0.1592788 0.4254134 -0.9049991 -2.44157e-4 -0.09357035 0.7612893 0.6416254 -0.09378552 0.6407815 0.7619733 -0.6554927 -0.6099884 -0.4452455 -0.6757573 -0.1639189 -0.7186673 -0.6838685 -0.3452304 -0.6427595 -0.09696114 0.4839817 0.8696898 -0.1744762 -0.9841107 -0.03292983 -0.9760069 -0.1612029 -0.1463705 -0.253131 -0.8659071 -0.4314275 -0.1827799 -0.4328547 -0.8827391 -0.2993286 -0.6630824 -0.6860936 -0.9679555 -0.04886162 -0.2463226 -0.1744817 -0.4635043 -0.8687463 -0.976002 0.04617542 -0.2128099 -0.253123 -0.05929803 -0.9656152 -0.1827804 0.548036 -0.8162401 -0.2993353 0.2626204 -0.9172944 -0.9679566 0.1888852 -0.1654767 -0.1744762 -0.5205906 0.8357892 -0.9760062 -0.2073784 0.06637936 -0.2531251 -0.8065883 0.5341751 -0.1827771 -0.9809049 -0.0664699 -0.2993351 -0.925717 0.2311851 -0.9679522 -0.2377763 -0.08081525 -0.1827799 0.4328547 0.8827391 -0.2993286 0.6630824 0.6860936 -0.9679555 0.04886162 0.2463226 -0.1744762 0.9841107 0.03292983 -0.9760025 0.1612021 0.1464003 -0.253131 0.8659071 0.4314275 -0.6569191 0.745485 -0.1127368 -0.6654549 0.6569093 -0.3544576 -0.09378618 -0.9357866 0.3398643 -0.009705126 0.7118337 -0.7022811 0.9985078 -0.04944014 0.02319413 -0.1744817 0.4635043 0.8687463 -0.976002 -0.04617542 0.2128099 -0.253123 0.05929803 0.9656152 -0.1827804 -0.548036 0.8162401 -0.2993353 -0.2626204 0.9172944 -0.1744762 0.5205906 -0.8357892 -0.9760042 0.207378 -0.06640976 -0.2531251 0.8065883 -0.5341751 -0.1827771 0.9809049 0.0664699 -0.2993351 0.925717 -0.2311851 -0.05432379 -0.7609912 0.6464839 -0.1455751 -0.4160334 0.8976215 -0.05432349 0.9403769 0.3357682 -0.05432349 -0.9403769 -0.3357682 -0.1455776 -0.9853801 0.08850628 -0.05432367 -0.1793597 -0.9822826 -0.1455788 -0.5693444 -0.8091069 -0.09695893 0.9951648 0.01568675 -0.0952503 0.9444769 0.3144695 -0.6681026 -0.718765 -0.192395 -0.09356981 0.8633086 0.4959264 -0.04522949 -0.7870911 -0.6151763 -0.04522842 -0.1392254 0.9892273 -0.04522895 -0.9263093 0.3740395 -0.6802317 -0.6573732 0.3242614 -0.09378618 0.9357866 -0.3398643 -0.09696006 0.5111692 -0.8539935 -0.09525012 0.744575 -0.6607084 -0.6800603 -0.529753 0.5068331 0.4254125 0.4527276 -0.783621 0.3983032 0.3138571 -0.8618865 0.9159484 0.06970632 -0.3951958 0.3983032 -0.3138571 0.8618865 -0.09378552 -0.6407815 -0.7619733 -0.09357035 -0.7612893 -0.6416254 -0.6891269 -0.7244682 -0.01580899 -0.8038993 -0.2030119 -0.5590459 0.9670706 0.224196 -0.1204603 0.9992759 0.02121049 0.03158688 -0.09696006 -0.5111692 0.8539935 -0.09525012 -0.744575 0.6607084 -0.6757476 0.5404272 -0.5013021 -0.09378445 -0.3394919 0.935922 -0.6817628 0.2416185 -0.6905217 0.999385 -0.02072256 -0.02829134 0.9670726 -0.2241894 0.1204568 -0.08932882 -0.1930015 -0.9771238 -0.09357124 -0.8611547 0.4996571 0.9670815 0.2163786 0.1339167 0.9943586 0.0964694 -0.04409945 -0.09387725 -0.9804622 0.1728611 -0.09695893 -0.9951648 -0.01568675 -0.0952512 -0.9444859 -0.314442 0.3985562 -0.3136506 -0.8618447 0.4254091 -0.4522661 -0.7838893 0.5524251 0.6841147 0.4762496 0.9943586 -0.0964694 0.04409945 -0.1388917 0.740054 -0.6580496 0.7416124 -0.6340938 0.2189435 0.55243 0.07037752 -0.830583 -0.09525001 0.1998999 0.9751757 -0.6654309 0.02139359 -0.7461529 -0.09357023 0.00213629 0.9956105 0.9670732 -0.007751941 0.2543805 -0.09039837 0.7628927 0.6401743 0.7822328 0.1348635 -0.6082134 -0.361625 0.7031988 -0.6121592 -0.09039634 -0.1729189 0.9807791 -0.09357076 -0.1749951 0.9801129 -0.6838712 -0.3840214 0.6203611 0.9081785 -0.1037029 -0.4055338 -0.6759797 -0.5002476 -0.5411134 0.1344071 0.9566896 0.2582241 -0.689133 0.3759407 -0.6194872 0.9670731 -0.2164141 -0.1339198 -0.09552603 -0.2020696 -0.9747014 -0.02429342 0.7925285 0.6093509 0.9153697 -0.3464262 0.2051517 -0.1014167 0.8605614 -0.4991482 -0.6737778 0.1052615 0.7313985 0.02090555 0.8890208 0.4573894 0.834719 0.1964188 -0.514455 -0.6631456 0.7359027 0.1366942 0.9890866 0.05093598 -0.1382505 -0.08932995 0.9427106 0.3214293 0.4370035 0.8560923 -0.2759236 -0.09387725 0.9804622 -0.1728611 -0.6568588 0.7537869 -0.01849442 0.6234178 0.5934174 -0.509123 0.5679692 0.5135223 -0.6431999 0.7279545 0.5254567 0.4404289 -0.3063248 0.7376272 0.6017236 -0.3036953 0.3116913 0.9003432 0.7279527 -0.1186906 0.6752759 -0.3063246 -0.1522925 0.9396661 -0.3036965 -0.6238428 0.7201309 0.7279545 -0.5254567 -0.4404289 -0.3063248 -0.7376272 -0.6017236 -0.3036953 -0.3116913 -0.9003432 0.7279462 0.6441708 -0.2348154 -0.3063169 0.8899272 -0.3379343 -0.3036976 0.9355692 0.1802164 0.7279462 -0.6441708 0.2348154 -0.3063169 -0.8899272 0.3379343 -0.3036976 -0.9355692 -0.1802164 -0.08933085 -0.94272 -0.3214019 -0.08933031 -0.7497097 0.6557099 -0.08932882 0.1930015 0.9771238 -0.09039622 -0.7629054 -0.6401593 -0.09039902 -0.935853 0.3405987 0.3983376 0.7943558 -0.4586132 0.3985562 0.3136506 0.8618447 0.6284821 0.2581315 -0.7337428 0.9153526 0.3113536 -0.2553209 0.567354 0.0909475 0.8184363 0.9159484 -0.06970632 0.3951958 -0.9005702 -0.3123063 0.3023874 -0.900568 -0.1057499 -0.4216567 -0.9005548 -0.4180798 -0.1192072 -0.9005631 0.4180532 0.1192388 -0.9005709 0.1057197 0.4216581 -0.9005705 0.3122759 -0.3024181 0.4346822 0.8928759 0.1175763</float_array>
          <technique_common>
            <accessor source="#rim3Mesh-mesh-normals-array" count="425" stride="3">
              <param name="X" type="float"/>
              <param name="Y" type="float"/>
              <param name="Z" type="float"/>
            </accessor>
          </technique_common>
        </source>
        <vertices id="rim3Mesh-mesh-vertices">
          <input semantic="POSITION" source="#rim3Mesh-mesh-positions"/>
        </vertices>
        <polylist material="rim_001-material" count="872">
          <input semantic="VERTEX" source="#rim3Mesh-mesh-vertices" offset="0"/>
          <input semantic="NORMAL" source="#rim3Mesh-mesh-normals" offset="1"/>
          <vcount>3 3 3 3 3 3 3 3 3 3 3 3 3 3 3 3 3 3 3 3 3 3 3 3 3 3 3 3 3 3 3 3 3 3 3 3 3 3 3 3 3 3 3 3 3 3 3 3 3 3 3 3 3 3 3 3 3 3 3 3 3 3 3 3 3 3 3 3 3 3 3 3 3 3 3 3 3 3 3 3 3 3 3 3 3 3 3 3 3 3 3 3 3 3 3 3 3 3 3 3 3 3 3 3 3 3 3 3 3 3 3 3 3 3 3 3 3 3 3 3 3 3 3 3 3 3 3 3 3 3 3 3 3 3 3 3 3 3 3 3 3 3 3 3 3 3 3 3 3 3 3 3 3 3 3 3 3 3 3 3 3 3 3 3 3 3 3 3 3 3 3 3 3 3 3 3 3 3 3 3 3 3 3 3 3 3 3 3 3 3 3 3 3 3 3 3 3 3 3 3 3 3 3 3 3 3 3 3 3 3 3 3 3 3 3 3 3 3 3 3 3 3 3 3 3 3 3 3 3 3 3 3 3 3 3 3 3 3 3 3 3 3 3 3 3 3 3 3 3 3 3 3 3 3 3 3 3 3 3 3 3 3 3 3 3 3 3 3 3 3 3 3 3 3 3 3 3 3 3 3 3 3 3 3 3 3 3 3 3 3 3 3 3 3 3 3 3 3 3 3 3 3 3 3 3 3 3 3 3 3 3 3 3 3 3 3 3 3 3 3 3 3 3 3 3 3 3 3 3 3 3 3 3 3 3 3 3 3 3 3 3 3 3 3 3 3 3 3 3 3 3 3 3 3 3 3 3 3 3 3 3 3 3 3 3 3 3 3 3 3 3 3 3 3 3 3 3 3 3 3 3 3 3 3 3 3 3 3 3 3 3 3 3 3 3 3 3 3 3 3 3 3 3 3 3 3 3 3 3 3 3 3 3 3 3 3 3 3 3 3 3 3 3 3 3 3 3 3 3 3 3 3 3 3 3 3 3 3 3 3 3 3 3 3 3 3 3 3 3 3 3 3 3 3 3 3 3 3 3 3 3 3 3 3 3 3 3 3 3 3 3 3 3 3 3 3 3 3 3 3 3 3 3 3 3 3 3 3 3 3 3 3 3 3 3 3 3 3 3 3 3 3 3 3 3 3 3 3 3 3 3 3 3 3 3 3 3 3 3 3 3 3 3 3 3 3 3 3 3 3 3 3 3 3 3 3 3 3 3 3 3 3 3 3 3 3 3 3 3 3 3 3 3 3 3 3 3 3 3 3 3 3 3 3 3 3 3 3 3 3 3 3 3 3 3 3 3 3 3 3 3 3 3 3 3 3 3 3 3 3 3 3 3 3 3 3 3 3 3 3 3 3 3 3 3 3 3 3 3 3 3 3 3 3 3 3 3 3 3 3 3 3 3 3 3 3 3 3 3 3 3 3 3 3 3 3 3 3 3 3 3 3 3 3 3 3 3 3 3 3 3 3 3 3 3 3 3 3 3 3 3 3 3 3 3 3 3 3 3 3 3 3 3 3 3 3 3 3 3 3 3 3 3 3 3 3 3 3 3 3 3 3 3 3 3 3 3 3 3 3 3 3 3 3 3 3 3 3 3 3 3 3 3 3 3 3 3 3 3 3 3 3 3 3 3 3 3 3 3 3 3 3 3 3 3 3 3 3 3 3 3 3 3 3 3 3 3 3 3 3 3 3 3 3 3 3 3 3 3 3 3 3 3 3 3 3 3 3 3 3 3 3 3 3 3 3 3 3 3 3 3 3 3 3 3 3 3 3 3 3 3 3 3 3 3 3 3 3 3 3 3 3 3 3 3 3 3 3 3 3 3 3 3 3 3 3 3 3 3 3 3 3 3 3 3 3 3 3 3 3 3 3 3 3 3 3 3 3 3 3 3 3 3 3 3 3 3 3 3 3 3 3 3 3 3 3 3 3 3 3 3 3 3 3 3 3 3 3 3 3 3 3 </vcount>
          <p>278 0 374 1 72 2 208 3 179 4 272 5 55 6 129 7 310 8 210 9 399 10 364 11 307 12 268 13 123 14 371 15 311 16 267 17 171 18 172 19 372 20 19 21 249 22 317 23 311 16 371 15 340 24 319 25 392 26 352 27 111 28 398 29 314 30 321 31 277 32 157 33 305 34 270 35 178 36 242 37 284 38 37 39 369 40 206 41 269 42 205 43 221 44 286 45 241 46 30 47 195 48 202 49 396 50 382 51 367 52 207 53 271 54 387 55 376 56 192 57 72 2 394 58 278 0 302 59 272 5 179 4 48 60 201 61 148 62 148 62 201 61 295 63 403 64 217 65 162 66 304 67 269 42 3 68 215 69 291 70 112 71 258 72 48 60 313 73 295 63 201 61 149 74 368 75 101 76 270 35 303 77 271 54 126 78 372 20 172 19 268 13 216 79 292 80 116 81 293 82 238 83 286 45 292 80 239 84 283 85 230 86 145 87 175 88 101 76 178 36 270 35 364 11 40 89 314 30 423 90 380 91 344 92 122 93 132 94 290 95 156 96 206 41 369 40 382 51 220 97 202 49 52 98 240 99 120 100 291 70 240 99 285 101 316 102 288 103 221 44 63 104 98 105 149 74 241 46 260 106 282 107 288 103 313 73 324 108 145 87 230 86 342 109 231 110 142 111 173 112 199 113 143 114 177 115 181 116 328 117 337 118 318 119 278 0 388 120 170 121 207 53 367 52 174 122 200 123 378 124 120 100 240 99 291 70 279 125 190 126 113 127 211 128 392 26 319 25 214 129 294 130 141 131 53 132 239 84 121 133 121 133 239 84 292 80 46 134 321 31 152 135 283 85 322 136 386 137 316 102 287 138 339 139 229 140 173 112 84 141 370 142 208 3 272 5 155 143 324 108 282 107 324 108 155 143 288 103 92 144 397 145 317 23 177 115 95 146 351 147 28 148 316 102 153 149 218 150 293 82 134 151 232 152 285 101 43 153 64 154 320 155 232 152 320 155 277 32 312 156 242 37 259 157 284 38 241 46 282 107 132 94 313 73 288 103 338 158 248 159 162 66 225 160 290 95 132 94 282 107 257 161 176 162 83 163 144 164 96 165 373 166 281 167 101 76 368 75 381 168 352 27 395 169 118 170 97 171 283 85 97 171 261 172 286 45 221 44 205 43 316 102 287 138 316 102 205 43 358 173 180 174 144 164 113 127 196 175 379 176 68 177 405 178 234 179 149 74 150 180 203 181 377 182 82 183 197 184 280 185 175 88 82 183 119 186 37 39 294 130 294 130 37 39 284 38 1 187 100 188 283 85 205 43 322 136 287 138 169 189 208 3 370 142 374 1 289 190 18 191 200 123 174 122 85 192 142 111 231 110 256 193 207 53 126 78 271 54 383 194 376 56 27 195 310 8 31 196 220 97 123 14 156 96 307 12 6 197 128 198 285 101 232 152 315 199 64 154 149 74 131 200 315 199 315 199 131 200 64 154 147 201 238 83 293 82 404 202 216 79 161 203 71 204 401 205 237 206 134 151 153 149 218 150 100 188 1 187 284 38 250 207 114 208 277 32 277 32 124 209 250 207 284 38 114 208 250 207 3 68 340 24 304 67 220 97 382 51 212 210 223 211 150 180 313 73 306 212 267 17 311 16 49 213 400 214 235 215 112 71 151 216 215 69 141 131 152 135 214 129 50 217 402 218 236 219 403 64 168 220 217 65 403 64 295 63 412 221 228 222 151 216 320 155 194 223 52 98 320 155 247 224 161 203 224 225 224 225 161 203 287 138 54 226 238 83 147 201 226 227 153 149 316 102 137 228 198 229 366 230 209 231 391 232 249 22 22 233 395 169 352 27 174 122 378 124 343 234 57 235 390 236 289 190 173 112 229 140 350 237 4 238 404 202 233 239 328 117 181 116 177 115 217 65 290 95 115 240 144 164 336 241 358 173 60 242 37 39 119 186 227 243 152 135 321 31 61 244 132 94 122 93 225 160 162 66 288 103 126 78 171 18 303 77 317 23 383 194 92 144 98 105 63 104 282 107 338 158 258 72 313 73 320 155 64 154 194 223 128 198 6 197 149 74 311 16 191 245 306 212 265 246 139 247 422 248 363 249 83 163 323 250 220 97 31 196 66 251 178 36 169 189 305 34 13 252 159 253 417 254 405 178 68 177 203 181 190 126 35 255 359 256 219 257 146 258 136 259 413 260 65 261 139 247 388 120 278 0 70 262 175 88 280 185 348 263 401 205 71 204 218 150 344 92 137 228 423 90 18 191 389 264 374 1 345 265 84 141 222 266 420 267 253 268 130 269 117 270 326 271 73 272 409 273 297 274 74 275 109 276 185 277 245 278 410 279 301 280 75 281 105 282 182 283 244 284 411 285 299 286 76 287 110 288 183 289 243 290 106 291 186 292 246 293 408 294 296 295 77 296 179 4 170 121 302 59 264 297 20 298 78 299 114 208 284 38 259 157 285 101 79 300 385 301 407 302 300 303 80 304 108 305 187 306 247 224 406 307 298 308 81 309 107 310 184 311 248 159 330 312 82 183 175 88 82 183 330 312 333 313 83 163 331 314 336 241 331 314 83 163 176 162 327 315 84 141 173 112 84 141 327 315 334 316 329 317 85 192 174 122 85 192 329 317 335 318 94 319 252 320 86 321 130 269 86 321 42 322 400 214 49 213 215 69 142 111 335 318 357 323 404 202 4 238 216 79 143 114 333 313 360 324 402 218 50 217 214 129 145 87 334 316 361 325 212 210 90 326 418 327 127 328 251 329 138 330 332 331 113 127 190 126 91 332 395 169 22 233 27 195 393 333 383 194 143 114 199 113 341 334 414 335 136 259 146 258 417 254 93 336 13 252 86 321 325 337 94 319 206 41 3 68 269 42 366 230 181 116 137 228 95 146 397 145 92 144 379 176 180 174 113 127 96 165 396 50 202 49 24 338 238 83 54 226 97 171 24 338 339 139 309 339 98 105 282 107 98 105 17 340 149 74 99 341 102 342 133 343 415 344 99 341 266 345 100 188 38 346 283 85 308 347 100 188 284 38 178 36 101 76 136 259 213 348 281 167 413 260 20 298 133 343 416 349 416 349 78 299 20 298 26 350 103 351 286 45 155 143 282 107 260 106 419 352 104 353 264 297 104 353 67 354 159 253 298 308 406 307 48 60 406 307 244 284 223 211 407 302 246 293 226 227 300 303 407 302 54 226 408 294 248 159 225 160 296 295 408 294 61 244 299 286 411 285 53 132 411 285 247 224 224 225 410 279 245 278 228 222 301 280 410 279 52 98 409 273 243 290 227 243 297 274 409 273 60 242 346 355 85 192 365 356 314 30 40 89 111 28 112 71 16 357 151 216 135 358 242 37 285 101 254 359 113 127 180 174 113 127 254 359 279 125 114 208 312 156 277 32 114 208 385 301 312 156 115 240 63 104 2 360 115 240 162 66 217 65 116 81 97 171 11 361 116 81 161 203 216 79 73 272 62 362 117 270 189 363 117 270 421 364 33 365 118 170 283 85 205 43 286 45 261 172 297 274 245 278 185 277 294 130 400 214 119 186 301 280 244 284 182 283 291 70 405 178 120 100 292 80 402 218 121 133 299 286 243 290 183 289 290 95 401 205 122 93 296 295 246 293 186 292 253 268 420 267 354 366 62 362 73 272 172 19 124 209 239 84 53 132 1 187 124 209 277 32 203 181 295 63 149 74 125 367 279 125 9 368 99 341 415 344 126 78 171 18 353 369 8 370 138 330 32 371 127 328 422 248 127 328 265 246 255 372 128 198 149 74 128 198 43 153 285 101 129 7 31 196 310 8 83 163 363 249 257 161 15 373 130 269 253 268 310 8 249 22 55 6 131 200 149 74 17 340 131 200 193 374 313 73 30 47 132 94 61 244 241 46 132 94 30 47 133 343 41 375 99 341 192 57 376 56 318 119 134 151 28 148 153 149 103 351 241 46 286 45 259 157 385 301 114 208 29 376 135 358 285 101 136 259 69 377 219 257 69 377 136 259 101 76 137 228 337 118 362 378 337 118 137 228 181 116 382 51 34 379 319 25 90 326 138 330 47 380 139 247 5 381 413 260 364 11 381 168 210 9 250 207 287 138 140 382 140 382 283 85 38 346 141 131 1 187 46 134 141 131 46 134 152 135 365 356 85 192 142 111 335 318 142 111 85 192 197 184 82 183 143 114 333 313 143 114 82 183 323 250 83 163 144 164 336 241 144 164 83 163 222 266 84 141 145 87 334 316 145 87 84 141 314 30 57 235 289 190 146 258 13 252 414 335 293 82 404 202 147 201 300 303 247 224 187 306 298 308 248 159 184 311 295 63 403 64 148 62 150 180 149 74 375 383 149 74 6 197 375 383 405 178 203 181 150 180 244 284 150 180 223 211 400 214 215 69 151 216 245 278 151 216 228 222 243 290 152 135 227 243 402 218 214 129 152 135 401 205 218 150 153 149 246 293 153 149 226 227 154 384 37 39 60 242 242 37 37 39 154 384 260 106 384 385 155 143 155 143 221 44 288 103 206 41 273 386 252 320 156 96 354 366 420 267 16 357 320 155 151 216 242 37 154 384 157 33 340 24 3 68 158 387 262 388 418 327 158 387 289 190 374 1 159 253 159 253 39 389 104 353 160 390 158 387 47 380 188 391 160 390 251 329 116 81 11 361 161 203 11 361 287 138 161 203 115 240 2 360 162 66 2 360 288 103 162 66 404 202 293 82 233 239 163 392 45 393 58 394 402 218 292 80 236 219 164 395 88 396 36 397 165 398 87 399 21 400 405 178 291 70 234 179 401 205 290 95 237 206 166 401 59 402 14 403 400 214 294 130 235 215 167 404 89 405 25 406 168 220 403 64 412 221 180 174 358 173 254 359 93 336 417 254 169 189 208 3 274 407 67 354 207 53 275 408 102 342 78 299 416 349 170 121 172 19 276 409 62 362 8 370 421 364 171 18 123 14 172 19 73 272 172 19 123 14 268 13 173 112 357 323 327 315 357 323 173 112 142 111 359 256 174 122 190 126 174 122 359 256 329 317 175 88 361 325 330 312 361 325 175 88 145 87 362 378 423 90 137 228 176 162 362 378 331 314 360 324 177 115 143 114 177 115 360 324 328 117 136 259 414 335 178 36 169 189 356 410 93 336 104 353 419 352 179 4 170 121 355 411 78 299 180 174 379 176 349 412 96 165 144 164 180 174 347 413 181 116 366 230 95 146 177 115 181 116 368 75 306 212 191 245 182 283 75 281 301 280 183 289 76 287 299 286 367 52 302 59 170 121 371 15 304 67 340 24 184 311 81 309 298 308 185 277 74 275 297 274 370 142 305 34 169 189 186 292 77 296 296 295 369 40 307 12 156 96 372 20 303 77 171 18 187 306 80 304 300 303 127 328 422 248 263 414 251 329 127 328 188 391 421 364 8 370 189 363 266 345 189 363 415 344 190 126 91 332 332 331 343 234 190 126 174 122 191 245 263 414 422 248 65 261 413 260 281 167 82 183 377 182 280 185 192 57 318 119 12 415 282 107 193 374 17 340 131 200 17 340 193 374 6 197 194 223 64 154 194 223 240 99 52 98 339 139 24 338 316 102 24 338 54 226 316 102 196 175 392 26 211 128 22 233 332 331 91 332 197 184 387 55 192 57 27 195 341 334 199 113 55 6 344 92 380 91 198 229 391 232 209 231 92 144 351 147 95 146 199 113 393 333 27 195 40 89 346 355 365 356 200 123 399 10 210 9 258 72 338 158 63 104 63 104 149 74 201 61 144 164 373 166 323 250 66 251 202 49 220 97 295 63 203 181 35 255 203 181 359 256 35 255 64 154 204 416 6 197 204 416 313 73 150 180 261 172 386 137 205 43 205 43 386 137 322 136 3 68 206 41 94 319 252 320 94 319 206 41 102 342 99 341 207 53 126 78 207 53 99 341 67 354 104 353 208 3 179 4 208 3 104 353 209 231 249 22 19 21 19 21 347 413 366 230 56 417 343 234 378 124 56 417 210 9 381 168 34 379 349 412 379 176 34 379 211 128 319 25 418 327 262 388 212 210 262 388 94 319 212 210 101 76 281 167 213 348 101 76 213 348 69 377 294 130 214 129 89 405 214 129 361 325 334 316 291 70 215 69 87 399 215 69 357 323 335 318 292 80 216 79 88 396 216 79 360 324 333 313 290 95 217 65 59 402 217 65 358 173 336 241 293 82 218 150 45 393 218 150 362 378 337 118 5 381 219 257 69 377 364 11 314 30 219 257 310 8 220 97 86 321 325 337 86 321 220 97 286 45 221 44 384 385 155 143 384 385 221 44 389 264 345 265 222 266 342 109 394 58 72 2 313 73 48 60 223 211 223 211 48 60 406 307 287 138 53 132 224 225 224 225 53 132 411 285 288 103 61 244 225 160 225 160 61 244 408 294 316 102 54 226 226 227 226 227 54 226 407 302 321 31 60 242 227 243 227 243 60 242 409 273 320 155 52 98 228 222 228 222 52 98 410 279 345 265 389 264 18 191 390 236 350 237 229 140 348 263 388 120 70 262 394 58 342 109 230 86 350 237 390 236 57 235 398 29 256 193 231 110 79 300 232 152 320 155 79 300 285 101 232 152 58 394 233 239 163 392 233 239 328 117 360 324 21 400 234 179 165 398 234 179 329 317 359 256 235 215 327 315 357 323 25 406 235 215 167 404 236 219 330 312 361 325 36 397 236 219 164 395 14 403 237 206 166 401 237 206 331 314 362 378 97 171 286 45 238 83 97 171 238 83 24 338 1 187 283 85 239 84 1 187 239 84 124 209 6 197 240 99 194 223 6 197 285 101 240 99 195 48 28 148 241 46 134 151 241 46 28 148 112 71 242 37 16 357 157 33 16 357 242 37 243 290 23 418 152 135 243 290 299 286 23 418 244 284 10 419 150 180 244 284 301 280 10 419 245 278 0 420 151 216 245 278 297 274 0 420 246 293 296 295 7 421 246 293 7 421 153 149 247 224 44 422 161 203 247 224 300 303 44 422 248 159 51 423 162 66 248 159 298 308 51 423 317 23 249 22 326 271 130 269 15 373 249 22 284 38 250 207 38 346 140 382 38 346 250 207 251 329 47 380 138 330 47 380 251 329 160 390 252 320 42 322 86 321 42 322 252 320 273 386 253 268 73 272 15 373 73 272 253 268 123 14 254 359 9 368 279 125 9 368 254 359 358 173 128 198 255 372 43 153 43 153 255 372 149 74 256 193 398 29 111 28 142 111 256 193 365 356 176 162 257 161 380 91 257 161 31 196 129 7 63 104 201 61 258 72 258 72 201 61 48 60 259 157 135 358 385 301 242 37 135 358 259 157 260 106 103 351 384 385 241 46 103 351 260 106 261 172 118 170 386 137 97 171 118 170 261 172 94 319 262 388 3 68 158 387 3 68 262 388 263 414 188 391 127 328 160 390 188 391 311 16 374 1 278 0 264 297 39 389 264 297 104 353 32 371 265 246 127 328 319 25 352 27 32 371 376 56 383 194 266 345 41 375 266 345 99 341 182 283 105 282 267 17 371 15 267 17 105 282 186 292 106 291 268 13 372 20 268 13 106 291 184 311 107 310 269 42 369 40 269 42 107 310 185 277 109 276 270 35 368 75 270 35 109 276 367 52 271 54 108 305 187 306 108 305 271 54 183 289 110 288 272 5 370 142 272 5 110 288 273 386 156 96 42 322 206 41 156 96 273 386 208 3 169 189 274 407 274 407 169 189 417 254 275 408 170 121 416 349 207 53 170 121 275 408 172 19 171 18 276 409 276 409 171 18 421 364 46 134 277 32 321 31 277 32 46 134 1 187 20 298 264 297 278 0 133 343 20 298 278 0 125 367 35 255 279 125 190 126 279 125 35 255 388 120 348 263 280 185 12 415 280 185 377 182 281 167 191 245 65 261 191 245 281 167 368 75 63 104 115 240 282 107 282 107 115 240 290 95 116 81 283 85 97 171 283 85 116 81 292 80 141 131 284 38 1 187 284 38 141 131 294 130 112 71 285 101 242 37 285 101 112 71 291 70 134 151 286 45 241 46 286 45 134 151 293 82 287 138 250 207 124 209 124 209 53 132 287 138 288 103 195 48 30 47 30 47 61 244 288 103 314 30 289 190 13 252 159 253 13 252 289 190 59 402 166 401 290 95 290 95 166 401 237 206 291 70 165 398 234 179 87 399 165 398 291 70 88 396 164 395 292 80 292 80 164 395 236 219 45 393 163 392 293 82 293 82 163 392 233 239 89 405 167 404 294 130 294 130 167 404 235 215 35 255 125 367 295 63 295 63 125 367 412 221 122 93 296 295 61 244 122 93 7 421 296 295 119 186 297 274 60 242 119 186 0 420 297 274 148 62 298 308 48 60 148 62 51 423 298 308 121 133 23 418 299 286 121 133 299 286 53 132 147 201 300 303 54 226 147 201 44 422 300 303 120 100 301 280 52 98 120 100 10 419 301 280 272 5 302 59 183 289 76 287 183 289 302 59 271 54 303 77 187 306 80 304 187 306 303 77 269 42 304 67 184 311 81 309 184 311 304 67 270 35 305 34 185 277 74 275 185 277 305 34 267 17 306 212 182 283 75 281 182 283 306 212 77 296 186 292 307 12 268 13 307 12 186 292 100 188 308 347 38 346 38 346 308 347 284 38 98 105 309 339 17 340 17 340 309 339 282 107 249 22 310 8 130 269 86 321 130 269 310 8 188 391 263 414 311 16 191 245 311 16 263 414 312 156 385 301 79 300 312 156 79 300 320 155 313 73 64 154 131 200 204 416 64 154 313 73 13 252 146 258 314 30 146 258 219 257 314 30 149 74 315 199 43 153 232 152 43 153 315 199 28 148 195 48 316 102 288 103 316 102 195 48 383 194 317 23 117 270 326 271 117 270 317 23 41 375 133 343 318 119 278 0 318 119 133 343 382 51 319 25 138 330 32 371 138 330 319 25 16 357 157 33 320 155 320 155 157 33 277 32 157 33 154 384 321 31 154 384 60 242 321 31 283 85 140 382 322 136 322 136 140 382 287 138 66 251 323 250 373 166 323 250 66 251 363 249 193 374 324 108 313 73 324 108 193 374 282 107 325 337 212 210 94 319 212 210 325 337 220 97 15 373 326 271 249 22 326 271 15 373 73 272 25 406 334 316 327 315 327 315 235 215 25 406 58 394 337 118 328 117 328 117 233 239 58 394 21 400 335 318 329 317 329 317 234 179 21 400 36 397 333 313 330 312 330 312 236 219 36 397 14 403 336 241 331 314 331 314 237 206 14 403 392 26 196 175 332 331 196 175 113 127 332 331 333 313 36 397 88 396 333 313 88 396 216 79 334 316 25 406 89 405 334 316 89 405 214 129 335 318 87 399 215 69 335 318 21 400 87 399 336 241 14 403 59 402 336 241 59 402 217 65 337 118 58 394 45 393 337 118 45 393 218 150 338 158 2 360 63 104 2 360 338 158 288 103 11 361 339 139 287 138 339 139 11 361 97 171 158 387 160 390 340 24 311 16 340 24 160 390 387 55 197 184 341 334 143 114 341 334 197 184 72 2 222 266 342 109 145 87 342 109 222 266 395 169 91 332 343 234 190 126 343 234 91 332 391 232 198 229 344 92 137 228 344 92 198 229 84 141 345 265 229 140 18 191 229 140 345 265 399 10 200 123 346 355 85 192 346 355 200 123 397 145 95 146 347 413 181 116 347 413 95 146 70 262 230 86 348 263 175 88 348 263 230 86 396 50 96 165 349 412 180 174 349 412 96 165 57 235 231 110 350 237 173 112 350 237 231 110 177 115 351 147 199 113 393 333 199 113 351 147 352 27 381 168 265 246 265 246 32 371 352 27 353 369 126 78 415 344 171 18 126 78 353 369 156 96 123 14 354 366 354 366 123 14 253 268 355 411 179 4 419 352 170 121 179 4 355 411 356 410 178 36 414 335 169 189 178 36 356 410 357 323 215 69 49 213 357 323 49 213 235 215 358 173 217 65 168 220 358 173 168 220 9 368 359 256 203 181 68 177 359 256 68 177 234 179 360 324 4 238 233 239 360 324 216 79 4 238 361 325 214 129 50 217 361 325 50 217 236 219 362 378 71 204 237 206 362 378 218 150 71 204 31 196 257 161 363 249 31 424 363 424 66 424 381 168 364 11 5 381 219 257 5 381 364 11 365 356 111 28 40 89 111 28 365 356 256 193 209 231 366 230 198 229 366 230 209 231 19 21 302 59 367 52 76 287 108 305 76 287 367 52 306 212 368 75 75 281 109 276 75 281 368 75 307 12 369 40 77 296 107 310 77 296 369 40 110 288 74 275 370 142 305 34 370 142 74 275 304 67 371 15 81 309 105 282 81 309 371 15 303 77 372 20 80 304 106 291 80 304 372 20 202 49 373 166 96 165 373 166 202 49 66 251 39 389 159 253 374 1 264 297 39 389 374 1 375 383 204 416 150 180 375 383 6 197 204 416 266 345 41 375 376 56 318 119 376 56 41 375 377 182 192 57 12 415 192 57 377 182 197 184 378 124 210 9 56 417 210 9 378 124 200 123 211 128 379 176 196 175 379 176 211 128 34 379 129 7 380 91 257 161 380 91 129 7 55 6 5 381 139 247 381 168 139 247 265 246 381 168 138 330 90 326 382 51 90 326 212 210 382 51 189 363 266 345 383 194 117 270 189 363 383 194 103 351 26 350 384 385 384 385 26 350 286 45 135 358 29 376 385 301 385 301 29 376 285 101 118 170 33 365 386 137 386 137 33 365 283 85 341 334 27 195 387 55 387 55 27 195 376 56 280 185 12 415 388 120 12 415 318 119 388 120 374 1 389 264 72 2 222 266 72 2 389 264 229 140 18 191 390 236 390 236 18 191 289 190 344 92 55 6 391 232 391 232 55 6 249 22 332 331 22 233 392 26 392 26 22 233 352 27 393 333 92 144 383 194 351 147 92 144 393 333 394 58 70 262 278 0 230 86 70 262 394 58 395 169 56 417 381 168 343 234 56 417 395 169 349 412 34 379 396 50 396 50 34 379 382 51 347 413 19 21 397 145 19 21 317 23 397 145 57 235 314 30 398 29 231 110 57 235 398 29 40 89 364 11 399 10 346 355 40 89 399 10 0 420 119 186 400 214 151 216 0 420 400 214 7 421 122 93 401 205 153 149 7 421 401 205 152 135 23 418 402 218 23 418 121 133 402 218 51 423 148 62 403 64 162 66 51 423 403 64 44 422 147 201 404 202 161 203 44 422 404 202 10 419 120 100 405 178 150 180 10 419 405 178 244 284 406 307 105 282 81 309 105 282 406 307 246 293 407 302 106 291 80 304 106 291 407 302 77 296 107 310 408 294 248 159 408 294 107 310 243 290 409 273 110 288 74 275 110 288 409 273 245 278 410 279 109 276 75 281 109 276 410 279 247 224 411 285 108 305 76 287 108 305 411 285 9 368 412 221 125 367 9 368 168 220 412 221 69 377 413 260 5 381 413 260 69 377 213 348 93 336 414 335 13 252 414 335 93 336 356 410 415 344 8 370 353 369 8 370 415 344 189 363 102 342 416 349 133 343 416 349 102 342 275 408 67 354 417 254 159 253 417 254 67 354 274 407 418 327 47 380 158 387 47 380 418 327 90 326 78 299 419 352 264 297 419 352 78 299 355 411 42 322 420 267 130 269 420 267 42 322 156 96 421 364 62 362 276 409 62 362 421 364 117 270 65 261 422 248 139 247 422 248 65 261 191 245 380 91 423 90 176 162 362 378 176 162 423 90</p>
        </polylist>
      </mesh>
    </geometry>
    <geometry id="tire25Mesh-mesh" name="tire25Mesh">
      <mesh>
        <source id="tire25Mesh-mesh-positions">
          <float_array id="tire25Mesh-mesh-positions-array" count="657">3.166222 4.558334 -49.81681 -8.602898 -48.83213 -11.25843 -12.7422 30.51939 7.656754 -0.02603799 13.86399 48.08485 10.37792 16.62465 -26.26171 -4.135664 42.99956 -25.65493 -4.135627 -32.96549 37.68618 -0.02601397 -36.04713 -34.71123 10.37792 -1.265106 31.05504 -4.135665 46.02896 19.70679 -4.135636 -14.787 47.83658 8.028894 -49.10389 9.462365 10.37792 -31.05452 -1.266121 3.166222 28.85562 -40.864 -8.602944 49.19097 -9.577299 -12.74217 -30.51784 -7.657017 -0.02604699 32.22332 38.28911 8.028894 -24.17342 -43.77759 10.37792 30.75346 4.505058 8.028894 -34.16313 36.51852 -4.135666 49.12065 9.705867 -8.602919 -4.382566 -49.92141 3.166222 -45.96918 -19.72859 -8.602899 -46.12367 19.5949 -4.13566 36.72628 -34.03402 -8.602908 -28.7561 -41.04189 -8.602921 -0.860118 50.10577 8.028894 42.82498 25.82565 -8.602932 24.30895 43.82275 -8.602927 11.25821 -48.83244 10.37792 -14.43054 -27.52762 8.028894 49.10634 -9.462651 -12.74218 -10.8043 29.55109 8.028894 -43.77493 24.17362 -8.602897 -49.91975 4.382604 8.028894 16.35852 -47.25754 8.028894 -11.32744 48.70832 8.028894 41.01123 -28.61737 8.028894 4.27774 49.825 8.028894 49.62567 6.174686 8.028894 28.61797 41.01054 8.028894 -49.62485 -6.174839 -8.602902 -41.04147 28.75598 -8.602902 -40.03078 -30.14702 10.37792 17.23032 25.86816 -0.02602499 -13.86302 -48.08499 -12.7422 26.11183 -17.55653 8.028894 -25.82414 42.8235 -8.602935 30.14785 -40.03158 10.37792 -27.85461 -13.78783 -4.135663 40.92572 28.84558 -4.135667 50.06506 -0.718617 -0.02600896 -48.0859 13.86317 -12.74219 -2.147757 -31.39133 10.37792 28.88594 -11.47478 -0.02604198 21.87316 -45.01065 3.166222 -5.898865 -49.6757 10.37792 4.50589 -30.75274 -0.02604299 23.55872 44.15152 10.37792 -13.78675 27.85514 -8.602936 32.88988 37.81114 -4.135632 -24.40911 43.71656 3.166222 45.42256 -20.96176 8.028894 -47.25661 -16.35777 -0.02603095 -1.673392 50.01507 8.028894 -36.51675 -34.16489 -4.135631 -25.65313 -42.99814 3.166222 -40.06977 29.94727 -8.602926 9.578008 49.18945 8.028894 47.25862 16.35757 -8.602915 -11.25843 48.83203 -8.602899 -45.42448 -21.16506 10.4267 35.40895 34.13038 -8.602931 21.16573 -45.4247 13.8046 -27.03415 22.43268 -8.602916 -9.576459 -49.18981 -12.74219 8.629144 30.25835 8.028894 -14.54269 -47.84701 -8.60294 41.04258 -28.75656 -4.135619 -50.0652 0.718427 8.028894 9.462891 49.10485 8.028894 34.16497 -36.51856 -8.602911 -19.59509 -46.12373 13.86116 -38.03078 10.69941 -8.60291 -21.16389 45.42442 -8.602907 -30.14474 40.03147 -8.602943 46.12404 -19.59497 13.8046 24.5425 -25.136 13.8046 -29.68861 -18.77952 -4.135623 -43.71695 -24.41014 -0.02605396 48.0859 -13.86335 8.028894 19.46558 46.06447 3.166222 -45.42135 20.96166 3.166222 14.81624 -47.78067 -0.02600795 -49.565 -6.893126 13.8046 35.10219 1.418758 13.86116 -6.663483 -38.94214 -8.602945 50.10659 0.859199 8.028894 -42.82355 -25.82567 8.028894 -49.82452 4.277775 8.028894 -16.35837 47.257 8.028894 49.82608 -4.277992 -8.602923 4.384343 49.92105 -8.602944 48.83361 11.25825 -8.60294 40.03198 30.14652 -8.602943 45.42561 21.16503 -13.86116 -24.82686 -29.68616 3.166222 -37.62395 -32.96869 3.166222 -16.09811 -47.36358 3.166222 33.97237 36.72067 -13.86116 -26.92637 27.79453 13.86116 33.39976 21.1039 -4.135623 -42.99807 25.65455 -4.135621 -47.83552 -14.78759 3.166222 -29.94627 -40.07061 13.8046 9.498337 33.82174 -4.135648 9.707464 -49.12029 8.028894 6.175827 -49.6258 8.028894 21.2087 -45.28876 -13.86118 17.02232 -34.75598 3.166222 -32.96802 37.6236 13.8046 32.64421 -12.98086 3.166222 5.900955 49.67551 -8.602904 -36.65977 -34.16616 -8.602931 19.59554 46.12313 -8.602898 -47.9191 14.6661 13.8046 -15.57254 31.48926 8.028894 -4.277435 -49.82513 8.028894 46.06531 -19.46514 10.37792 -28.88528 11.47457 -8.602937 34.16622 -36.66107 -8.602897 -50.10482 -0.859508 -8.602921 0.859606 -50.1061 13.10171 42.11561 15.55582 -8.602933 25.79809 -42.96351 -8.602905 -34.16504 36.66047 3.166222 -48.78569 11.05971 13.86116 -38.28421 -9.749997 3.166222 49.81778 4.557289 3.166222 40.07075 -29.94723 3.166222 48.78809 -11.06 3.166222 43.65613 24.42529 3.166222 -9.739541 49.06747 3.166222 32.96951 -37.62397 3.166222 47.78108 14.81486 3.166222 -24.42568 43.65592 13.86116 -21.92778 -32.86439 13.8046 19.485 29.23127 13.86116 17.49718 -35.42274 8.028894 -46.06441 19.46521 3.166222 25.59481 42.98092 3.166222 16.09967 47.36346 -4.135641 -4.516847 49.86593 10.4267 -31.64536 -37.64507 -13.86118 24.82864 29.68574 13.10171 -31.34119 32.14652 13.86116 5.694916 -39.09596 8.028894 -37.7944 32.74731 3.166222 -20.9612 -45.42127 3.166222 37.62517 32.96802 3.166222 -47.77988 -14.81516 3.166222 -40.86369 -28.85513 13.86116 -1.576324 39.47673 -8.60291 -24.30783 -43.82281 -8.602918 -6.091327 49.74153 -8.602902 -42.96278 -25.79727 -8.602944 47.38843 16.30093 -8.602898 -47.38723 -16.30105 -8.602897 -49.74027 -6.092452 -8.602941 42.96419 25.79692 -8.602943 43.82352 -24.30892 -8.602945 49.9222 -4.382958 -8.602903 -37.81092 32.88886 -8.6029 -43.82262 24.30871 -8.602924 6.09273 -49.74176 -8.602944 47.91968 -14.66634 -8.602938 36.66156 34.16607 -8.602939 37.81234 -32.88896 -8.602945 49.74205 6.09212 -8.602898 -49.18999 9.577005 -8.602914 -14.66554 -47.9193 -8.602929 16.30236 -47.38816 -8.602934 28.75766 41.04165 -8.602928 14.66726 47.91917 -8.602909 -25.7972 42.96292 -8.602906 -32.88875 -37.81107 -8.602913 -16.30088 47.38787 8.028894 25.82622 -42.82387 10.4267 -1.671036 49.15157 -12.74217 -30.9943 5.418003 8.028894 -9.462944 -49.10509 8.028894 43.77858 -24.17367 3.166222 -49.81718 -4.557461 -13.86118 35.90542 -14.43951 13.10171 -35.24525 -27.80906 -0.02601796 -28.04346 -41.44752 -0.02605497 49.9176 -3.563207 -0.02600795 -49.91619 3.562982 -4.135646 5.948661 49.71538 -4.135657 28.84669 -40.9257 -4.13564 -5.946437 -49.71543 8.028894 39.88992 30.16009 13.10171 43.21577 -12.16925 -0.02601295 -38.28657 32.22258 -0.02603197 1.674659 -50.01568 -0.02603697 12.03759 -48.57461 -0.02601099 -44.15171 23.55749 3.166222 -4.557137 49.81632 -13.86116 -5.448139 38.31444 13.10171 34.53087 -28.69466 8.028894 24.17357 43.77744 8.028894 -19.4643 -46.0647 8.028894 11.32944 -48.70845 -4.135655 25.65461 42.99784 -4.135625 -37.68383 -32.9659 -4.135653 19.70792 -46.02883 -4.135659 34.03432 36.72446 -4.135665 47.39324 -16.15441 -4.135635 -16.15249 -47.39249</float_array>
          <technique_common>
            <accessor source="#tire25Mesh-mesh-positions-array" count="219" stride="3">
              <param name="X" type="float"/>
              <param name="Y" type="float"/>
              <param name="Z" type="float"/>
            </accessor>
          </technique_common>
        </source>
        <source id="tire25Mesh-mesh-normals">
          <float_array id="tire25Mesh-mesh-normals-array" count="657">-0.6142601 -0.6717278 -0.4140847 -0.6024262 -0.7262442 -0.3311375 -0.9822891 -0.1860752 -0.0220043 0.9299906 -0.2606977 -0.2591412 0.440024 -0.791451 -0.4242455 0.2973777 -0.6833524 -0.6667805 0.9843423 0.131447 -0.1174386 0.5404022 -0.3029328 0.7849824 0.5051208 -0.4168902 0.7556822 -0.6107816 -0.4150617 0.6742921 -0.6003371 -0.3312826 0.7279061 -0.9932846 -0.08249396 0.08112055 0.9007398 0.3154756 -0.2985681 0.4365467 0.5943005 -0.675451 0.3822893 0.7511194 -0.5382143 0.5182832 0.470398 0.7142188 0.9863415 -0.08963412 -0.1381897 0.6679052 0.5230321 0.5294716 0.9817682 -0.1619647 0.09949219 0.5054951 0.8627873 -0.008545458 0.505162 0.8598924 0.07346087 -0.5162982 0.4364287 -0.7368625 -0.5231916 0.3657122 -0.7697567 -0.980506 0.0368666 -0.1930004 -0.5459302 -0.7382632 0.3961412 -0.5170605 -0.6950803 0.4995117 -0.981394 -0.09442526 0.1671821 0.9931724 -0.1086468 0.04248207 0.5188638 -0.7894811 0.3278721 0.4962406 -0.8495908 0.1787198 0.4898723 -0.1720703 -0.8546443 0.9941553 -0.0190438 -0.106267 0.5065618 -0.2505342 -0.8250017 -0.5601158 -0.2308459 -0.7956007 -0.5369893 -0.3321734 -0.7754376 -0.9825083 -0.1323012 -0.1310499 0.6380667 -0.4747885 -0.606174 0.9951172 -0.02099734 -0.09644144 0.9655888 0.20231 0.1634289 0.9970612 0.06659281 0.03787428 0.8284657 -0.2703973 -0.4904385 0.9112203 -0.4084423 0.05340909 -0.5187112 0.6322137 0.5755387 -0.5378062 0.6718457 0.5093014 -0.9833469 0.09616476 0.1542116 -0.5879863 0.8017135 0.1073672 -0.5601087 0.8280013 0.02630704 -0.9850633 0.1633989 -0.05432385 0.497791 -0.2128986 0.8407605 0.9954456 0.005188226 0.09518945 0.6850886 0.002349913 0.728456 -0.5780375 0.09772312 0.8101376 -0.6111212 0.1513459 0.7769333 -0.9884523 0.04055982 0.1460033 -0.5908882 -0.7962234 0.1299215 -0.578734 -0.7806486 0.2359127 0.5377758 -0.8332916 -0.1281494 0.5136994 -0.8166027 -0.2631977 0.9875696 0.06738626 -0.1420056 0.9010819 0.3635457 -0.2364023 0.8077496 0.3273481 -0.4902896 0.9952585 0.008087515 -0.09692865 0.4990898 0.09131515 -0.8617256 0.4925538 0.1929441 -0.8486245 0.02234011 0.3889682 -0.9209803 0.9040622 0.4222294 -0.0662871 0.3997724 0.8481926 -0.3474929 0.3848119 0.9050664 -0.1810377 -0.5253831 0.8161367 -0.2406111 -0.5141907 0.7863932 -0.342336 -0.9878695 0.001403868 -0.1552806 -0.5555015 0.2252891 -0.8004142 -0.9859369 -0.064547 0.1541499 -0.6122038 0.2335286 0.7554277 -0.5984519 0.3190177 0.7349035 0.9963321 -0.01773166 -0.08371436 0.5480356 0.319812 0.7729019 0.5488172 0.1747499 0.8174731 0.4765654 -0.4154649 -0.7747737 0.01477146 -0.3290008 -0.9442142 0.4001399 0.8008902 -0.4454917 0.01928794 -0.489096 0.8720167 0.008606433 -0.4943513 0.8692197 0.02447599 -0.8543114 0.519185 -0.003662228 -0.8871279 0.4615092 -0.03024488 -0.7636607 0.6449091 0.9289481 0.3542992 0.107367 0.3695864 0.8767835 0.3076632 0.4660896 0.7493081 0.4704234 -0.6003195 0.7585634 0.2533733 -0.608134 0.7718718 0.1854372 -0.9861404 0.1589446 0.04757958 0.02517831 -0.09677642 -0.9949877 -0.01293987 -0.1162453 -0.9931363 0.01217693 -0.2587983 -0.9658547 -0.5952737 0.08380526 -0.7991408 -0.5701982 0.0227676 -0.8211917 0.01825028 -0.9579578 -0.2863283 0.01083439 -0.9613016 -0.2752854 -0.1326362 -0.9854022 -0.1067254 0.0190438 -0.8741844 -0.4852206 -0.01141417 -0.9135317 0.4066075 0.001983702 -0.9727857 0.2316985 0.01977646 -0.9590675 0.2824862 -0.03109848 -0.9966165 0.07608294 0.01904392 0.7316054 -0.6814624 0.01361161 0.7932296 -0.6087704 -0.01141405 0.664368 -0.7473186 -0.5278366 0.7447395 -0.4083523 -0.5376076 0.6791282 -0.499763 -0.4818393 -0.5698876 -0.6656268 -0.5277167 -0.6186045 -0.5821028 0.03528016 -0.6143822 -0.7882195 -0.005951225 -0.6951072 -0.7188817 -0.01553404 -0.5652994 -0.8247396 -0.5795943 -0.3044312 0.7559049 -0.5163274 -0.1873281 0.835652 0.01547288 -0.09363108 0.9954867 -0.02908492 0.01602262 0.9994485 -0.005493342 0.1233567 0.9923473 0.01751786 0.9190483 0.3937557 0.01345878 0.8787615 0.4770716 0.01770079 0.9568203 0.2901407 0.01748758 0.8170958 0.5762367 0.02859669 0.7497414 0.6611128 -0.01327586 0.5177589 0.8554237 0 0.3260622 0.9453483 -0.5162332 0.4956327 0.6984637 -0.5231224 0.5545263 0.6471813 0.02310305 0.1754553 -0.9842163 0.01260429 0.2387804 -0.9709919 -0.4551675 -0.1702072 -0.8739864 0.5017685 0.2872785 -0.8159042 0.9937071 0.03054976 -0.1077635 -0.01794528 0.9675217 -0.2521502 -0.005310356 0.9761381 -0.2170857 -0.02850514 0.9961864 -0.08246362 -0.006347954 0.9959601 0.0895735 -0.9838039 -0.1788401 -0.01208543 0.914978 -0.2927442 0.277698 -0.002472043 -0.8069058 0.5906749 0.537963 -0.7451583 0.3941257 -0.5717121 -0.8135751 -0.1060229 -0.6109557 -0.7913522 -0.02224814 0.01782286 0.5794876 -0.8147862 0.009247362 0.5757788 -0.8175534 -0.002594113 0.4407303 -0.8976359 0.4955457 0.3708124 -0.7854508 0.4886447 0.4564774 -0.7435421 0.01507663 -0.2956733 0.9551702 0.0446791 -0.09335619 0.9946298 0.01464927 0.9502498 -0.3111445 -0.005188226 0.9040964 -0.4272972 0.01742643 0.8587786 -0.5120504 0.01898252 0.1063878 0.9941436 0.0207836 0.2783359 0.9602589 0.01989865 0.9818095 0.1888236 0.03344893 0.6828048 0.7298348 4.88297e-4 -0.9961567 -0.08758831 0.5147969 -0.8557261 0.05212664 -0.4841629 -0.6663343 0.5670846 -0.5232866 -0.5855463 0.6191177 0.01690787 -0.6615442 0.7497155 0.01471036 -0.7445538 -0.6674005 -0.5667388 -0.6833521 -0.4602578 -0.01327568 -0.3167858 -0.9484042 -0.02258414 -0.4356612 -0.8998274 0.01409995 -0.645395 0.763719 0.3775212 -0.61615 0.6912575 -0.5371125 0.5731865 -0.6188437 -0.5335389 0.5173332 -0.6691058 0.9894097 -0.1439907 0.01831161 -0.5765039 0.7185088 0.3890867 -0.6107562 0.7140342 0.3422456 -0.529482 0.8441987 -0.08353173 -0.4926016 0.856323 -0.1550958 -0.5488319 -0.7693658 0.3268942 -0.004882991 0.1003455 -0.9949406 -0.01611405 0.298019 -0.9544239 0.5060762 -0.05084562 -0.8609888 0.02505612 0.5112252 0.8590816 0.01236027 0.680762 0.7324005 -0.556823 -0.4616946 0.6904972 -0.009155809 -0.9155529 -0.4020937 0.00915569 -0.8209331 -0.5709512 -0.01434385 -0.1847615 0.9826787 0.004577815 -0.7425271 -0.6698004 -0.5335695 -0.4009019 -0.7447022 -0.5085467 -0.5038467 -0.6982255 0.04696851 -0.5062778 -0.8610904 0.3864067 -0.7099738 0.5887506 -0.5231856 -0.1099291 0.845099 -0.5187653 -0.004699945 0.8549038 -0.6087659 -0.7475671 -0.2656083 -0.592476 -0.7883199 -0.1659042 0.433526 0.7454329 0.506345 -0.6142282 0.1861667 -0.7668544 -0.5658547 -0.1600727 -0.8088173 -0.6012593 -0.05176055 -0.7973758 -0.5733591 0.3590857 0.7364217 0.5165115 -0.3287252 -0.7906679 -0.5601482 0.6328752 -0.5345121 0.06686657 -0.9975666 -0.01974558 -0.5934343 -0.8004115 0.08471959 0.5053361 0.1223818 0.8542004 0.9174702 0.3976966 0.00927782 0.9686627 -0.1940743 0.1550092 0.7819039 -0.5780656 0.2333809 0.8924652 -0.3093705 0.3283227 0.9275055 0.2030435 0.3138582 0.8558112 0.4055963 0.3210589 0.04690825 0.9988682 -0.007873952 0.555114 0.3951628 0.7319118 0.9301766 -0.05209696 0.363397 0.01205492 0.6267651 0.7791152 0.91377 -0.04300129 -0.4039497 -0.9859456 -0.130499 0.1043138 0.9654093 -0.2435115 0.09320515 -0.006073236 0.4485965 0.8937138</float_array>
          <technique_common>
            <accessor source="#tire25Mesh-mesh-normals-array" count="219" stride="3">
              <param name="X" type="float"/>
              <param name="Y" type="float"/>
              <param name="Z" type="float"/>
            </accessor>
          </technique_common>
        </source>
        <vertices id="tire25Mesh-mesh-vertices">
          <input semantic="POSITION" source="#tire25Mesh-mesh-positions"/>
        </vertices>
        <polylist material="tire_001-material" count="420">
          <input semantic="VERTEX" source="#tire25Mesh-mesh-vertices" offset="0"/>
          <input semantic="NORMAL" source="#tire25Mesh-mesh-normals" offset="1"/>
          <vcount>3 3 3 3 3 3 3 3 3 3 3 3 3 3 3 3 3 3 3 3 3 3 3 3 3 3 3 3 3 3 3 3 3 3 3 3 3 3 3 3 3 3 3 3 3 3 3 3 3 3 3 3 3 3 3 3 3 3 3 3 3 3 3 3 3 3 3 3 3 3 3 3 3 3 3 3 3 3 3 3 3 3 3 3 3 3 3 3 3 3 3 3 3 3 3 3 3 3 3 3 3 3 3 3 3 3 3 3 3 3 3 3 3 3 3 3 3 3 3 3 3 3 3 3 3 3 3 3 3 3 3 3 3 3 3 3 3 3 3 3 3 3 3 3 3 3 3 3 3 3 3 3 3 3 3 3 3 3 3 3 3 3 3 3 3 3 3 3 3 3 3 3 3 3 3 3 3 3 3 3 3 3 3 3 3 3 3 3 3 3 3 3 3 3 3 3 3 3 3 3 3 3 3 3 3 3 3 3 3 3 3 3 3 3 3 3 3 3 3 3 3 3 3 3 3 3 3 3 3 3 3 3 3 3 3 3 3 3 3 3 3 3 3 3 3 3 3 3 3 3 3 3 3 3 3 3 3 3 3 3 3 3 3 3 3 3 3 3 3 3 3 3 3 3 3 3 3 3 3 3 3 3 3 3 3 3 3 3 3 3 3 3 3 3 3 3 3 3 3 3 3 3 3 3 3 3 3 3 3 3 3 3 3 3 3 3 3 3 3 3 3 3 3 3 3 3 3 3 3 3 3 3 3 3 3 3 3 3 3 3 3 3 3 3 3 3 3 3 3 3 3 3 3 3 3 3 3 3 3 3 3 3 3 3 3 3 3 3 3 3 3 3 3 3 3 3 3 3 3 3 3 3 3 3 3 3 3 3 3 3 3 3 3 3 3 3 3 3 3 3 3 3 3 3 3 3 3 3 3 3 3 3 3 3 3 3 3 3 3 3 </vcount>
          <p>165 0 71 1 15 2 194 3 98 4 65 5 126 6 100 7 47 8 184 9 84 10 32 11 209 12 81 13 37 14 40 15 147 16 72 17 95 18 101 19 39 20 134 21 73 22 119 23 173 24 42 25 110 26 83 27 149 28 11 29 190 30 96 31 77 32 180 33 82 34 106 35 153 36 146 37 88 38 111 39 44 40 18 41 176 42 104 43 154 44 178 45 97 46 193 47 36 48 162 49 188 50 102 51 68 52 76 53 179 54 125 55 110 26 83 27 41 56 63 57 74 58 129 59 59 60 156 61 117 62 212 63 215 64 73 22 134 21 202 65 128 66 31 67 175 68 86 69 193 47 53 70 119 23 181 71 76 53 208 72 102 51 183 73 124 74 76 53 115 75 91 76 80 77 17 78 146 37 153 36 218 79 82 34 180 33 191 80 202 65 209 12 61 81 145 82 100 7 112 83 206 84 203 85 133 86 69 87 27 88 166 89 103 90 2 91 200 92 56 93 45 94 174 95 132 96 53 70 113 97 160 98 94 99 89 100 71 1 165 0 11 29 149 28 92 101 136 102 52 103 197 104 24 105 139 106 143 107 170 108 78 109 193 47 185 110 123 111 106 35 114 112 7 113 195 114 186 115 70 116 208 72 152 117 64 118 122 119 9 120 141 121 144 122 50 123 159 124 141 121 150 125 151 126 91 76 182 127 60 128 154 44 56 93 200 92 116 129 116 129 205 130 204 131 35 132 148 133 156 61 90 134 140 135 128 66 196 136 138 137 101 19 110 26 189 138 179 54 47 8 155 139 126 6 67 140 92 101 33 141 168 142 131 143 189 138 113 97 94 99 197 104 199 144 13 145 55 146 148 133 118 147 187 148 100 7 10 149 61 81 207 150 152 117 10 149 217 151 62 152 5 153 139 106 24 105 5 153 198 154 122 119 3 155 80 77 91 76 151 126 144 122 20 156 9 120 138 137 196 136 20 156 109 157 150 125 40 15 40 15 72 17 109 157 197 104 192 158 99 159 83 27 99 159 41 56 172 160 135 161 110 26 112 83 203 85 6 162 214 163 123 111 185 110 43 164 214 163 89 100 91 76 115 75 147 16 190 30 77 32 108 165 195 114 158 166 114 112 193 47 2 91 178 45 6 162 120 167 145 82 155 139 47 8 19 168 13 145 199 144 24 105 130 169 48 170 119 23 63 57 137 171 83 27 169 172 105 173 2 91 141 121 9 120 50 123 171 174 14 175 193 47 140 135 90 134 196 136 52 103 125 55 179 54 23 176 52 103 112 83 15 2 106 35 43 164 101 19 95 18 202 65 0 177 93 178 212 63 55 146 13 145 118 147 116 129 204 131 56 93 96 31 127 179 117 62 77 32 96 31 146 37 124 74 3 155 213 180 182 127 213 180 216 181 100 7 126 6 162 49 216 181 60 128 182 127 176 42 216 181 50 123 145 82 61 81 6 162 135 161 85 182 110 26 209 12 37 14 191 80 5 153 62 152 139 106 22 183 161 184 98 4 192 158 160 98 63 57 36 48 188 50 207 150 142 185 207 150 10 149 107 186 114 112 153 36 65 5 98 4 161 184 163 187 25 188 106 35 185 110 66 189 214 163 120 167 6 162 203 85 33 141 157 190 67 140 68 52 198 154 3 155 3 155 124 74 183 73 20 156 144 122 138 137 133 86 39 20 69 87 70 116 10 149 152 117 164 191 26 192 208 72 71 1 89 100 113 97 167 193 1 194 15 2 141 121 159 124 201 195 27 88 111 39 133 86 181 71 215 64 116 129 181 71 29 196 53 70 149 28 83 27 74 58 155 139 157 190 33 141 75 197 200 92 218 79 21 198 75 197 106 35 154 44 76 53 28 199 146 37 17 78 211 200 211 200 17 78 158 166 78 109 5 153 24 105 177 201 130 169 119 23 179 54 79 202 52 103 131 143 34 203 189 138 64 118 38 204 122 119 115 75 80 77 38 204 143 107 13 145 24 105 148 133 187 148 81 13 82 34 218 79 66 189 66 189 25 188 163 187 83 27 137 171 12 205 129 59 74 58 83 27 84 10 61 81 10 149 10 149 70 116 186 115 85 182 6 162 61 81 61 81 84 10 184 9 86 69 217 151 5 153 5 153 78 109 170 108 87 206 54 207 4 208 81 13 209 12 148 133 98 4 194 3 137 171 88 38 30 209 49 210 160 98 113 97 89 100 89 100 161 184 22 183 14 175 51 211 217 151 217 151 86 69 175 68 147 16 40 15 210 212 210 212 40 15 150 125 52 103 136 102 92 101 206 84 112 83 52 103 55 146 118 147 93 178 205 130 116 129 215 64 63 57 41 56 192 158 99 159 192 158 41 56 18 41 133 86 111 39 95 18 18 41 54 207 117 62 156 61 96 31 96 31 57 213 30 209 51 211 14 175 171 174 51 211 97 46 178 45 98 4 63 57 22 183 137 171 63 57 98 4 197 104 99 159 136 102 83 27 11 29 99 159 10 149 100 7 142 185 162 49 36 48 100 7 196 136 101 19 140 135 202 65 31 67 101 19 26 192 102 51 208 72 122 119 198 154 152 117 20 156 103 90 166 89 178 45 20 156 51 211 169 172 50 123 9 120 50 123 104 43 176 42 9 120 105 173 169 172 166 89 9 120 20 156 106 35 53 70 21 198 106 35 15 2 53 70 7 113 114 112 107 186 214 163 161 184 89 100 45 94 56 93 108 165 218 79 158 166 195 114 216 181 159 124 50 123 16 214 150 125 109 157 32 11 189 138 110 26 32 11 110 26 85 182 111 39 72 17 147 16 111 39 27 88 201 195 172 160 112 83 6 162 112 83 42 25 173 24 113 97 1 194 167 193 168 142 113 97 79 202 114 112 158 166 17 78 17 78 153 36 114 112 115 75 8 215 44 40 38 204 162 49 115 75 116 129 29 196 181 71 116 129 132 96 174 95 127 179 0 177 117 62 212 63 117 62 0 177 118 147 35 132 93 178 118 147 148 133 35 132 53 70 46 216 119 23 119 23 193 47 78 109 120 167 67 140 157 190 145 82 120 167 19 168 54 207 87 206 121 217 54 207 121 217 95 18 38 204 80 77 122 119 151 126 122 119 80 77 214 163 43 164 123 111 123 111 43 164 106 35 124 74 28 199 76 53 213 180 28 199 124 74 52 103 23 176 125 55 125 55 23 176 110 26 59 60 162 49 126 6 59 60 126 6 74 58 108 165 56 93 190 30 127 179 56 93 204 131 139 106 62 152 191 80 128 66 62 152 90 134 83 27 12 205 129 59 24 105 130 169 177 201 130 169 24 105 199 144 79 202 131 143 168 142 79 202 34 203 131 143 132 96 21 198 53 70 132 96 116 129 200 92 18 41 95 18 133 86 39 20 133 86 95 18 48 170 134 21 119 23 134 21 199 144 215 64 6 162 85 182 135 161 6 162 135 161 172 160 92 101 136 102 11 29 99 159 11 29 136 102 49 210 137 171 88 38 137 171 49 210 12 205 101 19 138 137 39 20 69 87 39 20 138 137 191 80 37 14 139 106 143 107 139 106 37 14 101 19 31 67 140 135 128 66 140 135 31 67 201 195 27 88 141 121 144 122 141 121 27 88 100 7 36 48 142 185 207 150 142 185 36 48 37 14 81 13 143 107 13 145 143 107 81 13 27 88 69 87 144 122 138 137 144 122 69 87 100 7 145 82 47 8 19 168 47 8 145 82 30 209 88 38 146 37 30 209 146 37 96 31 44 40 147 16 115 75 44 40 111 39 147 16 4 208 148 133 87 206 4 208 156 61 148 133 74 58 33 141 149 28 149 28 33 141 92 101 58 218 151 126 150 125 150 125 16 214 58 218 3 155 122 119 151 126 151 126 58 218 3 155 26 192 152 117 198 154 152 117 26 192 164 191 194 3 65 5 153 36 153 36 65 5 107 186 2 91 154 44 169 172 2 91 76 53 154 44 155 139 74 58 126 6 74 58 155 139 33 141 57 213 96 31 156 61 156 61 4 208 57 213 155 139 19 168 157 190 157 190 19 168 120 167 108 165 158 166 45 94 158 166 108 165 211 200 109 157 159 124 16 214 159 124 109 157 72 17 160 98 22 183 63 57 22 183 160 98 89 100 107 186 161 184 7 113 161 184 107 186 65 5 8 215 115 75 162 49 162 49 59 60 8 215 66 189 163 187 82 34 82 34 163 187 106 35 152 117 164 191 70 116 70 116 164 191 208 72 89 100 165 0 43 164 43 164 165 0 15 2 9 120 166 89 105 173 105 173 166 89 2 91 71 1 167 193 15 2 113 97 167 193 71 1 113 97 168 142 1 194 1 194 168 142 15 2 104 43 169 172 154 44 50 123 169 172 104 43 86 69 170 108 193 47 5 153 170 108 86 69 97 46 171 174 193 47 51 211 171 174 97 46 42 25 172 160 110 26 112 83 172 160 42 25 112 83 173 24 23 176 23 176 173 24 110 26 116 129 174 95 29 196 29 196 174 95 53 70 217 151 175 68 14 175 14 175 175 68 193 47 216 181 176 42 60 128 60 128 176 42 154 44 24 105 177 201 78 109 78 109 177 201 119 23 20 156 178 45 103 90 103 90 178 45 2 91 34 203 179 54 189 138 79 202 179 54 34 203 218 79 180 33 75 197 75 197 180 33 106 35 215 64 181 71 73 22 73 22 181 71 119 23 213 180 182 127 28 199 28 199 182 127 154 44 3 155 183 73 68 52 68 52 183 73 76 53 61 81 184 9 85 182 85 182 184 9 32 11 25 188 185 110 106 35 66 189 185 110 25 188 84 10 186 115 32 11 10 149 186 115 84 10 118 147 13 145 187 148 81 13 187 148 13 145 38 204 207 150 188 50 162 49 38 204 188 50 189 138 15 2 168 142 96 31 190 30 127 179 127 179 190 30 56 93 202 65 191 80 128 66 128 66 191 80 62 152 94 99 160 98 192 158 192 158 197 104 94 99 193 47 119 23 46 216 46 216 2 91 193 47 194 3 88 38 137 171 88 38 194 3 153 36 195 114 66 189 218 79 66 189 195 114 7 113 196 136 51 211 20 156 51 211 196 136 90 134 79 202 197 104 52 103 197 104 79 202 113 97 198 154 102 51 26 192 198 154 68 52 102 51 199 144 48 170 130 169 199 144 134 21 48 170 200 92 75 197 21 198 200 92 21 198 132 96 111 39 201 195 72 17 72 17 201 195 159 124 202 65 121 217 87 206 121 217 202 65 95 18 67 140 203 85 206 84 203 85 67 140 120 167 0 177 204 131 205 130 204 131 0 177 127 179 205 130 93 178 0 177 93 178 205 130 55 146 92 101 206 84 52 103 206 84 92 101 67 140 152 117 207 150 64 118 38 204 64 118 207 150 208 72 32 11 186 115 76 53 32 11 208 72 209 12 87 206 148 133 87 206 209 12 202 65 91 76 210 212 150 125 210 212 91 76 147 16 77 32 211 200 108 165 211 200 77 32 146 37 35 132 212 63 93 178 212 63 35 132 156 61 58 218 213 180 3 155 213 180 58 218 16 214 7 113 214 163 66 189 214 163 7 113 161 184 55 146 215 64 199 144 215 64 55 146 205 130 16 214 216 181 213 180 216 181 16 214 159 124 90 134 217 151 51 211 217 151 90 134 62 152 45 94 218 79 200 92 218 79 45 94 158 166</p>
        </polylist>
      </mesh>
    </geometry>
    <geometry id="rim_detail1Mesh-mesh" name="rim_detail1Mesh">
      <mesh>
        <source id="rim_detail1Mesh-mesh-positions">
          <float_array id="rim_detail1Mesh-mesh-positions-array" count="234">-7.612457 0.125002 11.59869 -7.661953 -1.688705 -11.45494 3.119572 -7.141636 5.077199 2.28496 10.63541 5.510415 1.795862 -7.307862 -9.817027 2.09252 3.572763 -11.54297 -7.296278 11.72139 5.9e-5 7.293375 -4.362947 4.188625 3.476581 7.907586 -2.592544 -7.913322 -10.9033 -3.584141 3.251877 -1.561832 8.496643 1.67613 -11.71412 -3.749364 7.845749 4.27787 2.345803 2.099807 3.858871 12.42328 -7.350898 7.276825 -9.84692 7.277621 -4.95951 -3.389799 3.346331 2.417898 -8.083306 -7.277616 9.968861 7.15424 -7.740954 -7.028384 9.846927 3.119572 -7.141636 -4.976455 1.840158 -5.684448 10.81146 2.285208 10.63541 -5.510405 1.722485 -9.991795 7.132102 3.93446 3.812294 5.609612 -7.740955 -7.028384 -9.846923 3.220922 -2.866482 -8.08325 1.99019 -0.176958 -12.13616 7.512291 3.911488 -4.087885 2.173972 8.758116 1.463008 3.080751 -8.774397 0.05037796 1.659805 -12.30794 9.4e-5 -7.877779 -12.04487 5.1e-5 2.317032 11.80881 1.898843 7.427177 0.689499 5.830594 1.990277 -0.176897 12.13625 -7.230501 11.69767 -3.761193 -7.443331 3.88451 -11.57576 -7.814386 -9.720724 7.154236 -7.39526 5.648287 10.84402 3.346331 2.417936 8.184005 2.224232 8.403527 -8.582297 7.689747 -1.016647 -4.943355 3.40295 4.801366 -6.868685 2.112192 6.213603 6.457907 4.000384 6.308196 2.173877 -7.814386 -9.720724 -7.154191 7.550023 5.339549 -1.758293 2.1852 6.955898 9.819715 1.887871 -3.926348 -11.54138 1.722775 -9.991321 -7.132061 1.675626 -11.7142 3.74947 3.191494 -4.105711 7.669961 -7.230501 11.69767 3.761199 -2.441598 10.56173 -7.694664 2.152726 7.881167 -4.073894 -2.720345 -0.02673095 -13.09082 3.645688 -7.095614 0.05038499 3.7992 -1.300125 -6.735918 2.317175 11.80881 -1.898754 2.224438 8.403527 8.582312 3.699064 -5.08308 -4.80818 3.7992 -1.300125 6.836699 -2.82667 -4.071026 12.45019 7.255662 -5.790571 1.859052 -3.064869 -13.11476 6.1e-5 3.720727 -4.263705 5.609608 -7.510495 3.864317 11.51047 -7.861508 -11.44927 3.761195 -7.648542 -3.636081 11.57579 -2.375679 13.06162 5.6e-5 3.956085 4.631622 -4.808176 3.40295 4.801632 6.969366 -2.999063 -10.61529 -7.694535 -2.999162 -10.61536 7.694515 -2.441189 10.56173 7.694635 3.476581 7.907623 2.693278 -7.277616 9.96886 -7.154242 4.000384 6.308196 -2.073095</float_array>
          <technique_common>
            <accessor source="#rim_detail1Mesh-mesh-positions-array" count="78" stride="3">
              <param name="X" type="float"/>
              <param name="Y" type="float"/>
              <param name="Z" type="float"/>
            </accessor>
          </technique_common>
        </source>
        <source id="rim_detail1Mesh-mesh-normals">
          <float_array id="rim_detail1Mesh-mesh-normals-array" count="276">0.5926413 -0.8050816 0.02490317 0.5407636 -0.8118931 0.2200103 0.00250256 -0.8044615 0.5939996 0.01696842 0.9998561 0 0.03781366 0.7811166 -0.6232392 -0.6832742 0.7035087 -0.1954784 0.7170497 0.4142377 -0.5605775 0.7293182 0.663885 -0.1653837 0.8026428 -0.09396719 -0.5890117 -0.7369158 0.1612632 0.6564673 0.5671281 -0.07846343 0.8198837 0.547234 0.2255955 0.8060036 -0.01962393 -0.999783 -0.006988883 -0.7326055 -0.6450163 0.2173554 0.7499482 0.5976269 -0.2835843 0.7194623 0.422662 -0.5511178 0.7924535 -0.08530026 -0.6039383 -0.01822012 -0.8009245 -0.5984883 -0.0330829 -0.02942061 -0.9990196 0.5488322 -0.3072398 -0.7774233 -0.6875655 0.3770638 0.6205455 0.7771681 0.3546621 0.5198313 0.7619569 -0.09989124 0.6398778 0.7179073 0.1084964 0.687632 0.7584633 -0.6517071 -0.003387629 0.7577649 -0.4616967 -0.4611168 0.7064886 -0.571838 -0.4169836 0.8227756 0.488709 0.2901795 0.7508326 0.6467928 -0.1338266 -0.5716463 -0.7790516 -0.2574865 -0.001525878 -0.2789706 0.9602985 0.6000329 -0.6290258 0.4942542 0.751544 -0.428403 0.5016499 0.7212944 -0.4800389 0.4992966 0.5543869 -0.4689322 -0.687574 0.5982165 -0.6681372 -0.4424135 0.944269 -0.2760171 -0.1793622 0.9398854 -0.3413825 -0.008575737 0.7800711 0.5895702 0.2095144 0.7416867 0.6442071 -0.1868103 0.9314259 0.08893394 0.3528975 0.8971841 0.3689207 0.2428137 0.7197465 0.4702479 0.510717 0.7603827 0.452903 0.4655075 0.02160787 0.8059926 0.5915312 -0.999268 0.03664118 -0.01099568 -0.5360387 -0.1456985 -0.8315254 -0.666396 0.2615227 -0.698228 0.7127712 -0.675477 0.1889126 0.8994643 0.3808196 -0.2143369 0.8717166 0.3633908 -0.3287211 0.6025465 0.3055917 -0.7372595 0.6493555 -0.02078348 -0.760201 0.9396928 0.091955 -0.3294265 -0.9991427 0.0395354 0.01229107 -0.6236636 0.7816929 -9.15581e-5 -0.6832702 0.7035046 0.1955078 -0.999839 0.01594424 0.008231401 -0.5778831 0.02649074 0.8156895 -0.7177274 -0.1497287 0.6800358 0.9450224 -0.1196346 -0.304336 0.943988 -0.2841333 0.1677943 0.9396942 -0.1771044 0.29259 0.5802024 -0.4161306 0.7001432 0.9404433 -0.07287937 0.3320468 0.7514237 0.6461309 0.1337065 0.9021183 0.4287343 0.04867815 -0.9996484 0.005029857 -0.02603679 -0.6737753 -0.3611658 -0.6446598 0.7511979 0.4214082 -0.508052 0.5429065 -0.7880674 -0.2901768 -0.9999001 0.01170563 0.007923305 -0.733012 -0.678474 -0.0486477 0.7488585 0.5986717 0.2842592 -0.9991451 0.0394783 -0.01227688 -0.6556819 0.4141807 -0.6312968 -0.7266089 -0.3922675 0.5640619 -0.9997699 0.02029037 0.006976664 -0.998993 0.04158526 0.01684331 0.6645569 0.405662 0.627537 0.6682513 0.6937655 0.2685701 0.6671822 0.7182714 -0.1973682 -0.9997964 0.009416937 -0.01784873 -0.9979031 0.06221789 0.0178442 -0.718182 0.5690643 -0.4004753 -0.9940595 0.02460432 -0.1060221 -0.9999122 -0.0117225 0.006182014 -0.9993426 0.009374856 0.03502255 -0.731971 -0.571654 -0.3707159 -0.7523919 -0.5252979 0.3974527 -0.7110919 0.5587107 0.4268382 -0.9979031 0.06221717 -0.01784366</float_array>
          <technique_common>
            <accessor source="#rim_detail1Mesh-mesh-normals-array" count="92" stride="3">
              <param name="X" type="float"/>
              <param name="Y" type="float"/>
              <param name="Z" type="float"/>
            </accessor>
          </technique_common>
        </source>
        <vertices id="rim_detail1Mesh-mesh-vertices">
          <input semantic="POSITION" source="#rim_detail1Mesh-mesh-positions"/>
        </vertices>
        <polylist material="black_001-material" count="150">
          <input semantic="VERTEX" source="#rim_detail1Mesh-mesh-vertices" offset="0"/>
          <input semantic="NORMAL" source="#rim_detail1Mesh-mesh-normals" offset="1"/>
          <vcount>3 3 3 3 3 3 3 3 3 3 3 3 3 3 3 3 3 3 3 3 3 3 3 3 3 3 3 3 3 3 3 3 3 3 3 3 3 3 3 3 3 3 3 3 3 3 3 3 3 3 3 3 3 3 3 3 3 3 3 3 3 3 3 3 3 3 3 3 3 3 3 3 3 3 3 3 3 3 3 3 3 3 3 3 3 3 3 3 3 3 3 3 3 3 3 3 3 3 3 3 3 3 3 3 3 3 3 3 3 3 3 3 3 3 3 3 3 3 3 3 3 3 3 3 3 3 3 3 3 3 3 3 3 3 3 3 3 3 3 3 3 3 3 3 3 3 3 3 3 3 </vcount>
          <p>30 0 50 1 73 2 69 3 53 4 35 5 27 6 46 7 41 8 66 9 34 10 13 11 64 12 73 2 67 13 21 14 40 15 53 4 27 6 41 8 57 16 72 17 55 18 48 19 13 11 38 20 66 9 23 21 61 22 33 23 56 24 60 25 15 26 33 23 12 27 23 21 53 4 69 3 58 28 72 17 64 12 9 29 62 30 73 2 22 31 61 22 65 32 7 33 4 34 49 35 72 17 19 36 29 37 30 0 44 38 23 21 12 27 46 7 27 6 77 39 39 40 43 41 47 42 47 42 59 43 74 44 6 45 14 45 1 45 1 46 36 47 55 18 7 33 41 8 12 27 15 26 63 48 56 24 54 49 42 50 5 51 48 19 26 52 16 53 17 54 6 54 0 54 6 55 52 56 69 3 18 57 0 57 9 57 0 58 68 59 62 30 49 35 4 34 25 60 16 53 25 60 48 19 2 61 51 62 20 63 34 10 10 64 13 11 58 28 32 65 28 66 40 15 21 14 54 49 50 1 30 0 29 37 20 63 22 31 2 61 47 42 43 41 59 43 43 41 28 66 32 65 45 67 9 67 1 67 24 68 1 46 55 18 25 60 19 36 49 35 60 25 57 16 41 8 55 18 36 47 5 51 42 50 26 52 5 51 57 16 70 69 27 6 70 69 77 39 27 6 77 39 44 38 46 7 28 66 54 49 21 14 29 37 2 61 22 31 65 32 56 24 63 48 64 12 72 17 49 35 30 0 11 70 19 36 9 71 67 71 37 71 31 72 9 29 64 12 69 3 74 44 3 73 32 65 3 73 43 41 7 33 12 27 33 23 33 23 61 22 7 33 62 30 34 10 66 9 34 10 20 63 51 62 35 5 6 55 69 3 6 74 76 74 14 74 36 47 53 4 40 15 36 47 1 46 14 75 73 2 62 30 18 76 9 77 37 77 18 77 0 78 38 78 17 78 13 11 74 44 38 20 61 22 51 62 65 32 47 42 10 64 39 40 40 15 5 51 36 47 5 51 40 15 54 49 15 26 60 25 41 8 41 8 7 33 15 26 70 69 57 16 16 53 26 52 42 50 16 53 43 41 39 40 71 79 71 79 75 80 43 41 28 66 43 41 75 80 75 80 8 81 28 66 1 82 24 82 45 82 55 18 72 17 24 68 12 27 41 8 46 7 12 27 46 7 44 38 74 44 13 11 47 42 47 42 13 11 10 64 48 19 4 34 72 17 4 34 48 19 25 60 49 35 11 70 64 12 11 70 49 35 19 36 50 1 22 31 73 2 22 31 50 1 29 37 51 62 10 64 34 10 10 64 51 62 61 22 74 44 69 3 52 56 52 83 6 83 17 83 53 4 36 47 14 75 14 75 76 84 53 4 54 49 28 66 8 81 8 81 42 50 54 49 5 51 26 52 55 18 26 52 48 19 55 18 60 25 56 24 29 37 2 61 29 37 56 24 25 60 16 53 57 16 57 16 60 25 25 60 21 14 58 28 28 66 58 28 21 14 53 4 3 73 59 43 43 41 59 43 3 73 74 44 29 37 19 36 60 25 19 36 25 60 60 25 71 79 39 40 61 22 39 40 10 64 61 22 20 63 34 10 62 30 22 31 20 63 62 30 63 48 7 33 65 32 63 48 15 26 7 33 73 2 64 12 30 0 11 70 30 0 64 12 56 24 65 32 2 61 51 62 2 61 65 32 66 9 0 58 62 30 0 85 66 85 38 85 9 86 31 86 67 86 67 13 31 72 64 12 0 87 18 87 68 87 68 59 18 76 62 30 32 65 58 28 69 3 3 73 32 65 69 3 42 50 8 81 70 69 16 53 42 50 70 69 61 22 23 21 71 79 75 80 71 79 23 21 45 88 24 68 72 17 9 29 45 88 72 17 37 89 67 13 73 2 18 76 37 89 73 2 38 20 74 44 17 90 52 56 17 90 74 44 23 21 44 38 75 80 8 81 75 80 44 38 35 5 53 4 76 84 6 91 35 91 76 91 77 39 70 69 8 81 44 38 77 39 8 81</p>
        </polylist>
      </mesh>
    </geometry>
    <geometry id="rim_detail1Mesh_001-mesh" name="rim_detail1Mesh.001">
      <mesh>
        <source id="rim_detail1Mesh_001-mesh-positions">
          <float_array id="rim_detail1Mesh_001-mesh-positions-array" count="234">-7.612457 0.125002 11.59869 -7.661953 -1.688705 -11.45494 3.119572 -7.141636 5.077199 2.28496 10.63541 5.510415 1.795862 -7.307862 -9.817027 2.09252 3.572763 -11.54297 -7.296278 11.72139 5.9e-5 7.293375 -4.362947 4.188625 3.476581 7.907586 -2.592544 -7.913322 -10.9033 -3.584141 3.251877 -1.561832 8.496643 1.67613 -11.71412 -3.749364 7.845749 4.27787 2.345803 2.099807 3.858871 12.42328 -7.350898 7.276825 -9.84692 7.277621 -4.95951 -3.389799 3.346331 2.417898 -8.083306 -7.277616 9.968861 7.15424 -7.740954 -7.028384 9.846927 3.119572 -7.141636 -4.976455 1.840158 -5.684448 10.81146 2.285208 10.63541 -5.510405 1.722485 -9.991795 7.132102 3.93446 3.812294 5.609612 -7.740955 -7.028384 -9.846923 3.220922 -2.866482 -8.08325 1.99019 -0.176958 -12.13616 7.512291 3.911488 -4.087885 2.173972 8.758116 1.463008 3.080751 -8.774397 0.05037796 1.659805 -12.30794 9.4e-5 -7.877779 -12.04487 5.1e-5 2.317032 11.80881 1.898843 7.427177 0.689499 5.830594 1.990277 -0.176897 12.13625 -7.230501 11.69767 -3.761193 -7.443331 3.88451 -11.57576 -7.814386 -9.720724 7.154236 -7.39526 5.648287 10.84402 3.346331 2.417936 8.184005 2.224232 8.403527 -8.582297 7.689747 -1.016647 -4.943355 3.40295 4.801366 -6.868685 2.112192 6.213603 6.457907 4.000384 6.308196 2.173877 -7.814386 -9.720724 -7.154191 7.550023 5.339549 -1.758293 2.1852 6.955898 9.819715 1.887871 -3.926348 -11.54138 1.722775 -9.991321 -7.132061 1.675626 -11.7142 3.74947 3.191494 -4.105711 7.669961 -7.230501 11.69767 3.761199 -2.441598 10.56173 -7.694664 2.152726 7.881167 -4.073894 -2.720345 -0.02673095 -13.09082 3.645688 -7.095614 0.05038499 3.7992 -1.300125 -6.735918 2.317175 11.80881 -1.898754 2.224438 8.403527 8.582312 3.699064 -5.08308 -4.80818 3.7992 -1.300125 6.836699 -2.82667 -4.071026 12.45019 7.255662 -5.790571 1.859052 -3.064869 -13.11476 6.1e-5 3.720727 -4.263705 5.609608 -7.510495 3.864317 11.51047 -7.861508 -11.44927 3.761195 -7.648542 -3.636081 11.57579 -2.375679 13.06162 5.6e-5 3.956085 4.631622 -4.808176 3.40295 4.801632 6.969366 -2.999063 -10.61529 -7.694535 -2.999162 -10.61536 7.694515 -2.441189 10.56173 7.694635 3.476581 7.907623 2.693278 -7.277616 9.96886 -7.154242 4.000384 6.308196 -2.073095</float_array>
          <technique_common>
            <accessor source="#rim_detail1Mesh_001-mesh-positions-array" count="78" stride="3">
              <param name="X" type="float"/>
              <param name="Y" type="float"/>
              <param name="Z" type="float"/>
            </accessor>
          </technique_common>
        </source>
        <source id="rim_detail1Mesh_001-mesh-normals">
          <float_array id="rim_detail1Mesh_001-mesh-normals-array" count="276">0.5926413 -0.8050816 0.02490317 0.5407636 -0.8118931 0.2200103 0.00250256 -0.8044615 0.5939996 0.01696842 0.9998561 0 0.03781366 0.7811166 -0.6232392 -0.6832742 0.7035087 -0.1954784 0.7170497 0.4142377 -0.5605775 0.7293182 0.663885 -0.1653837 0.8026428 -0.09396719 -0.5890117 -0.7369158 0.1612632 0.6564673 0.5671281 -0.07846343 0.8198837 0.547234 0.2255955 0.8060036 -0.01962393 -0.999783 -0.006988883 -0.7326055 -0.6450163 0.2173554 0.7499482 0.5976269 -0.2835843 0.7194623 0.422662 -0.5511178 0.7924535 -0.08530026 -0.6039383 -0.01822012 -0.8009245 -0.5984883 -0.0330829 -0.02942061 -0.9990196 0.5488322 -0.3072398 -0.7774233 -0.6875655 0.3770638 0.6205455 0.7771681 0.3546621 0.5198313 0.7619569 -0.09989124 0.6398778 0.7179073 0.1084964 0.687632 0.7584633 -0.6517071 -0.003387629 0.7577649 -0.4616967 -0.4611168 0.7064886 -0.571838 -0.4169836 0.8227756 0.488709 0.2901795 0.7508326 0.6467928 -0.1338266 -0.5716463 -0.7790516 -0.2574865 -0.001525878 -0.2789706 0.9602985 0.6000329 -0.6290258 0.4942542 0.751544 -0.428403 0.5016499 0.7212944 -0.4800389 0.4992966 0.5543869 -0.4689322 -0.687574 0.5982165 -0.6681372 -0.4424135 0.944269 -0.2760171 -0.1793622 0.9398854 -0.3413825 -0.008575737 0.7800711 0.5895702 0.2095144 0.7416867 0.6442071 -0.1868103 0.9314259 0.08893394 0.3528975 0.8971841 0.3689207 0.2428137 0.7197465 0.4702479 0.510717 0.7603827 0.452903 0.4655075 0.02160787 0.8059926 0.5915312 -0.999268 0.03664118 -0.01099568 -0.5360387 -0.1456985 -0.8315254 -0.666396 0.2615227 -0.698228 0.7127712 -0.675477 0.1889126 0.8994643 0.3808196 -0.2143369 0.8717166 0.3633908 -0.3287211 0.6025465 0.3055917 -0.7372595 0.6493555 -0.02078348 -0.760201 0.9396928 0.091955 -0.3294265 -0.9991427 0.0395354 0.01229107 -0.6236636 0.7816929 -9.15581e-5 -0.6832702 0.7035046 0.1955078 -0.999839 0.01594424 0.008231401 -0.5778831 0.02649074 0.8156895 -0.7177274 -0.1497287 0.6800358 0.9450224 -0.1196346 -0.304336 0.943988 -0.2841333 0.1677943 0.9396942 -0.1771044 0.29259 0.5802024 -0.4161306 0.7001432 0.9404433 -0.07287937 0.3320468 0.7514237 0.6461309 0.1337065 0.9021183 0.4287343 0.04867815 -0.9996484 0.005029857 -0.02603679 -0.6737753 -0.3611658 -0.6446598 0.7511979 0.4214082 -0.508052 0.5429065 -0.7880674 -0.2901768 -0.9999001 0.01170563 0.007923305 -0.733012 -0.678474 -0.0486477 0.7488585 0.5986717 0.2842592 -0.9991451 0.0394783 -0.01227688 -0.6556819 0.4141807 -0.6312968 -0.7266089 -0.3922675 0.5640619 -0.9997699 0.02029037 0.006976664 -0.998993 0.04158526 0.01684331 0.6645569 0.405662 0.627537 0.6682513 0.6937655 0.2685701 0.6671822 0.7182714 -0.1973682 -0.9997964 0.009416937 -0.01784873 -0.9979031 0.06221789 0.0178442 -0.718182 0.5690643 -0.4004753 -0.9940595 0.02460432 -0.1060221 -0.9999122 -0.0117225 0.006182014 -0.9993426 0.009374856 0.03502255 -0.731971 -0.571654 -0.3707159 -0.7523919 -0.5252979 0.3974527 -0.7110919 0.5587107 0.4268382 -0.9979031 0.06221717 -0.01784366</float_array>
          <technique_common>
            <accessor source="#rim_detail1Mesh_001-mesh-normals-array" count="92" stride="3">
              <param name="X" type="float"/>
              <param name="Y" type="float"/>
              <param name="Z" type="float"/>
            </accessor>
          </technique_common>
        </source>
        <vertices id="rim_detail1Mesh_001-mesh-vertices">
          <input semantic="POSITION" source="#rim_detail1Mesh_001-mesh-positions"/>
        </vertices>
        <polylist material="black_001-material" count="150">
          <input semantic="VERTEX" source="#rim_detail1Mesh_001-mesh-vertices" offset="0"/>
          <input semantic="NORMAL" source="#rim_detail1Mesh_001-mesh-normals" offset="1"/>
          <vcount>3 3 3 3 3 3 3 3 3 3 3 3 3 3 3 3 3 3 3 3 3 3 3 3 3 3 3 3 3 3 3 3 3 3 3 3 3 3 3 3 3 3 3 3 3 3 3 3 3 3 3 3 3 3 3 3 3 3 3 3 3 3 3 3 3 3 3 3 3 3 3 3 3 3 3 3 3 3 3 3 3 3 3 3 3 3 3 3 3 3 3 3 3 3 3 3 3 3 3 3 3 3 3 3 3 3 3 3 3 3 3 3 3 3 3 3 3 3 3 3 3 3 3 3 3 3 3 3 3 3 3 3 3 3 3 3 3 3 3 3 3 3 3 3 3 3 3 3 3 3 </vcount>
          <p>30 0 50 1 73 2 69 3 53 4 35 5 27 6 46 7 41 8 66 9 34 10 13 11 64 12 73 2 67 13 21 14 40 15 53 4 27 6 41 8 57 16 72 17 55 18 48 19 13 11 38 20 66 9 23 21 61 22 33 23 56 24 60 25 15 26 33 23 12 27 23 21 53 4 69 3 58 28 72 17 64 12 9 29 62 30 73 2 22 31 61 22 65 32 7 33 4 34 49 35 72 17 19 36 29 37 30 0 44 38 23 21 12 27 46 7 27 6 77 39 39 40 43 41 47 42 47 42 59 43 74 44 6 45 14 45 1 45 1 46 36 47 55 18 7 33 41 8 12 27 15 26 63 48 56 24 54 49 42 50 5 51 48 19 26 52 16 53 17 54 6 54 0 54 6 55 52 56 69 3 18 57 0 57 9 57 0 58 68 59 62 30 49 35 4 34 25 60 16 53 25 60 48 19 2 61 51 62 20 63 34 10 10 64 13 11 58 28 32 65 28 66 40 15 21 14 54 49 50 1 30 0 29 37 20 63 22 31 2 61 47 42 43 41 59 43 43 41 28 66 32 65 45 67 9 67 1 67 24 68 1 46 55 18 25 60 19 36 49 35 60 25 57 16 41 8 55 18 36 47 5 51 42 50 26 52 5 51 57 16 70 69 27 6 70 69 77 39 27 6 77 39 44 38 46 7 28 66 54 49 21 14 29 37 2 61 22 31 65 32 56 24 63 48 64 12 72 17 49 35 30 0 11 70 19 36 9 71 67 71 37 71 31 72 9 29 64 12 69 3 74 44 3 73 32 65 3 73 43 41 7 33 12 27 33 23 33 23 61 22 7 33 62 30 34 10 66 9 34 10 20 63 51 62 35 5 6 55 69 3 6 74 76 74 14 74 36 47 53 4 40 15 36 47 1 46 14 75 73 2 62 30 18 76 9 77 37 77 18 77 0 78 38 78 17 78 13 11 74 44 38 20 61 22 51 62 65 32 47 42 10 64 39 40 40 15 5 51 36 47 5 51 40 15 54 49 15 26 60 25 41 8 41 8 7 33 15 26 70 69 57 16 16 53 26 52 42 50 16 53 43 41 39 40 71 79 71 79 75 80 43 41 28 66 43 41 75 80 75 80 8 81 28 66 1 82 24 82 45 82 55 18 72 17 24 68 12 27 41 8 46 7 12 27 46 7 44 38 74 44 13 11 47 42 47 42 13 11 10 64 48 19 4 34 72 17 4 34 48 19 25 60 49 35 11 70 64 12 11 70 49 35 19 36 50 1 22 31 73 2 22 31 50 1 29 37 51 62 10 64 34 10 10 64 51 62 61 22 74 44 69 3 52 56 52 83 6 83 17 83 53 4 36 47 14 75 14 75 76 84 53 4 54 49 28 66 8 81 8 81 42 50 54 49 5 51 26 52 55 18 26 52 48 19 55 18 60 25 56 24 29 37 2 61 29 37 56 24 25 60 16 53 57 16 57 16 60 25 25 60 21 14 58 28 28 66 58 28 21 14 53 4 3 73 59 43 43 41 59 43 3 73 74 44 29 37 19 36 60 25 19 36 25 60 60 25 71 79 39 40 61 22 39 40 10 64 61 22 20 63 34 10 62 30 22 31 20 63 62 30 63 48 7 33 65 32 63 48 15 26 7 33 73 2 64 12 30 0 11 70 30 0 64 12 56 24 65 32 2 61 51 62 2 61 65 32 66 9 0 58 62 30 0 85 66 85 38 85 9 86 31 86 67 86 67 13 31 72 64 12 0 87 18 87 68 87 68 59 18 76 62 30 32 65 58 28 69 3 3 73 32 65 69 3 42 50 8 81 70 69 16 53 42 50 70 69 61 22 23 21 71 79 75 80 71 79 23 21 45 88 24 68 72 17 9 29 45 88 72 17 37 89 67 13 73 2 18 76 37 89 73 2 38 20 74 44 17 90 52 56 17 90 74 44 23 21 44 38 75 80 8 81 75 80 44 38 35 5 53 4 76 84 6 91 35 91 76 91 77 39 70 69 8 81 44 38 77 39 8 81</p>
        </polylist>
      </mesh>
    </geometry>
    <geometry id="tire25Mesh_001-mesh" name="tire25Mesh.001">
      <mesh>
        <source id="tire25Mesh_001-mesh-positions">
          <float_array id="tire25Mesh_001-mesh-positions-array" count="657">3.166222 4.558334 -49.81681 -8.602898 -48.83213 -11.25843 -12.7422 30.51939 7.656754 -0.02603799 13.86399 48.08485 10.37792 16.62465 -26.26171 -4.135664 42.99956 -25.65493 -4.135627 -32.96549 37.68618 -0.02601397 -36.04713 -34.71123 10.37792 -1.265106 31.05504 -4.135665 46.02896 19.70679 -4.135636 -14.787 47.83658 8.028894 -49.10389 9.462365 10.37792 -31.05452 -1.266121 3.166222 28.85562 -40.864 -8.602944 49.19097 -9.577299 -12.74217 -30.51784 -7.657017 -0.02604699 32.22332 38.28911 8.028894 -24.17342 -43.77759 10.37792 30.75346 4.505058 8.028894 -34.16313 36.51852 -4.135666 49.12065 9.705867 -8.602919 -4.382566 -49.92141 3.166222 -45.96918 -19.72859 -8.602899 -46.12367 19.5949 -4.13566 36.72628 -34.03402 -8.602908 -28.7561 -41.04189 -8.602921 -0.860118 50.10577 8.028894 42.82498 25.82565 -8.602932 24.30895 43.82275 -8.602927 11.25821 -48.83244 10.37792 -14.43054 -27.52762 8.028894 49.10634 -9.462651 -12.74218 -10.8043 29.55109 8.028894 -43.77493 24.17362 -8.602897 -49.91975 4.382604 8.028894 16.35852 -47.25754 8.028894 -11.32744 48.70832 8.028894 41.01123 -28.61737 8.028894 4.27774 49.825 8.028894 49.62567 6.174686 8.028894 28.61797 41.01054 8.028894 -49.62485 -6.174839 -8.602902 -41.04147 28.75598 -8.602902 -40.03078 -30.14702 10.37792 17.23032 25.86816 -0.02602499 -13.86302 -48.08499 -12.7422 26.11183 -17.55653 8.028894 -25.82414 42.8235 -8.602935 30.14785 -40.03158 10.37792 -27.85461 -13.78783 -4.135663 40.92572 28.84558 -4.135667 50.06506 -0.718617 -0.02600896 -48.0859 13.86317 -12.74219 -2.147757 -31.39133 10.37792 28.88594 -11.47478 -0.02604198 21.87316 -45.01065 3.166222 -5.898865 -49.6757 10.37792 4.50589 -30.75274 -0.02604299 23.55872 44.15152 10.37792 -13.78675 27.85514 -8.602936 32.88988 37.81114 -4.135632 -24.40911 43.71656 3.166222 45.42256 -20.96176 8.028894 -47.25661 -16.35777 -0.02603095 -1.673392 50.01507 8.028894 -36.51675 -34.16489 -4.135631 -25.65313 -42.99814 3.166222 -40.06977 29.94727 -8.602926 9.578008 49.18945 8.028894 47.25862 16.35757 -8.602915 -11.25843 48.83203 -8.602899 -45.42448 -21.16506 10.4267 35.40895 34.13038 -8.602931 21.16573 -45.4247 13.8046 -27.03415 22.43268 -8.602916 -9.576459 -49.18981 -12.74219 8.629144 30.25835 8.028894 -14.54269 -47.84701 -8.60294 41.04258 -28.75656 -4.135619 -50.0652 0.718427 8.028894 9.462891 49.10485 8.028894 34.16497 -36.51856 -8.602911 -19.59509 -46.12373 13.86116 -38.03078 10.69941 -8.60291 -21.16389 45.42442 -8.602907 -30.14474 40.03147 -8.602943 46.12404 -19.59497 13.8046 24.5425 -25.136 13.8046 -29.68861 -18.77952 -4.135623 -43.71695 -24.41014 -0.02605396 48.0859 -13.86335 8.028894 19.46558 46.06447 3.166222 -45.42135 20.96166 3.166222 14.81624 -47.78067 -0.02600795 -49.565 -6.893126 13.8046 35.10219 1.418758 13.86116 -6.663483 -38.94214 -8.602945 50.10659 0.859199 8.028894 -42.82355 -25.82567 8.028894 -49.82452 4.277775 8.028894 -16.35837 47.257 8.028894 49.82608 -4.277992 -8.602923 4.384343 49.92105 -8.602944 48.83361 11.25825 -8.60294 40.03198 30.14652 -8.602943 45.42561 21.16503 -13.86116 -24.82686 -29.68616 3.166222 -37.62395 -32.96869 3.166222 -16.09811 -47.36358 3.166222 33.97237 36.72067 -13.86116 -26.92637 27.79453 13.86116 33.39976 21.1039 -4.135623 -42.99807 25.65455 -4.135621 -47.83552 -14.78759 3.166222 -29.94627 -40.07061 13.8046 9.498337 33.82174 -4.135648 9.707464 -49.12029 8.028894 6.175827 -49.6258 8.028894 21.2087 -45.28876 -13.86118 17.02232 -34.75598 3.166222 -32.96802 37.6236 13.8046 32.64421 -12.98086 3.166222 5.900955 49.67551 -8.602904 -36.65977 -34.16616 -8.602931 19.59554 46.12313 -8.602898 -47.9191 14.6661 13.8046 -15.57254 31.48926 8.028894 -4.277435 -49.82513 8.028894 46.06531 -19.46514 10.37792 -28.88528 11.47457 -8.602937 34.16622 -36.66107 -8.602897 -50.10482 -0.859508 -8.602921 0.859606 -50.1061 13.10171 42.11561 15.55582 -8.602933 25.79809 -42.96351 -8.602905 -34.16504 36.66047 3.166222 -48.78569 11.05971 13.86116 -38.28421 -9.749997 3.166222 49.81778 4.557289 3.166222 40.07075 -29.94723 3.166222 48.78809 -11.06 3.166222 43.65613 24.42529 3.166222 -9.739541 49.06747 3.166222 32.96951 -37.62397 3.166222 47.78108 14.81486 3.166222 -24.42568 43.65592 13.86116 -21.92778 -32.86439 13.8046 19.485 29.23127 13.86116 17.49718 -35.42274 8.028894 -46.06441 19.46521 3.166222 25.59481 42.98092 3.166222 16.09967 47.36346 -4.135641 -4.516847 49.86593 10.4267 -31.64536 -37.64507 -13.86118 24.82864 29.68574 13.10171 -31.34119 32.14652 13.86116 5.694916 -39.09596 8.028894 -37.7944 32.74731 3.166222 -20.9612 -45.42127 3.166222 37.62517 32.96802 3.166222 -47.77988 -14.81516 3.166222 -40.86369 -28.85513 13.86116 -1.576324 39.47673 -8.60291 -24.30783 -43.82281 -8.602918 -6.091327 49.74153 -8.602902 -42.96278 -25.79727 -8.602944 47.38843 16.30093 -8.602898 -47.38723 -16.30105 -8.602897 -49.74027 -6.092452 -8.602941 42.96419 25.79692 -8.602943 43.82352 -24.30892 -8.602945 49.9222 -4.382958 -8.602903 -37.81092 32.88886 -8.6029 -43.82262 24.30871 -8.602924 6.09273 -49.74176 -8.602944 47.91968 -14.66634 -8.602938 36.66156 34.16607 -8.602939 37.81234 -32.88896 -8.602945 49.74205 6.09212 -8.602898 -49.18999 9.577005 -8.602914 -14.66554 -47.9193 -8.602929 16.30236 -47.38816 -8.602934 28.75766 41.04165 -8.602928 14.66726 47.91917 -8.602909 -25.7972 42.96292 -8.602906 -32.88875 -37.81107 -8.602913 -16.30088 47.38787 8.028894 25.82622 -42.82387 10.4267 -1.671036 49.15157 -12.74217 -30.9943 5.418003 8.028894 -9.462944 -49.10509 8.028894 43.77858 -24.17367 3.166222 -49.81718 -4.557461 -13.86118 35.90542 -14.43951 13.10171 -35.24525 -27.80906 -0.02601796 -28.04346 -41.44752 -0.02605497 49.9176 -3.563207 -0.02600795 -49.91619 3.562982 -4.135646 5.948661 49.71538 -4.135657 28.84669 -40.9257 -4.13564 -5.946437 -49.71543 8.028894 39.88992 30.16009 13.10171 43.21577 -12.16925 -0.02601295 -38.28657 32.22258 -0.02603197 1.674659 -50.01568 -0.02603697 12.03759 -48.57461 -0.02601099 -44.15171 23.55749 3.166222 -4.557137 49.81632 -13.86116 -5.448139 38.31444 13.10171 34.53087 -28.69466 8.028894 24.17357 43.77744 8.028894 -19.4643 -46.0647 8.028894 11.32944 -48.70845 -4.135655 25.65461 42.99784 -4.135625 -37.68383 -32.9659 -4.135653 19.70792 -46.02883 -4.135659 34.03432 36.72446 -4.135665 47.39324 -16.15441 -4.135635 -16.15249 -47.39249</float_array>
          <technique_common>
            <accessor source="#tire25Mesh_001-mesh-positions-array" count="219" stride="3">
              <param name="X" type="float"/>
              <param name="Y" type="float"/>
              <param name="Z" type="float"/>
            </accessor>
          </technique_common>
        </source>
        <source id="tire25Mesh_001-mesh-normals">
          <float_array id="tire25Mesh_001-mesh-normals-array" count="657">-0.6142601 -0.6717278 -0.4140847 -0.6024262 -0.7262442 -0.3311375 -0.9822891 -0.1860752 -0.0220043 0.9299906 -0.2606977 -0.2591412 0.440024 -0.791451 -0.4242455 0.2973777 -0.6833524 -0.6667805 0.9843423 0.131447 -0.1174386 0.5404022 -0.3029328 0.7849824 0.5051208 -0.4168902 0.7556822 -0.6107816 -0.4150617 0.6742921 -0.6003371 -0.3312826 0.7279061 -0.9932846 -0.08249396 0.08112055 0.9007398 0.3154756 -0.2985681 0.4365467 0.5943005 -0.675451 0.3822893 0.7511194 -0.5382143 0.5182832 0.470398 0.7142188 0.9863415 -0.08963412 -0.1381897 0.6679052 0.5230321 0.5294716 0.9817682 -0.1619647 0.09949219 0.5054951 0.8627873 -0.008545458 0.505162 0.8598924 0.07346087 -0.5162982 0.4364287 -0.7368625 -0.5231916 0.3657122 -0.7697567 -0.980506 0.0368666 -0.1930004 -0.5459302 -0.7382632 0.3961412 -0.5170605 -0.6950803 0.4995117 -0.981394 -0.09442526 0.1671821 0.9931724 -0.1086468 0.04248207 0.5188638 -0.7894811 0.3278721 0.4962406 -0.8495908 0.1787198 0.4898723 -0.1720703 -0.8546443 0.9941553 -0.0190438 -0.106267 0.5065618 -0.2505342 -0.8250017 -0.5601158 -0.2308459 -0.7956007 -0.5369893 -0.3321734 -0.7754376 -0.9825083 -0.1323012 -0.1310499 0.6380667 -0.4747885 -0.606174 0.9951172 -0.02099734 -0.09644144 0.9655888 0.20231 0.1634289 0.9970612 0.06659281 0.03787428 0.8284657 -0.2703973 -0.4904385 0.9112203 -0.4084423 0.05340909 -0.5187112 0.6322137 0.5755387 -0.5378062 0.6718457 0.5093014 -0.9833469 0.09616476 0.1542116 -0.5879863 0.8017135 0.1073672 -0.5601087 0.8280013 0.02630704 -0.9850633 0.1633989 -0.05432385 0.497791 -0.2128986 0.8407605 0.9954456 0.005188226 0.09518945 0.6850886 0.002349913 0.728456 -0.5780375 0.09772312 0.8101376 -0.6111212 0.1513459 0.7769333 -0.9884523 0.04055982 0.1460033 -0.5908882 -0.7962234 0.1299215 -0.578734 -0.7806486 0.2359127 0.5377758 -0.8332916 -0.1281494 0.5136994 -0.8166027 -0.2631977 0.9875696 0.06738626 -0.1420056 0.9010819 0.3635457 -0.2364023 0.8077496 0.3273481 -0.4902896 0.9952585 0.008087515 -0.09692865 0.4990898 0.09131515 -0.8617256 0.4925538 0.1929441 -0.8486245 0.02234011 0.3889682 -0.9209803 0.9040622 0.4222294 -0.0662871 0.3997724 0.8481926 -0.3474929 0.3848119 0.9050664 -0.1810377 -0.5253831 0.8161367 -0.2406111 -0.5141907 0.7863932 -0.342336 -0.9878695 0.001403868 -0.1552806 -0.5555015 0.2252891 -0.8004142 -0.9859369 -0.064547 0.1541499 -0.6122038 0.2335286 0.7554277 -0.5984519 0.3190177 0.7349035 0.9963321 -0.01773166 -0.08371436 0.5480356 0.319812 0.7729019 0.5488172 0.1747499 0.8174731 0.4765654 -0.4154649 -0.7747737 0.01477146 -0.3290008 -0.9442142 0.4001399 0.8008902 -0.4454917 0.01928794 -0.489096 0.8720167 0.008606433 -0.4943513 0.8692197 0.02447599 -0.8543114 0.519185 -0.003662228 -0.8871279 0.4615092 -0.03024488 -0.7636607 0.6449091 0.9289481 0.3542992 0.107367 0.3695864 0.8767835 0.3076632 0.4660896 0.7493081 0.4704234 -0.6003195 0.7585634 0.2533733 -0.608134 0.7718718 0.1854372 -0.9861404 0.1589446 0.04757958 0.02517831 -0.09677642 -0.9949877 -0.01293987 -0.1162453 -0.9931363 0.01217693 -0.2587983 -0.9658547 -0.5952737 0.08380526 -0.7991408 -0.5701982 0.0227676 -0.8211917 0.01825028 -0.9579578 -0.2863283 0.01083439 -0.9613016 -0.2752854 -0.1326362 -0.9854022 -0.1067254 0.0190438 -0.8741844 -0.4852206 -0.01141417 -0.9135317 0.4066075 0.001983702 -0.9727857 0.2316985 0.01977646 -0.9590675 0.2824862 -0.03109848 -0.9966165 0.07608294 0.01904392 0.7316054 -0.6814624 0.01361161 0.7932296 -0.6087704 -0.01141405 0.664368 -0.7473186 -0.5278366 0.7447395 -0.4083523 -0.5376076 0.6791282 -0.499763 -0.4818393 -0.5698876 -0.6656268 -0.5277167 -0.6186045 -0.5821028 0.03528016 -0.6143822 -0.7882195 -0.005951225 -0.6951072 -0.7188817 -0.01553404 -0.5652994 -0.8247396 -0.5795943 -0.3044312 0.7559049 -0.5163274 -0.1873281 0.835652 0.01547288 -0.09363108 0.9954867 -0.02908492 0.01602262 0.9994485 -0.005493342 0.1233567 0.9923473 0.01751786 0.9190483 0.3937557 0.01345878 0.8787615 0.4770716 0.01770079 0.9568203 0.2901407 0.01748758 0.8170958 0.5762367 0.02859669 0.7497414 0.6611128 -0.01327586 0.5177589 0.8554237 0 0.3260622 0.9453483 -0.5162332 0.4956327 0.6984637 -0.5231224 0.5545263 0.6471813 0.02310305 0.1754553 -0.9842163 0.01260429 0.2387804 -0.9709919 -0.4551675 -0.1702072 -0.8739864 0.5017685 0.2872785 -0.8159042 0.9937071 0.03054976 -0.1077635 -0.01794528 0.9675217 -0.2521502 -0.005310356 0.9761381 -0.2170857 -0.02850514 0.9961864 -0.08246362 -0.006347954 0.9959601 0.0895735 -0.9838039 -0.1788401 -0.01208543 0.914978 -0.2927442 0.277698 -0.002472043 -0.8069058 0.5906749 0.537963 -0.7451583 0.3941257 -0.5717121 -0.8135751 -0.1060229 -0.6109557 -0.7913522 -0.02224814 0.01782286 0.5794876 -0.8147862 0.009247362 0.5757788 -0.8175534 -0.002594113 0.4407303 -0.8976359 0.4955457 0.3708124 -0.7854508 0.4886447 0.4564774 -0.7435421 0.01507663 -0.2956733 0.9551702 0.0446791 -0.09335619 0.9946298 0.01464927 0.9502498 -0.3111445 -0.005188226 0.9040964 -0.4272972 0.01742643 0.8587786 -0.5120504 0.01898252 0.1063878 0.9941436 0.0207836 0.2783359 0.9602589 0.01989865 0.9818095 0.1888236 0.03344893 0.6828048 0.7298348 4.88297e-4 -0.9961567 -0.08758831 0.5147969 -0.8557261 0.05212664 -0.4841629 -0.6663343 0.5670846 -0.5232866 -0.5855463 0.6191177 0.01690787 -0.6615442 0.7497155 0.01471036 -0.7445538 -0.6674005 -0.5667388 -0.6833521 -0.4602578 -0.01327568 -0.3167858 -0.9484042 -0.02258414 -0.4356612 -0.8998274 0.01409995 -0.645395 0.763719 0.3775212 -0.61615 0.6912575 -0.5371125 0.5731865 -0.6188437 -0.5335389 0.5173332 -0.6691058 0.9894097 -0.1439907 0.01831161 -0.5765039 0.7185088 0.3890867 -0.6107562 0.7140342 0.3422456 -0.529482 0.8441987 -0.08353173 -0.4926016 0.856323 -0.1550958 -0.5488319 -0.7693658 0.3268942 -0.004882991 0.1003455 -0.9949406 -0.01611405 0.298019 -0.9544239 0.5060762 -0.05084562 -0.8609888 0.02505612 0.5112252 0.8590816 0.01236027 0.680762 0.7324005 -0.556823 -0.4616946 0.6904972 -0.009155809 -0.9155529 -0.4020937 0.00915569 -0.8209331 -0.5709512 -0.01434385 -0.1847615 0.9826787 0.004577815 -0.7425271 -0.6698004 -0.5335695 -0.4009019 -0.7447022 -0.5085467 -0.5038467 -0.6982255 0.04696851 -0.5062778 -0.8610904 0.3864067 -0.7099738 0.5887506 -0.5231856 -0.1099291 0.845099 -0.5187653 -0.004699945 0.8549038 -0.6087659 -0.7475671 -0.2656083 -0.592476 -0.7883199 -0.1659042 0.433526 0.7454329 0.506345 -0.6142282 0.1861667 -0.7668544 -0.5658547 -0.1600727 -0.8088173 -0.6012593 -0.05176055 -0.7973758 -0.5733591 0.3590857 0.7364217 0.5165115 -0.3287252 -0.7906679 -0.5601482 0.6328752 -0.5345121 0.06686657 -0.9975666 -0.01974558 -0.5934343 -0.8004115 0.08471959 0.5053361 0.1223818 0.8542004 0.9174702 0.3976966 0.00927782 0.9686627 -0.1940743 0.1550092 0.7819039 -0.5780656 0.2333809 0.8924652 -0.3093705 0.3283227 0.9275055 0.2030435 0.3138582 0.8558112 0.4055963 0.3210589 0.04690825 0.9988682 -0.007873952 0.555114 0.3951628 0.7319118 0.9301766 -0.05209696 0.363397 0.01205492 0.6267651 0.7791152 0.91377 -0.04300129 -0.4039497 -0.9859456 -0.130499 0.1043138 0.9654093 -0.2435115 0.09320515 -0.006073236 0.4485965 0.8937138</float_array>
          <technique_common>
            <accessor source="#tire25Mesh_001-mesh-normals-array" count="219" stride="3">
              <param name="X" type="float"/>
              <param name="Y" type="float"/>
              <param name="Z" type="float"/>
            </accessor>
          </technique_common>
        </source>
        <vertices id="tire25Mesh_001-mesh-vertices">
          <input semantic="POSITION" source="#tire25Mesh_001-mesh-positions"/>
        </vertices>
        <polylist material="tire_001-material" count="420">
          <input semantic="VERTEX" source="#tire25Mesh_001-mesh-vertices" offset="0"/>
          <input semantic="NORMAL" source="#tire25Mesh_001-mesh-normals" offset="1"/>
          <vcount>3 3 3 3 3 3 3 3 3 3 3 3 3 3 3 3 3 3 3 3 3 3 3 3 3 3 3 3 3 3 3 3 3 3 3 3 3 3 3 3 3 3 3 3 3 3 3 3 3 3 3 3 3 3 3 3 3 3 3 3 3 3 3 3 3 3 3 3 3 3 3 3 3 3 3 3 3 3 3 3 3 3 3 3 3 3 3 3 3 3 3 3 3 3 3 3 3 3 3 3 3 3 3 3 3 3 3 3 3 3 3 3 3 3 3 3 3 3 3 3 3 3 3 3 3 3 3 3 3 3 3 3 3 3 3 3 3 3 3 3 3 3 3 3 3 3 3 3 3 3 3 3 3 3 3 3 3 3 3 3 3 3 3 3 3 3 3 3 3 3 3 3 3 3 3 3 3 3 3 3 3 3 3 3 3 3 3 3 3 3 3 3 3 3 3 3 3 3 3 3 3 3 3 3 3 3 3 3 3 3 3 3 3 3 3 3 3 3 3 3 3 3 3 3 3 3 3 3 3 3 3 3 3 3 3 3 3 3 3 3 3 3 3 3 3 3 3 3 3 3 3 3 3 3 3 3 3 3 3 3 3 3 3 3 3 3 3 3 3 3 3 3 3 3 3 3 3 3 3 3 3 3 3 3 3 3 3 3 3 3 3 3 3 3 3 3 3 3 3 3 3 3 3 3 3 3 3 3 3 3 3 3 3 3 3 3 3 3 3 3 3 3 3 3 3 3 3 3 3 3 3 3 3 3 3 3 3 3 3 3 3 3 3 3 3 3 3 3 3 3 3 3 3 3 3 3 3 3 3 3 3 3 3 3 3 3 3 3 3 3 3 3 3 3 3 3 3 3 3 3 3 3 3 3 3 3 3 3 3 3 3 3 3 3 3 3 3 3 3 3 3 3 3 3 3 3 3 3 3 3 3 3 3 3 3 3 3 3 3 3 </vcount>
          <p>165 0 71 1 15 2 194 3 98 4 65 5 126 6 100 7 47 8 184 9 84 10 32 11 209 12 81 13 37 14 40 15 147 16 72 17 95 18 101 19 39 20 134 21 73 22 119 23 173 24 42 25 110 26 83 27 149 28 11 29 190 30 96 31 77 32 180 33 82 34 106 35 153 36 146 37 88 38 111 39 44 40 18 41 176 42 104 43 154 44 178 45 97 46 193 47 36 48 162 49 188 50 102 51 68 52 76 53 179 54 125 55 110 26 83 27 41 56 63 57 74 58 129 59 59 60 156 61 117 62 212 63 215 64 73 22 134 21 202 65 128 66 31 67 175 68 86 69 193 47 53 70 119 23 181 71 76 53 208 72 102 51 183 73 124 74 76 53 115 75 91 76 80 77 17 78 146 37 153 36 218 79 82 34 180 33 191 80 202 65 209 12 61 81 145 82 100 7 112 83 206 84 203 85 133 86 69 87 27 88 166 89 103 90 2 91 200 92 56 93 45 94 174 95 132 96 53 70 113 97 160 98 94 99 89 100 71 1 165 0 11 29 149 28 92 101 136 102 52 103 197 104 24 105 139 106 143 107 170 108 78 109 193 47 185 110 123 111 106 35 114 112 7 113 195 114 186 115 70 116 208 72 152 117 64 118 122 119 9 120 141 121 144 122 50 123 159 124 141 121 150 125 151 126 91 76 182 127 60 128 154 44 56 93 200 92 116 129 116 129 205 130 204 131 35 132 148 133 156 61 90 134 140 135 128 66 196 136 138 137 101 19 110 26 189 138 179 54 47 8 155 139 126 6 67 140 92 101 33 141 168 142 131 143 189 138 113 97 94 99 197 104 199 144 13 145 55 146 148 133 118 147 187 148 100 7 10 149 61 81 207 150 152 117 10 149 217 151 62 152 5 153 139 106 24 105 5 153 198 154 122 119 3 155 80 77 91 76 151 126 144 122 20 156 9 120 138 137 196 136 20 156 109 157 150 125 40 15 40 15 72 17 109 157 197 104 192 158 99 159 83 27 99 159 41 56 172 160 135 161 110 26 112 83 203 85 6 162 214 163 123 111 185 110 43 164 214 163 89 100 91 76 115 75 147 16 190 30 77 32 108 165 195 114 158 166 114 112 193 47 2 91 178 45 6 162 120 167 145 82 155 139 47 8 19 168 13 145 199 144 24 105 130 169 48 170 119 23 63 57 137 171 83 27 169 172 105 173 2 91 141 121 9 120 50 123 171 174 14 175 193 47 140 135 90 134 196 136 52 103 125 55 179 54 23 176 52 103 112 83 15 2 106 35 43 164 101 19 95 18 202 65 0 177 93 178 212 63 55 146 13 145 118 147 116 129 204 131 56 93 96 31 127 179 117 62 77 32 96 31 146 37 124 74 3 155 213 180 182 127 213 180 216 181 100 7 126 6 162 49 216 181 60 128 182 127 176 42 216 181 50 123 145 82 61 81 6 162 135 161 85 182 110 26 209 12 37 14 191 80 5 153 62 152 139 106 22 183 161 184 98 4 192 158 160 98 63 57 36 48 188 50 207 150 142 185 207 150 10 149 107 186 114 112 153 36 65 5 98 4 161 184 163 187 25 188 106 35 185 110 66 189 214 163 120 167 6 162 203 85 33 141 157 190 67 140 68 52 198 154 3 155 3 155 124 74 183 73 20 156 144 122 138 137 133 86 39 20 69 87 70 116 10 149 152 117 164 191 26 192 208 72 71 1 89 100 113 97 167 193 1 194 15 2 141 121 159 124 201 195 27 88 111 39 133 86 181 71 215 64 116 129 181 71 29 196 53 70 149 28 83 27 74 58 155 139 157 190 33 141 75 197 200 92 218 79 21 198 75 197 106 35 154 44 76 53 28 199 146 37 17 78 211 200 211 200 17 78 158 166 78 109 5 153 24 105 177 201 130 169 119 23 179 54 79 202 52 103 131 143 34 203 189 138 64 118 38 204 122 119 115 75 80 77 38 204 143 107 13 145 24 105 148 133 187 148 81 13 82 34 218 79 66 189 66 189 25 188 163 187 83 27 137 171 12 205 129 59 74 58 83 27 84 10 61 81 10 149 10 149 70 116 186 115 85 182 6 162 61 81 61 81 84 10 184 9 86 69 217 151 5 153 5 153 78 109 170 108 87 206 54 207 4 208 81 13 209 12 148 133 98 4 194 3 137 171 88 38 30 209 49 210 160 98 113 97 89 100 89 100 161 184 22 183 14 175 51 211 217 151 217 151 86 69 175 68 147 16 40 15 210 212 210 212 40 15 150 125 52 103 136 102 92 101 206 84 112 83 52 103 55 146 118 147 93 178 205 130 116 129 215 64 63 57 41 56 192 158 99 159 192 158 41 56 18 41 133 86 111 39 95 18 18 41 54 207 117 62 156 61 96 31 96 31 57 213 30 209 51 211 14 175 171 174 51 211 97 46 178 45 98 4 63 57 22 183 137 171 63 57 98 4 197 104 99 159 136 102 83 27 11 29 99 159 10 149 100 7 142 185 162 49 36 48 100 7 196 136 101 19 140 135 202 65 31 67 101 19 26 192 102 51 208 72 122 119 198 154 152 117 20 156 103 90 166 89 178 45 20 156 51 211 169 172 50 123 9 120 50 123 104 43 176 42 9 120 105 173 169 172 166 89 9 120 20 156 106 35 53 70 21 198 106 35 15 2 53 70 7 113 114 112 107 186 214 163 161 184 89 100 45 94 56 93 108 165 218 79 158 166 195 114 216 181 159 124 50 123 16 214 150 125 109 157 32 11 189 138 110 26 32 11 110 26 85 182 111 39 72 17 147 16 111 39 27 88 201 195 172 160 112 83 6 162 112 83 42 25 173 24 113 97 1 194 167 193 168 142 113 97 79 202 114 112 158 166 17 78 17 78 153 36 114 112 115 75 8 215 44 40 38 204 162 49 115 75 116 129 29 196 181 71 116 129 132 96 174 95 127 179 0 177 117 62 212 63 117 62 0 177 118 147 35 132 93 178 118 147 148 133 35 132 53 70 46 216 119 23 119 23 193 47 78 109 120 167 67 140 157 190 145 82 120 167 19 168 54 207 87 206 121 217 54 207 121 217 95 18 38 204 80 77 122 119 151 126 122 119 80 77 214 163 43 164 123 111 123 111 43 164 106 35 124 74 28 199 76 53 213 180 28 199 124 74 52 103 23 176 125 55 125 55 23 176 110 26 59 60 162 49 126 6 59 60 126 6 74 58 108 165 56 93 190 30 127 179 56 93 204 131 139 106 62 152 191 80 128 66 62 152 90 134 83 27 12 205 129 59 24 105 130 169 177 201 130 169 24 105 199 144 79 202 131 143 168 142 79 202 34 203 131 143 132 96 21 198 53 70 132 96 116 129 200 92 18 41 95 18 133 86 39 20 133 86 95 18 48 170 134 21 119 23 134 21 199 144 215 64 6 162 85 182 135 161 6 162 135 161 172 160 92 101 136 102 11 29 99 159 11 29 136 102 49 210 137 171 88 38 137 171 49 210 12 205 101 19 138 137 39 20 69 87 39 20 138 137 191 80 37 14 139 106 143 107 139 106 37 14 101 19 31 67 140 135 128 66 140 135 31 67 201 195 27 88 141 121 144 122 141 121 27 88 100 7 36 48 142 185 207 150 142 185 36 48 37 14 81 13 143 107 13 145 143 107 81 13 27 88 69 87 144 122 138 137 144 122 69 87 100 7 145 82 47 8 19 168 47 8 145 82 30 209 88 38 146 37 30 209 146 37 96 31 44 40 147 16 115 75 44 40 111 39 147 16 4 208 148 133 87 206 4 208 156 61 148 133 74 58 33 141 149 28 149 28 33 141 92 101 58 218 151 126 150 125 150 125 16 214 58 218 3 155 122 119 151 126 151 126 58 218 3 155 26 192 152 117 198 154 152 117 26 192 164 191 194 3 65 5 153 36 153 36 65 5 107 186 2 91 154 44 169 172 2 91 76 53 154 44 155 139 74 58 126 6 74 58 155 139 33 141 57 213 96 31 156 61 156 61 4 208 57 213 155 139 19 168 157 190 157 190 19 168 120 167 108 165 158 166 45 94 158 166 108 165 211 200 109 157 159 124 16 214 159 124 109 157 72 17 160 98 22 183 63 57 22 183 160 98 89 100 107 186 161 184 7 113 161 184 107 186 65 5 8 215 115 75 162 49 162 49 59 60 8 215 66 189 163 187 82 34 82 34 163 187 106 35 152 117 164 191 70 116 70 116 164 191 208 72 89 100 165 0 43 164 43 164 165 0 15 2 9 120 166 89 105 173 105 173 166 89 2 91 71 1 167 193 15 2 113 97 167 193 71 1 113 97 168 142 1 194 1 194 168 142 15 2 104 43 169 172 154 44 50 123 169 172 104 43 86 69 170 108 193 47 5 153 170 108 86 69 97 46 171 174 193 47 51 211 171 174 97 46 42 25 172 160 110 26 112 83 172 160 42 25 112 83 173 24 23 176 23 176 173 24 110 26 116 129 174 95 29 196 29 196 174 95 53 70 217 151 175 68 14 175 14 175 175 68 193 47 216 181 176 42 60 128 60 128 176 42 154 44 24 105 177 201 78 109 78 109 177 201 119 23 20 156 178 45 103 90 103 90 178 45 2 91 34 203 179 54 189 138 79 202 179 54 34 203 218 79 180 33 75 197 75 197 180 33 106 35 215 64 181 71 73 22 73 22 181 71 119 23 213 180 182 127 28 199 28 199 182 127 154 44 3 155 183 73 68 52 68 52 183 73 76 53 61 81 184 9 85 182 85 182 184 9 32 11 25 188 185 110 106 35 66 189 185 110 25 188 84 10 186 115 32 11 10 149 186 115 84 10 118 147 13 145 187 148 81 13 187 148 13 145 38 204 207 150 188 50 162 49 38 204 188 50 189 138 15 2 168 142 96 31 190 30 127 179 127 179 190 30 56 93 202 65 191 80 128 66 128 66 191 80 62 152 94 99 160 98 192 158 192 158 197 104 94 99 193 47 119 23 46 216 46 216 2 91 193 47 194 3 88 38 137 171 88 38 194 3 153 36 195 114 66 189 218 79 66 189 195 114 7 113 196 136 51 211 20 156 51 211 196 136 90 134 79 202 197 104 52 103 197 104 79 202 113 97 198 154 102 51 26 192 198 154 68 52 102 51 199 144 48 170 130 169 199 144 134 21 48 170 200 92 75 197 21 198 200 92 21 198 132 96 111 39 201 195 72 17 72 17 201 195 159 124 202 65 121 217 87 206 121 217 202 65 95 18 67 140 203 85 206 84 203 85 67 140 120 167 0 177 204 131 205 130 204 131 0 177 127 179 205 130 93 178 0 177 93 178 205 130 55 146 92 101 206 84 52 103 206 84 92 101 67 140 152 117 207 150 64 118 38 204 64 118 207 150 208 72 32 11 186 115 76 53 32 11 208 72 209 12 87 206 148 133 87 206 209 12 202 65 91 76 210 212 150 125 210 212 91 76 147 16 77 32 211 200 108 165 211 200 77 32 146 37 35 132 212 63 93 178 212 63 35 132 156 61 58 218 213 180 3 155 213 180 58 218 16 214 7 113 214 163 66 189 214 163 7 113 161 184 55 146 215 64 199 144 215 64 55 146 205 130 16 214 216 181 213 180 216 181 16 214 159 124 90 134 217 151 51 211 217 151 90 134 62 152 45 94 218 79 200 92 218 79 45 94 158 166</p>
        </polylist>
      </mesh>
    </geometry>
    <geometry id="rim3Mesh_001-mesh" name="rim3Mesh.001">
      <mesh>
        <source id="rim3Mesh_001-mesh-positions">
          <float_array id="rim3Mesh_001-mesh-positions-array" count="1272">11.12465 22.22157 12.82162 2.645668 19.03635 -13.07383 3.169819 -22.09675 8.860773 -26.25697 -30.02774 5.29469 15.64103 0.009170949 -28.48062 -27.05827 5.479502 31.07573 2.645693 1.804081 23.02289 11.12465 -22.22157 -12.82161 -26.99294 4.633183 -26.27594 15.64106 -21.82293 18.29776 11.12467 0.006966948 25.65528 3.169793 3.374732 -23.56674 27.10885 23.85248 -20.01462 -27.0583 25.84819 18.09916 15.64103 -28.04228 -4.956529 -27.0583 -20.28321 -24.17262 3.169793 18.72204 14.70599 1.660089 -11.95356 6.887354 27.10885 29.25945 10.64958 27.10885 -10.64953 -29.25944 -27.0583 28.5984 -13.33565 15.64106 9.728697 26.76361 27.10888 -15.56862 26.96565 11.12465 22.21463 -12.83364 1.9753 -7.883649 -21.74274 15.64103 28.04231 4.956541 2.164848 -12.09508 -9.130136 27.10885 10.64956 -29.25942 3.169793 -18.72204 -14.70598 2.164848 12.09507 9.130147 1.975301 -22.77157 -4.043959 27.10885 -30.07604 -8.058851 -27.05827 -15.77753 27.32754 2.164848 1.859421 -15.0397 27.10888 -26.96562 15.56862 15.64106 -9.747378 26.76204 15.64103 18.31363 -21.80706 4.480165 22.86573 8.454994 1.660064 11.95354 -6.887331 -27.0583 31.55514 3.2e-5 27.10888 10.64954 29.25944 -27.0583 15.77758 -27.32751 -26.99294 -23.10665 -13.34065 1.660089 -0.01213598 13.79577 11.12465 -0.006967961 -25.65526 15.64103 -18.30287 -21.82251 3.169793 22.09678 -8.860763 -26.99291 -23.10664 13.34064 12.30532 -15.24879 21.77755 15.64103 24.6604 14.24827 15.64103 24.66954 -14.23237 11.12467 -22.21464 12.83366 12.30531 11.23553 24.09465 12.3053 15.24882 -21.77754 12.3053 -11.2355 -24.09463 27.10885 -23.85253 -20.01463 27.10888 -5.40689 30.6642 27.10885 23.85248 20.01465 15.64103 -9.728659 -26.7636 15.64106 -28.05027 4.939529 12.3053 26.48433 2.317092 12.3053 -26.4843 -2.317081 -26.99294 -4.63316 -26.27595 2.142677 -19.38698 13.32444 1.975323 -5.905922 22.35412 -26.99291 -4.633167 26.27595 27.10888 -31.13726 -1.5e-5 -26.99294 25.07222 9.125555 15.64106 -0.009162962 28.48064 -26.99291 4.63319 26.27597 27.10885 29.25945 -10.64954 15.64103 -24.66035 -14.24825 27.10885 31.13725 1.6e-5 -26.99294 -13.34062 -23.10667 4.353706 25.75417 12.00937 4.353735 2.47663 28.30844 4.353706 23.27751 -16.29904 4.353706 -25.75415 -12.00936 -26.99294 25.07222 -9.125521 1.800934 6.269234 8.953433 4.353706 -2.476681 -28.30842 4.353735 -23.27747 16.29907 20.84539 18.56922 -22.12005 20.84539 -28.44112 -5.021392 20.84539 28.44116 5.021404 20.84541 9.871907 27.14146 -27.0583 -30.47963 -8.167 15.64103 18.3029 21.82252 15.64103 9.747406 -26.76203 15.64103 28.05029 -4.939515 -27.05827 -28.59844 13.33566 24.92918 -9.968396 27.38333 27.10885 -3.1e-5 -31.13723 -26.99294 20.43907 17.15042 -26.99292 -26.68126 -10e-7 24.92915 -5.057598 -28.6983 24.92918 -27.38452 9.965211 2.645668 -1.804092 -23.02287 1.758621 -15.44662 8.908967 -26.99294 13.34065 -23.10667 1.758595 15.44664 -8.908953 -26.25698 12.88593 27.63401 -26.99294 20.43907 -17.15039 1.758595 -15.43869 -8.9227 -26.99294 26.68132 1.6e-5 4.353735 -16.29909 23.27749 4.353706 -12.00936 -25.75415 4.353708 -28.30842 -2.476678 4.353706 16.29906 -23.27746 4.353722 12.00935 25.75416 4.353706 28.30841 2.476681 27.10888 15.56864 26.96565 3.104143 15.26248 18.15943 20.84541 -18.56921 22.12005 1.800926 10.55769 2.82893 3.104164 -23.35777 4.138004 3.10414 8.095234 -22.29741 -27.0583 -8.166935 -30.47968 1.758595 0.00791496 -17.83166 9.882992 23.35886 9.995645 9.883015 3.022964 25.2272 9.882992 20.33591 -15.23153 9.882992 -23.35883 -9.995647 -26.25699 -19.5992 -23.35743 1.9753 14.88798 -17.69877 13.62989 -14.15674 24.49333 -26.25699 10.42856 -28.65212 -26.99291 -13.34063 23.10668 1.758621 -0.007922947 17.83167 27.10885 -26.96562 -15.56862 -27.0583 -25.84826 -18.09914 1.800949 -7.72879 7.728758 4.480165 -22.86572 -8.454978 -27.0583 22.31263 -22.31266 3.10414 -15.26252 -18.15942 1.758595 15.43872 8.922711 -26.99292 13.34066 23.1067 20.84539 -18.56342 -22.12839 -27.05827 -22.31267 22.31268 -27.05827 -2.750254 31.43482 1.800926 7.728783 -7.728745 3.10414 23.35778 -4.137991 20.84539 18.56343 22.12841 20.84539 9.882042 -27.14058 20.84541 -28.44547 5.012183 20.84539 28.44546 -5.012178 -27.0583 20.28321 24.17263 9.882992 -3.022971 -25.22718 9.883015 -20.33589 15.23154 2.572193 -11.53651 19.98788 7.862007 -4.032724 25.27834 7.86198 19.87534 16.13162 7.86198 23.90806 -9.146708 7.86198 -19.87528 -16.13161 2.555011 23.74911 4.216965 2.018318 -9.807689 -5.663777 -26.25699 -26.40592 -15.24548 1.9753 16.4063 16.29174 -26.25697 -28.65211 10.42852 -27.0583 30.47966 8.167025 -26.25697 -23.35748 19.59922 7.86198 4.032761 -25.27833 7.862007 -23.90805 9.146726 13.62987 -14.13346 -24.50678 13.62987 14.15677 -24.49332 13.62989 14.13346 24.50679 13.62989 -28.2902 -0.01344996 13.62987 28.29024 0.01345998 15.64106 -24.66951 14.23239 -26.25699 26.40597 15.2455 -26.25699 26.40597 -15.24547 -26.25699 -3.5e-5 -30.49096 -26.257 -12.88597 -27.634 20.84539 25.01095 14.4458 20.84541 -0.004968941 28.88301 20.84539 25.0159 -14.4372 20.84539 -25.01093 -14.44579 20.84539 0.00496298 -28.88299 -26.25699 19.59923 23.35745 -26.25699 30.0277 -5.294674 20.84541 -25.01588 14.43721 20.84539 -9.87188 -27.14144 4.353735 -7.354793 27.44829 4.353706 27.44828 -7.354726 4.353735 -27.44828 7.354741 4.353706 20.09353 20.09355 4.353706 -20.09355 -20.09354 4.353706 7.354736 -27.44828 -26.25697 -17.48878 24.97655 -27.0583 2.750182 -31.43481 20.84541 -9.882039 27.1406 -26.25697 -5.294706 30.02774 27.10885 20.01463 -23.85249 2.019419 -10.68235 3.883392 1.975321 7.883646 21.74275 1.9753 -16.40625 -16.29172 24.92918 -18.73312 22.32076 24.92915 14.57235 -25.23442 24.92915 -18.73047 -22.32454 24.92915 5.062157 -28.69831 24.92918 5.057627 28.69833 4.480192 -18.75507 15.57482 27.10888 -30.66422 5.406913 13.62989 -4.922437 27.86603 3.169819 -3.374768 23.56676 2.018318 0.00110197 -11.32558 -26.25699 -30.37474 -2.657455 -26.257 17.48877 -24.97654 -26.257 30.37471 2.657465 27.10885 -15.56862 -26.96564 27.10888 -3.1e-5 31.13726 27.10888 -23.85254 20.01463 -27.05827 -31.07567 5.479471 -26.25697 5.294679 30.02775 13.62987 26.59393 -9.670021 13.62987 21.67147 18.19601 13.62987 4.922492 -27.86602 13.62989 -26.5939 9.67004 13.62987 -21.67143 -18.196 -27.05827 13.33564 28.59845 -20.06156 -31.57769 -1.6e-5 1.573768 -6.040667 -10.46273 24.92915 29.13987 0.002822995 12.30532 -9.075292 24.9839 12.3053 9.075306 -24.98389 12.30532 -26.17434 4.632518 12.3053 -17.09905 -20.35138 12.3053 26.17436 -4.632508 12.3053 17.09905 20.3514 24.92915 27.38227 9.969142 24.92915 27.38452 -9.965203 24.92915 22.32241 18.73311 2.124063 2.213742 12.47955 13.62987 -4.900778 -27.86602 13.62989 4.900799 27.86603 13.62987 26.5831 9.688817 13.62987 21.68232 -18.1772 13.62987 -26.58306 -9.688809 4.480165 -4.110601 -24.02979 4.480165 18.75507 -15.57481 4.480192 4.110615 24.02981 2.645668 -20.84043 -9.949034 2.645668 20.84043 9.949047 12.38347 24.07822 -11.30709 12.38349 -2.246901 26.50589 12.38347 21.83133 15.1988 12.38347 -21.83133 -15.19879 12.38347 2.246848 -26.50588 12.38349 -24.0782 11.3071 -20.06158 -18.11205 -25.86673 2.019392 10.68239 -3.883382 -26.99291 -20.43904 17.15041 -26.99294 -25.07217 -9.125544 -26.99294 -17.1504 -20.43905 17.085 -19.07068 19.05823 2.164871 -1.859406 15.03972 24.92915 18.73047 22.32455 24.92915 -27.38227 -9.969129 1.975323 -14.88795 17.69879 2.191519 13.93087 5.944078 2.191519 -13.93085 -5.944068 2.191519 -1.81768 -15.0365 -26.99291 -26.27593 4.633155 -26.25697 -10.42857 28.65212 -27.0583 31.07571 -5.479458 -27.05827 -10.79252 29.65211 -27.0583 10.79252 -29.65209 -0.681415 -12.59748 27.01547 -0.681439 -17.0973 -24.4175 -0.681417 -29.69484 2.597951 -0.68143 17.0973 24.41752 -0.681439 12.5975 -27.01545 -0.681439 29.6948 -2.597941 -26.25699 -28.65211 -10.42853 -26.25699 28.65215 10.42854 -26.25699 23.35744 -19.5992 -26.25699 -5.294706 -30.02773 1.9753 22.3122 -6.062369 -20.06158 29.67328 -10.80018 15.64106 -14.24784 24.65525 24.92915 22.32464 -18.72918 -26.25697 -3.6e-5 30.49098 2.57218 -22.9911 -2.00777 2.57217 13.23436 -18.90701 2.57217 22.99114 2.007778 2.572191 9.756794 20.91481 2.57217 -9.756815 -20.91478 1.9753 11.56774 -20.03585 1.975308 -23.13538 -2e-6 -20.06158 25.86667 18.1121 12.67763 -25.72939 -4.551052 12.67765 8.92338 24.55786 12.67763 16.80603 -20.0068 12.67763 -8.923397 -24.55786 12.67763 25.72945 4.551062 12.67765 -16.80603 20.00681 12.32484 -24.943 -9.186303 12.32484 24.94305 9.18631 12.32486 -20.42707 17.00815 12.32484 20.42707 -17.00812 12.32484 -4.51597 -26.19443 12.32486 4.515941 26.19445 -0.681439 28.01084 -10.19508 -0.681439 5.176189 -29.35562 -0.681415 -28.01081 10.1951 -0.681439 22.83461 19.16054 -0.681415 -5.176175 29.35563 -0.681439 -22.8346 -19.16053 2.164848 13.95449 -5.909563 2.164871 -13.95445 5.909577 -20.06158 -28.61888 -13.34521 -21.58993 -13.02121 27.92406 2.018318 9.807703 5.663781 1.975323 -11.56771 20.03587 -20.06158 20.29771 24.18992 2.019419 -1.978061 11.1929 1.9753 -11.5677 -20.03586 -20.06158 -8.172767 -30.50147 -20.06158 22.32858 -22.32861 -20.06155 -22.32862 22.32863 1.975308 11.56771 20.03587 1.9753 23.13544 1.5e-5 1.573768 4.132091 -11.35273 24.92915 -29.13982 -0.002812981 1.573778 -12.08135 7e-6 -27.05828 -31.55512 -1.7e-5 -27.0583 -15.77751 -27.32753 17.08497 26.04023 6.986578 17.08497 -6.969553 -26.0448 17.085 6.969619 26.04481 17.08497 19.07069 -19.05822 17.08497 -26.04025 -6.986564 24.92918 -14.57237 25.23444 17.08497 11.40061 -24.43276 17.08497 26.85972 -2.343168 17.08498 15.45912 22.0896 17.085 -26.85969 2.343192 17.08497 -15.45909 -22.08959 1.975323 -22.31219 6.062384 1.9753 5.905937 -22.3541 -21.58993 -23.60258 19.80494 24.92915 9.968423 -27.38331 24.92915 28.69886 -5.058773 24.92918 -5.062129 28.69832 24.92915 -22.32241 -18.73311 24.92915 28.69691 5.062989 24.92917 9.963768 27.38373 24.92915 -9.963759 -27.38371 24.92915 25.23797 -14.56853 24.92918 -25.23794 14.56854 24.92915 25.23571 14.57247 24.92915 0.002269983 -29.14099 -20.06155 -13.34521 28.61889 -26.25699 5.294693 -30.02773 -26.25699 -23.35747 -19.59922 -26.25699 28.65215 -10.4285 -26.25699 23.35744 19.59923 17.08497 22.08379 15.47116 17.085 -24.44027 11.38957 17.085 -2.356518 26.86073 17.08497 2.356509 -26.86071 17.08497 24.44033 -11.38955 17.08497 -22.08381 -15.47116 25.57107 -29.69882 -5.238311 -20.06155 8.172838 30.50148 24.92915 14.56749 25.23726 24.92915 -14.56746 -25.23725 -0.681439 22.83462 -19.16051 -0.681415 5.176141 29.35564 -0.681439 -28.01081 -10.1951 -0.681439 28.01083 10.19511 -0.681415 -22.83461 19.16052 -0.681439 -5.176161 -29.35562 24.92917 -28.69883 5.058781 -20.06158 31.09793 5.483426 2.572193 -5.875509 22.29946 -20.06159 15.78887 -27.34705 24.92915 18.73314 -22.32073 24.92918 -0.002260982 29.14101 24.92918 -22.32464 18.7292 24.92915 -25.23571 -14.57245 -20.06155 -5.48347 31.09795 -20.06155 -28.61888 13.3452 -20.06158 5.48342 -31.09793 1.660064 -11.94133 -6.908412 1.660064 11.94141 6.908432 1.660064 0.01218497 -13.79575 27.10885 15.56865 -26.96563 27.10885 26.96564 -15.56861 27.10885 30.6642 5.406945 27.10885 26.96564 15.56864 27.10885 -20.01461 -23.85251 27.10888 -20.01463 23.85251 27.10885 5.406899 -30.66419 27.10885 30.6642 -5.406907 27.10888 -10.64953 29.25943 27.10888 -29.2594 10.64956 27.10885 -5.40689 -30.66419 27.10885 20.01463 23.85253 27.10888 5.406896 30.6642 12.79243 22.65484 13.07702 12.79243 -22.65485 -13.07701 12.79243 22.65242 -13.08115 12.79245 -22.65243 13.08117 12.79243 -0.002388954 -26.15816 12.79245 0.002431988 26.15817 7.945137 -16.1224 23.02519 7.94511 -11.87918 -25.475 7.94511 -28.00158 -2.449827 7.94511 28.00158 2.449834 7.945124 11.87918 25.475 7.94511 16.12242 -23.02516 13.62989 -21.6823 18.17722 -26.99291 -3e-5 26.68131 -26.99293 17.1504 20.43907 -26.99294 9.125533 -25.0722 -26.99294 23.10671 -13.34063 -26.99294 23.10671 13.34066 -26.99291 -25.07217 9.125534 -26.99294 26.27598 -4.633139 -26.99294 -20.43907 -17.1504 -26.99294 -2.8e-5 -26.68129 -26.99291 -9.125528 25.07221 20.84539 -22.12364 -18.56921</float_array>
          <technique_common>
            <accessor source="#rim3Mesh_001-mesh-positions-array" count="424" stride="3">
              <param name="X" type="float"/>
              <param name="Y" type="float"/>
              <param name="Z" type="float"/>
            </accessor>
          </technique_common>
        </source>
        <source id="rim3Mesh_001-mesh-normals">
          <float_array id="rim3Mesh_001-mesh-normals-array" count="1275">0.01919662 0.942344 -0.3340947 0.02243155 0.9868057 0.1603475 0.9136645 0.4063681 -0.009064257 0.5967358 -0.7963903 -0.0983318 0.5986709 -0.7867017 0.1506443 -0.1517105 -0.9868355 0.05603307 0.9140384 -0.310712 -0.2607527 0.9129778 -0.361895 -0.1884247 0.01489329 -0.8993368 -0.437003 0.9149357 0.003326594 0.4035862 0.915355 0.0654326 0.3972957 0.01968473 0.2566951 0.9662919 -0.1507954 0.771129 0.6185635 -0.1517115 0.5419316 0.8266159 0.5986788 0.5238134 0.605973 -0.1470411 0.744697 -0.6510034 -0.004303157 0.4412423 -0.8973778 -0.1546425 0.4472945 -0.8809162 0.5910601 0.01293998 0.8065237 0.5967358 0.3130322 0.7388622 -0.1437773 0.1901975 0.9711607 0.915337 -0.141915 -0.3768532 0.02346956 -0.5990386 -0.8003762 0.003570735 -0.2329859 -0.9724736 0.004364252 0.7704955 -0.6374305 0.005249261 -0.7113417 0.7028269 0.9153349 -0.255416 0.3113274 0.01446592 -0.4395331 0.89811 0.913666 0.1954171 0.3564081 0.9159448 0.257949 0.3074207 0.01098698 0.6189051 0.785389 -0.8055467 0.5902053 -0.05246198 -0.7530919 0.6463052 -0.1230534 -0.7531507 0.4296481 0.4981634 -0.1507954 -0.771129 -0.6185635 -0.1517115 -0.5419316 -0.8266159 0.5986677 -0.5238037 -0.6059923 0.3298187 0.7763419 0.5371341 0.7765603 -0.6279929 -0.05078387 0.4505843 0.1312017 0.8830403 -0.143777 0.9361533 0.3208509 0.5967358 0.7963903 0.0983318 -0.1517105 0.9868355 -0.05603307 -0.09586113 0.6626046 -0.7428094 -0.1039782 0.3966553 0.9120599 0.7730246 0.2702183 0.5739469 0.3187117 -0.8048516 -0.5006365 -0.8039002 -0.585659 -0.1036729 -0.7530329 -0.4292843 -0.4986547 0.9149619 -0.3968091 0.07339835 0.9153947 -0.3798122 0.1333997 0.00939989 -0.9098418 0.4148491 -0.1437754 -0.7459475 0.6503008 0.5967335 -0.4833562 0.6405279 -0.1517112 -0.4448791 0.8826473 0.9158894 0.2006655 -0.3476778 0.009491562 0.4897798 -0.8717946 0.916073 0.2569435 -0.3078806 0.9137237 0.4016368 -0.06161886 -0.1507956 -0.9212544 0.3585402 -0.997368 0.02398806 -0.06842404 0.4302585 -0.8362848 -0.3398609 -0.9383413 0.0310074 -0.3443169 0.643656 0.4736014 -0.6011728 0.4950785 0.7029737 -0.5106127 0.08603388 0.9363321 -0.3404123 0.5701687 -0.3780778 -0.7293593 -0.1482018 0.9215918 -0.3587546 0.5933271 0.7884985 -0.1619663 0.08603262 -0.7629711 -0.6406821 0.643131 -0.2845 -0.7109447 0.700236 -0.4246463 -0.5738859 -0.8043146 -0.3710883 0.4640816 -0.7899944 -0.2923758 0.5389114 0.7684871 0.318382 -0.555032 -0.1409047 -0.1876288 -0.9720809 0.5967358 -0.3130322 -0.7388622 -0.1507949 -0.1501235 0.9770998 0.5986683 -0.2628635 0.7566367 0.08603316 -0.1733481 0.9810957 0.6431267 -0.4734411 0.6018651 0.7002389 -0.2846552 0.6547038 0.643131 0.2845 0.7109447 0.455564 0.6244282 -0.634469 0.4555628 0.8616843 0.2235239 0.7679508 -0.3569508 0.5318249 0.4252308 -0.8505225 0.3095001 0.2804397 -0.9443513 0.1719139 0.2803544 -0.828489 0.4847756 0.9141959 0.148017 0.3772755 0.2775446 0.728196 0.6266576 0.3983376 0.7943558 0.4586132 0.3982764 0.702645 0.5896322 -0.9383332 0.3137034 -0.1453309 0.4555592 -0.2372252 -0.8580152 0.6431328 0.7579463 0.1090759 0.5910681 0.7049357 0.3920514 0.02285861 -0.999737 -0.001861631 -0.9973669 -0.04727417 -0.05499553 0.455564 -0.6244282 0.634469 -0.9383423 -0.2826991 -0.1989849 0.7711589 -0.2804713 -0.5715329 -0.7887097 -0.3193232 -0.5253283 -0.7875714 -0.6160246 0.01565617 -0.03024423 -0.9599111 0.2786681 0.9994311 0.0330519 0.006714105 0.9902604 0.08893328 -0.1071228 0.7740018 0.6306829 0.05621665 -0.1407235 0.7601388 -0.6343391 0.3983084 -0.9033431 0.159128 0.4252242 -0.693305 -0.5818184 0.2804445 -0.6210736 -0.7318597 0.2803826 -0.8340674 -0.475097 0.4252193 -0.1572026 0.8913339 0.2804423 -0.323261 0.9038001 0.2803753 0.005584895 0.9598742 0.2804996 0.333389 0.9000954 -0.05432367 0.1793597 0.9822826 -0.1455788 0.5693444 0.8091069 -0.001648008 0.7361922 -0.6767706 0.9149401 0.3478292 -0.2046934 0.5910636 -0.6919902 0.41448 0.2803753 -0.005584895 -0.9598742 0.4253715 -0.1571415 -0.891272 0.3983311 0 -0.9172418 0.06677508 0.5471712 -0.834353 0.1088011 0.3027815 -0.9468293 0.1933107 0.6677063 -0.7188876 0.9153526 -0.3113536 0.2553209 0.08603388 -0.9363321 0.3404123 0.6431328 -0.7579463 -0.1090759 0.7002319 -0.7093267 0.08081477 -0.997368 -0.02398806 0.06842404 -0.9383324 -0.03097659 0.3443441 0.5524371 0.7545081 -0.3543033 0.5701687 0.3780778 0.7293593 0.07675606 -0.8532594 -0.5158072 0.9888909 0.1467985 -0.02334737 -0.7910565 0.2917021 -0.5377169 -0.7530189 0.2172017 -0.6211169 0.4253848 -0.850434 -0.3095317 0.2804986 -0.9462059 -0.161292 -0.143777 -0.9361533 -0.3208509 -0.02365207 0.9302135 -0.3662563 0.9149357 -0.003326594 -0.4035862 0.915355 -0.0654326 -0.3972957 0.4253715 0.1571415 0.891272 0.3983311 0 0.9172418 0.5524367 -0.6840985 -0.4762595 0.5701627 0.4425917 -0.692118 0.0860629 0.7629691 0.6406804 0.7002269 0.4246713 0.5738785 -0.0763902 -0.8249413 0.5600324 0.9985755 -0.009735465 0.0524618 -0.7530035 -0.2136963 0.6223502 -0.7940625 0.3171611 0.5185303 -0.1273877 0.8951628 0.4271487 0.9889758 -0.1265022 0.0769695 -0.7527779 -0.6487392 0.1116379 -0.9679592 0.2377476 0.08081585 -0.9025344 0.1344966 -0.4090749 0.4103333 0.844136 0.3450523 0.2770527 0.8459294 0.4556812 0.3360187 0.9284616 0.1582736 0.2804397 0.9443513 -0.1719139 0.4252268 0.8505145 -0.3095277 0.3983084 0.9033431 -0.159128 0.590751 -0.0313732 -0.8062438 0.01080375 -0.1384044 0.9903169 0.9161266 -0.1360548 0.3770957 0.9943584 0.08642876 0.06149506 0.3187102 0.03112936 -0.947341 0.9902598 0.1372452 0.02343881 -0.05456829 0.9362072 -0.3471865 0.2803825 0.8284819 -0.4847715 0.3985546 0.5895458 -0.7025597 0.4253809 0.6932811 -0.5817323 -0.3343065 -0.1981302 -0.9214031 0.4950861 -0.09070372 -0.8640964 0.3930538 -0.09763014 -0.9143179 0.8948152 -0.4149049 0.1648022 0.1486594 0.1382219 -0.9791809 0.3985546 -0.5895458 0.7025597 0.280503 -0.6127974 0.7387811 0.4254376 -0.4527217 0.7836108 0.4253809 -0.6932811 0.5817323 -0.9383374 -0.3137049 0.145301 0.3439174 0.8078048 -0.4787194 0.9973407 -0.07104891 0.01623624 0.5910681 -0.7049357 -0.3920514 0.004577815 0.8387548 0.5444902 0.9149233 0.3780975 0.1412715 0.2804996 -0.333389 -0.9000954 0.3983123 -0.5894875 -0.702746 0.01141399 0.1495723 -0.988685 0.9157817 0.1373657 -0.3774582 0.9212051 -0.387373 -0.0363782 0.345419 -0.008331775 0.9384117 0.9975525 0.02234005 -0.06625729 -0.0271005 0.8048983 0.5927938 0.004059016 -0.8432723 -0.5374712 -0.9383423 0.2826991 0.1989849 0.4950861 0.09070372 0.8640964 0.5701937 0.8206662 0.03723365 -0.3343089 0.8970246 0.2891098 0.495087 0.7936896 0.3534767 0.3930517 0.8406406 0.3726041 -0.04416054 0.09256327 -0.994727 0.06027567 0.2732702 0.960047 -0.8047929 0.3817654 -0.4544928 -0.6704106 -0.727176 0.1475288 -0.9025451 -0.2870028 -0.3210012 -0.1500915 0.1454526 -0.9779142 -0.3343089 -0.8970246 -0.2891098 0.495087 -0.7936896 -0.3534767 0.3930517 -0.8406406 -0.3726041 0.5701953 -0.4425933 0.69209 -0.3343061 -0.6988871 0.6322945 0.4950785 -0.7029737 0.5106127 0.3930511 -0.7430098 0.541708 -0.1637055 0.8678166 -0.4691428 0.5862177 0.6238481 -0.5168775 -0.9025321 -0.4215255 0.08804666 -0.8038993 0.2030119 0.5590459 -0.9679566 -0.1888852 0.1654767 -0.9025451 0.2870028 0.3210012 -0.9973683 0.04724371 0.05499559 -0.9025437 0.4215004 -0.0880478 0.2809015 0.6083147 0.7423259 0.3983123 0.5894875 0.702746 0.4254341 0.4522603 0.7838791 0.9153347 -0.1974903 -0.3509414 0.9153939 -0.2621907 -0.305467 0.9153397 -0.2051823 0.3464874 0.4252193 0.1572026 -0.8913339 0.9161302 0.3063533 0.25856 0.9153704 0.3508823 0.1974304 0.3983376 -0.7943558 -0.4586132 -0.3343065 0.1981302 0.9214031 0.3930538 0.09763014 0.9143179 0.6561284 0.7508289 -0.07583975 -0.1455776 0.9853801 -0.08850628 -0.9979668 -0.06329607 0.007477104 -0.9025344 -0.1344966 0.4090749 -0.9973673 0.0712623 -0.01342844 0.6052608 0.1286087 -0.7855694 -0.6906722 -0.2344458 0.6841106 -0.6738635 -0.04113984 0.7377097 -0.09378445 0.3394919 -0.935922 0.4178359 0.8959774 0.1504588 0.4301981 0.9020245 -0.03579896 0.9159079 -0.3972668 -0.05737584 -0.6802108 0.609559 0.4071255 -0.6734083 0.7059723 0.2193726 -0.09357231 -0.8633009 -0.4959394 0.2887712 0.2890153 -0.912733 -0.05203539 0.08536249 -0.9949903 -0.6691557 0.3228891 0.6693083 -0.6846047 0.4684684 0.5584387 -0.09689885 -0.4846165 -0.8693432 -0.09378498 -6.71419e-4 -0.9955923 -0.09357076 0.1749951 -0.9801129 0.915952 0.3770992 -0.1372157 0.3983376 -0.7943558 0.4586132 0.9158924 0.39532 0.06973719 0.3985481 -0.9032108 -0.1592788 0.4254134 -0.9049991 -2.44157e-4 -0.09357035 0.7612893 0.6416254 -0.09378552 0.6407815 0.7619733 -0.6554927 -0.6099884 -0.4452455 -0.6757573 -0.1639189 -0.7186673 -0.6838685 -0.3452304 -0.6427595 -0.09696114 0.4839817 0.8696898 -0.1744762 -0.9841107 -0.03292983 -0.9760069 -0.1612029 -0.1463705 -0.253131 -0.8659071 -0.4314275 -0.1827799 -0.4328547 -0.8827391 -0.2993286 -0.6630824 -0.6860936 -0.9679555 -0.04886162 -0.2463226 -0.1744817 -0.4635043 -0.8687463 -0.976002 0.04617542 -0.2128099 -0.253123 -0.05929803 -0.9656152 -0.1827804 0.548036 -0.8162401 -0.2993353 0.2626204 -0.9172944 -0.9679566 0.1888852 -0.1654767 -0.1744762 -0.5205906 0.8357892 -0.9760062 -0.2073784 0.06637936 -0.2531251 -0.8065883 0.5341751 -0.1827771 -0.9809049 -0.0664699 -0.2993351 -0.925717 0.2311851 -0.9679522 -0.2377763 -0.08081525 -0.1827799 0.4328547 0.8827391 -0.2993286 0.6630824 0.6860936 -0.9679555 0.04886162 0.2463226 -0.1744762 0.9841107 0.03292983 -0.9760025 0.1612021 0.1464003 -0.253131 0.8659071 0.4314275 -0.6569191 0.745485 -0.1127368 -0.6654549 0.6569093 -0.3544576 -0.09378618 -0.9357866 0.3398643 -0.009705126 0.7118337 -0.7022811 0.9985078 -0.04944014 0.02319413 -0.1744817 0.4635043 0.8687463 -0.976002 -0.04617542 0.2128099 -0.253123 0.05929803 0.9656152 -0.1827804 -0.548036 0.8162401 -0.2993353 -0.2626204 0.9172944 -0.1744762 0.5205906 -0.8357892 -0.9760042 0.207378 -0.06640976 -0.2531251 0.8065883 -0.5341751 -0.1827771 0.9809049 0.0664699 -0.2993351 0.925717 -0.2311851 -0.05432379 -0.7609912 0.6464839 -0.1455751 -0.4160334 0.8976215 -0.05432349 0.9403769 0.3357682 -0.05432349 -0.9403769 -0.3357682 -0.1455776 -0.9853801 0.08850628 -0.05432367 -0.1793597 -0.9822826 -0.1455788 -0.5693444 -0.8091069 -0.09695893 0.9951648 0.01568675 -0.0952503 0.9444769 0.3144695 -0.6681026 -0.718765 -0.192395 -0.09356981 0.8633086 0.4959264 -0.04522949 -0.7870911 -0.6151763 -0.04522842 -0.1392254 0.9892273 -0.04522895 -0.9263093 0.3740395 -0.6802317 -0.6573732 0.3242614 -0.09378618 0.9357866 -0.3398643 -0.09696006 0.5111692 -0.8539935 -0.09525012 0.744575 -0.6607084 -0.6800603 -0.529753 0.5068331 0.4254125 0.4527276 -0.783621 0.3983032 0.3138571 -0.8618865 0.9159484 0.06970632 -0.3951958 0.3983032 -0.3138571 0.8618865 -0.09378552 -0.6407815 -0.7619733 -0.09357035 -0.7612893 -0.6416254 -0.6891269 -0.7244682 -0.01580899 -0.8038993 -0.2030119 -0.5590459 0.9670706 0.224196 -0.1204603 0.9992759 0.02121049 0.03158688 -0.09696006 -0.5111692 0.8539935 -0.09525012 -0.744575 0.6607084 -0.6757476 0.5404272 -0.5013021 -0.09378445 -0.3394919 0.935922 -0.6817628 0.2416185 -0.6905217 0.999385 -0.02072256 -0.02829134 0.9670726 -0.2241894 0.1204568 -0.08932882 -0.1930015 -0.9771238 -0.09357124 -0.8611547 0.4996571 0.9670815 0.2163786 0.1339167 0.9943586 0.0964694 -0.04409945 -0.09387725 -0.9804622 0.1728611 -0.09695893 -0.9951648 -0.01568675 -0.0952512 -0.9444859 -0.314442 0.3985562 -0.3136506 -0.8618447 0.4254091 -0.4522661 -0.7838893 0.5524251 0.6841147 0.4762496 0.9943586 -0.0964694 0.04409945 -0.1388917 0.740054 -0.6580496 0.7416124 -0.6340938 0.2189435 0.55243 0.07037752 -0.830583 -0.09525001 0.1998999 0.9751757 -0.6654309 0.02139359 -0.7461529 -0.09357023 0.00213629 0.9956105 0.9670732 -0.007751941 0.2543805 -0.09039837 0.7628927 0.6401743 0.7822328 0.1348635 -0.6082134 -0.361625 0.7031988 -0.6121592 -0.09039634 -0.1729189 0.9807791 -0.09357076 -0.1749951 0.9801129 -0.6838712 -0.3840214 0.6203611 0.9081785 -0.1037029 -0.4055338 -0.6759797 -0.5002476 -0.5411134 0.1344071 0.9566896 0.2582241 -0.689133 0.3759407 -0.6194872 0.9670731 -0.2164141 -0.1339198 -0.09552603 -0.2020696 -0.9747014 -0.02429342 0.7925285 0.6093509 0.9153697 -0.3464262 0.2051517 -0.1014167 0.8605614 -0.4991482 -0.6737778 0.1052615 0.7313985 0.02090555 0.8890208 0.4573894 0.834719 0.1964188 -0.514455 -0.6631456 0.7359027 0.1366942 0.9890866 0.05093598 -0.1382505 -0.08932995 0.9427106 0.3214293 0.4370035 0.8560923 -0.2759236 -0.09387725 0.9804622 -0.1728611 -0.6568588 0.7537869 -0.01849442 0.6234178 0.5934174 -0.509123 0.5679692 0.5135223 -0.6431999 0.7279545 0.5254567 0.4404289 -0.3063248 0.7376272 0.6017236 -0.3036953 0.3116913 0.9003432 0.7279527 -0.1186906 0.6752759 -0.3063246 -0.1522925 0.9396661 -0.3036965 -0.6238428 0.7201309 0.7279545 -0.5254567 -0.4404289 -0.3063248 -0.7376272 -0.6017236 -0.3036953 -0.3116913 -0.9003432 0.7279462 0.6441708 -0.2348154 -0.3063169 0.8899272 -0.3379343 -0.3036976 0.9355692 0.1802164 0.7279462 -0.6441708 0.2348154 -0.3063169 -0.8899272 0.3379343 -0.3036976 -0.9355692 -0.1802164 -0.08933085 -0.94272 -0.3214019 -0.08933031 -0.7497097 0.6557099 -0.08932882 0.1930015 0.9771238 -0.09039622 -0.7629054 -0.6401593 -0.09039902 -0.935853 0.3405987 0.3983376 0.7943558 -0.4586132 0.3985562 0.3136506 0.8618447 0.6284821 0.2581315 -0.7337428 0.9153526 0.3113536 -0.2553209 0.567354 0.0909475 0.8184363 0.9159484 -0.06970632 0.3951958 -0.9005702 -0.3123063 0.3023874 -0.900568 -0.1057499 -0.4216567 -0.9005548 -0.4180798 -0.1192072 -0.9005631 0.4180532 0.1192388 -0.9005709 0.1057197 0.4216581 -0.9005705 0.3122759 -0.3024181 0.4346822 0.8928759 0.1175763</float_array>
          <technique_common>
            <accessor source="#rim3Mesh_001-mesh-normals-array" count="425" stride="3">
              <param name="X" type="float"/>
              <param name="Y" type="float"/>
              <param name="Z" type="float"/>
            </accessor>
          </technique_common>
        </source>
        <vertices id="rim3Mesh_001-mesh-vertices">
          <input semantic="POSITION" source="#rim3Mesh_001-mesh-positions"/>
        </vertices>
        <polylist material="rim_001-material" count="872">
          <input semantic="VERTEX" source="#rim3Mesh_001-mesh-vertices" offset="0"/>
          <input semantic="NORMAL" source="#rim3Mesh_001-mesh-normals" offset="1"/>
          <vcount>3 3 3 3 3 3 3 3 3 3 3 3 3 3 3 3 3 3 3 3 3 3 3 3 3 3 3 3 3 3 3 3 3 3 3 3 3 3 3 3 3 3 3 3 3 3 3 3 3 3 3 3 3 3 3 3 3 3 3 3 3 3 3 3 3 3 3 3 3 3 3 3 3 3 3 3 3 3 3 3 3 3 3 3 3 3 3 3 3 3 3 3 3 3 3 3 3 3 3 3 3 3 3 3 3 3 3 3 3 3 3 3 3 3 3 3 3 3 3 3 3 3 3 3 3 3 3 3 3 3 3 3 3 3 3 3 3 3 3 3 3 3 3 3 3 3 3 3 3 3 3 3 3 3 3 3 3 3 3 3 3 3 3 3 3 3 3 3 3 3 3 3 3 3 3 3 3 3 3 3 3 3 3 3 3 3 3 3 3 3 3 3 3 3 3 3 3 3 3 3 3 3 3 3 3 3 3 3 3 3 3 3 3 3 3 3 3 3 3 3 3 3 3 3 3 3 3 3 3 3 3 3 3 3 3 3 3 3 3 3 3 3 3 3 3 3 3 3 3 3 3 3 3 3 3 3 3 3 3 3 3 3 3 3 3 3 3 3 3 3 3 3 3 3 3 3 3 3 3 3 3 3 3 3 3 3 3 3 3 3 3 3 3 3 3 3 3 3 3 3 3 3 3 3 3 3 3 3 3 3 3 3 3 3 3 3 3 3 3 3 3 3 3 3 3 3 3 3 3 3 3 3 3 3 3 3 3 3 3 3 3 3 3 3 3 3 3 3 3 3 3 3 3 3 3 3 3 3 3 3 3 3 3 3 3 3 3 3 3 3 3 3 3 3 3 3 3 3 3 3 3 3 3 3 3 3 3 3 3 3 3 3 3 3 3 3 3 3 3 3 3 3 3 3 3 3 3 3 3 3 3 3 3 3 3 3 3 3 3 3 3 3 3 3 3 3 3 3 3 3 3 3 3 3 3 3 3 3 3 3 3 3 3 3 3 3 3 3 3 3 3 3 3 3 3 3 3 3 3 3 3 3 3 3 3 3 3 3 3 3 3 3 3 3 3 3 3 3 3 3 3 3 3 3 3 3 3 3 3 3 3 3 3 3 3 3 3 3 3 3 3 3 3 3 3 3 3 3 3 3 3 3 3 3 3 3 3 3 3 3 3 3 3 3 3 3 3 3 3 3 3 3 3 3 3 3 3 3 3 3 3 3 3 3 3 3 3 3 3 3 3 3 3 3 3 3 3 3 3 3 3 3 3 3 3 3 3 3 3 3 3 3 3 3 3 3 3 3 3 3 3 3 3 3 3 3 3 3 3 3 3 3 3 3 3 3 3 3 3 3 3 3 3 3 3 3 3 3 3 3 3 3 3 3 3 3 3 3 3 3 3 3 3 3 3 3 3 3 3 3 3 3 3 3 3 3 3 3 3 3 3 3 3 3 3 3 3 3 3 3 3 3 3 3 3 3 3 3 3 3 3 3 3 3 3 3 3 3 3 3 3 3 3 3 3 3 3 3 3 3 3 3 3 3 3 3 3 3 3 3 3 3 3 3 3 3 3 3 3 3 3 3 3 3 3 3 3 3 3 3 3 3 3 3 3 3 3 3 3 3 3 3 3 3 3 3 3 3 3 3 3 3 3 3 3 3 3 3 3 3 3 3 3 3 3 3 3 3 3 3 3 3 3 3 3 3 3 3 3 3 3 3 3 3 3 3 3 3 3 3 3 3 3 3 3 3 3 3 3 3 3 3 3 3 3 3 3 3 3 3 3 3 3 3 3 3 3 3 3 3 3 3 3 3 3 3 3 3 3 3 3 3 3 3 3 3 3 3 3 3 3 3 3 3 3 3 3 3 3 3 3 3 3 3 3 3 3 3 3 3 3 3 3 3 3 3 3 3 3 3 3 3 3 3 3 3 3 3 3 3 3 3 3 3 3 3 3 3 3 3 3 3 </vcount>
          <p>278 0 374 1 72 2 208 3 179 4 272 5 55 6 129 7 310 8 210 9 399 10 364 11 307 12 268 13 123 14 371 15 311 16 267 17 171 18 172 19 372 20 19 21 249 22 317 23 311 16 371 15 340 24 319 25 392 26 352 27 111 28 398 29 314 30 321 31 277 32 157 33 305 34 270 35 178 36 242 37 284 38 37 39 369 40 206 41 269 42 205 43 221 44 286 45 241 46 30 47 195 48 202 49 396 50 382 51 367 52 207 53 271 54 387 55 376 56 192 57 72 2 394 58 278 0 302 59 272 5 179 4 48 60 201 61 148 62 148 62 201 61 295 63 403 64 217 65 162 66 304 67 269 42 3 68 215 69 291 70 112 71 258 72 48 60 313 73 295 63 201 61 149 74 368 75 101 76 270 35 303 77 271 54 126 78 372 20 172 19 268 13 216 79 292 80 116 81 293 82 238 83 286 45 292 80 239 84 283 85 230 86 145 87 175 88 101 76 178 36 270 35 364 11 40 89 314 30 423 90 380 91 344 92 122 93 132 94 290 95 156 96 206 41 369 40 382 51 220 97 202 49 52 98 240 99 120 100 291 70 240 99 285 101 316 102 288 103 221 44 63 104 98 105 149 74 241 46 260 106 282 107 288 103 313 73 324 108 145 87 230 86 342 109 231 110 142 111 173 112 199 113 143 114 177 115 181 116 328 117 337 118 318 119 278 0 388 120 170 121 207 53 367 52 174 122 200 123 378 124 120 100 240 99 291 70 279 125 190 126 113 127 211 128 392 26 319 25 214 129 294 130 141 131 53 132 239 84 121 133 121 133 239 84 292 80 46 134 321 31 152 135 283 85 322 136 386 137 316 102 287 138 339 139 229 140 173 112 84 141 370 142 208 3 272 5 155 143 324 108 282 107 324 108 155 143 288 103 92 144 397 145 317 23 177 115 95 146 351 147 28 148 316 102 153 149 218 150 293 82 134 151 232 152 285 101 43 153 64 154 320 155 232 152 320 155 277 32 312 156 242 37 259 157 284 38 241 46 282 107 132 94 313 73 288 103 338 158 248 159 162 66 225 160 290 95 132 94 282 107 257 161 176 162 83 163 144 164 96 165 373 166 281 167 101 76 368 75 381 168 352 27 395 169 118 170 97 171 283 85 97 171 261 172 286 45 221 44 205 43 316 102 287 138 316 102 205 43 358 173 180 174 144 164 113 127 196 175 379 176 68 177 405 178 234 179 149 74 150 180 203 181 377 182 82 183 197 184 280 185 175 88 82 183 119 186 37 39 294 130 294 130 37 39 284 38 1 187 100 188 283 85 205 43 322 136 287 138 169 189 208 3 370 142 374 1 289 190 18 191 200 123 174 122 85 192 142 111 231 110 256 193 207 53 126 78 271 54 383 194 376 56 27 195 310 8 31 196 220 97 123 14 156 96 307 12 6 197 128 198 285 101 232 152 315 199 64 154 149 74 131 200 315 199 315 199 131 200 64 154 147 201 238 83 293 82 404 202 216 79 161 203 71 204 401 205 237 206 134 151 153 149 218 150 100 188 1 187 284 38 250 207 114 208 277 32 277 32 124 209 250 207 284 38 114 208 250 207 3 68 340 24 304 67 220 97 382 51 212 210 223 211 150 180 313 73 306 212 267 17 311 16 49 213 400 214 235 215 112 71 151 216 215 69 141 131 152 135 214 129 50 217 402 218 236 219 403 64 168 220 217 65 403 64 295 63 412 221 228 222 151 216 320 155 194 223 52 98 320 155 247 224 161 203 224 225 224 225 161 203 287 138 54 226 238 83 147 201 226 227 153 149 316 102 137 228 198 229 366 230 209 231 391 232 249 22 22 233 395 169 352 27 174 122 378 124 343 234 57 235 390 236 289 190 173 112 229 140 350 237 4 238 404 202 233 239 328 117 181 116 177 115 217 65 290 95 115 240 144 164 336 241 358 173 60 242 37 39 119 186 227 243 152 135 321 31 61 244 132 94 122 93 225 160 162 66 288 103 126 78 171 18 303 77 317 23 383 194 92 144 98 105 63 104 282 107 338 158 258 72 313 73 320 155 64 154 194 223 128 198 6 197 149 74 311 16 191 245 306 212 265 246 139 247 422 248 363 249 83 163 323 250 220 97 31 196 66 251 178 36 169 189 305 34 13 252 159 253 417 254 405 178 68 177 203 181 190 126 35 255 359 256 219 257 146 258 136 259 413 260 65 261 139 247 388 120 278 0 70 262 175 88 280 185 348 263 401 205 71 204 218 150 344 92 137 228 423 90 18 191 389 264 374 1 345 265 84 141 222 266 420 267 253 268 130 269 117 270 326 271 73 272 409 273 297 274 74 275 109 276 185 277 245 278 410 279 301 280 75 281 105 282 182 283 244 284 411 285 299 286 76 287 110 288 183 289 243 290 106 291 186 292 246 293 408 294 296 295 77 296 179 4 170 121 302 59 264 297 20 298 78 299 114 208 284 38 259 157 285 101 79 300 385 301 407 302 300 303 80 304 108 305 187 306 247 224 406 307 298 308 81 309 107 310 184 311 248 159 330 312 82 183 175 88 82 183 330 312 333 313 83 163 331 314 336 241 331 314 83 163 176 162 327 315 84 141 173 112 84 141 327 315 334 316 329 317 85 192 174 122 85 192 329 317 335 318 94 319 252 320 86 321 130 269 86 321 42 322 400 214 49 213 215 69 142 111 335 318 357 323 404 202 4 238 216 79 143 114 333 313 360 324 402 218 50 217 214 129 145 87 334 316 361 325 212 210 90 326 418 327 127 328 251 329 138 330 332 331 113 127 190 126 91 332 395 169 22 233 27 195 393 333 383 194 143 114 199 113 341 334 414 335 136 259 146 258 417 254 93 336 13 252 86 321 325 337 94 319 206 41 3 68 269 42 366 230 181 116 137 228 95 146 397 145 92 144 379 176 180 174 113 127 96 165 396 50 202 49 24 338 238 83 54 226 97 171 24 338 339 139 309 339 98 105 282 107 98 105 17 340 149 74 99 341 102 342 133 343 415 344 99 341 266 345 100 188 38 346 283 85 308 347 100 188 284 38 178 36 101 76 136 259 213 348 281 167 413 260 20 298 133 343 416 349 416 349 78 299 20 298 26 350 103 351 286 45 155 143 282 107 260 106 419 352 104 353 264 297 104 353 67 354 159 253 298 308 406 307 48 60 406 307 244 284 223 211 407 302 246 293 226 227 300 303 407 302 54 226 408 294 248 159 225 160 296 295 408 294 61 244 299 286 411 285 53 132 411 285 247 224 224 225 410 279 245 278 228 222 301 280 410 279 52 98 409 273 243 290 227 243 297 274 409 273 60 242 346 355 85 192 365 356 314 30 40 89 111 28 112 71 16 357 151 216 135 358 242 37 285 101 254 359 113 127 180 174 113 127 254 359 279 125 114 208 312 156 277 32 114 208 385 301 312 156 115 240 63 104 2 360 115 240 162 66 217 65 116 81 97 171 11 361 116 81 161 203 216 79 73 272 62 362 117 270 189 363 117 270 421 364 33 365 118 170 283 85 205 43 286 45 261 172 297 274 245 278 185 277 294 130 400 214 119 186 301 280 244 284 182 283 291 70 405 178 120 100 292 80 402 218 121 133 299 286 243 290 183 289 290 95 401 205 122 93 296 295 246 293 186 292 253 268 420 267 354 366 62 362 73 272 172 19 124 209 239 84 53 132 1 187 124 209 277 32 203 181 295 63 149 74 125 367 279 125 9 368 99 341 415 344 126 78 171 18 353 369 8 370 138 330 32 371 127 328 422 248 127 328 265 246 255 372 128 198 149 74 128 198 43 153 285 101 129 7 31 196 310 8 83 163 363 249 257 161 15 373 130 269 253 268 310 8 249 22 55 6 131 200 149 74 17 340 131 200 193 374 313 73 30 47 132 94 61 244 241 46 132 94 30 47 133 343 41 375 99 341 192 57 376 56 318 119 134 151 28 148 153 149 103 351 241 46 286 45 259 157 385 301 114 208 29 376 135 358 285 101 136 259 69 377 219 257 69 377 136 259 101 76 137 228 337 118 362 378 337 118 137 228 181 116 382 51 34 379 319 25 90 326 138 330 47 380 139 247 5 381 413 260 364 11 381 168 210 9 250 207 287 138 140 382 140 382 283 85 38 346 141 131 1 187 46 134 141 131 46 134 152 135 365 356 85 192 142 111 335 318 142 111 85 192 197 184 82 183 143 114 333 313 143 114 82 183 323 250 83 163 144 164 336 241 144 164 83 163 222 266 84 141 145 87 334 316 145 87 84 141 314 30 57 235 289 190 146 258 13 252 414 335 293 82 404 202 147 201 300 303 247 224 187 306 298 308 248 159 184 311 295 63 403 64 148 62 150 180 149 74 375 383 149 74 6 197 375 383 405 178 203 181 150 180 244 284 150 180 223 211 400 214 215 69 151 216 245 278 151 216 228 222 243 290 152 135 227 243 402 218 214 129 152 135 401 205 218 150 153 149 246 293 153 149 226 227 154 384 37 39 60 242 242 37 37 39 154 384 260 106 384 385 155 143 155 143 221 44 288 103 206 41 273 386 252 320 156 96 354 366 420 267 16 357 320 155 151 216 242 37 154 384 157 33 340 24 3 68 158 387 262 388 418 327 158 387 289 190 374 1 159 253 159 253 39 389 104 353 160 390 158 387 47 380 188 391 160 390 251 329 116 81 11 361 161 203 11 361 287 138 161 203 115 240 2 360 162 66 2 360 288 103 162 66 404 202 293 82 233 239 163 392 45 393 58 394 402 218 292 80 236 219 164 395 88 396 36 397 165 398 87 399 21 400 405 178 291 70 234 179 401 205 290 95 237 206 166 401 59 402 14 403 400 214 294 130 235 215 167 404 89 405 25 406 168 220 403 64 412 221 180 174 358 173 254 359 93 336 417 254 169 189 208 3 274 407 67 354 207 53 275 408 102 342 78 299 416 349 170 121 172 19 276 409 62 362 8 370 421 364 171 18 123 14 172 19 73 272 172 19 123 14 268 13 173 112 357 323 327 315 357 323 173 112 142 111 359 256 174 122 190 126 174 122 359 256 329 317 175 88 361 325 330 312 361 325 175 88 145 87 362 378 423 90 137 228 176 162 362 378 331 314 360 324 177 115 143 114 177 115 360 324 328 117 136 259 414 335 178 36 169 189 356 410 93 336 104 353 419 352 179 4 170 121 355 411 78 299 180 174 379 176 349 412 96 165 144 164 180 174 347 413 181 116 366 230 95 146 177 115 181 116 368 75 306 212 191 245 182 283 75 281 301 280 183 289 76 287 299 286 367 52 302 59 170 121 371 15 304 67 340 24 184 311 81 309 298 308 185 277 74 275 297 274 370 142 305 34 169 189 186 292 77 296 296 295 369 40 307 12 156 96 372 20 303 77 171 18 187 306 80 304 300 303 127 328 422 248 263 414 251 329 127 328 188 391 421 364 8 370 189 363 266 345 189 363 415 344 190 126 91 332 332 331 343 234 190 126 174 122 191 245 263 414 422 248 65 261 413 260 281 167 82 183 377 182 280 185 192 57 318 119 12 415 282 107 193 374 17 340 131 200 17 340 193 374 6 197 194 223 64 154 194 223 240 99 52 98 339 139 24 338 316 102 24 338 54 226 316 102 196 175 392 26 211 128 22 233 332 331 91 332 197 184 387 55 192 57 27 195 341 334 199 113 55 6 344 92 380 91 198 229 391 232 209 231 92 144 351 147 95 146 199 113 393 333 27 195 40 89 346 355 365 356 200 123 399 10 210 9 258 72 338 158 63 104 63 104 149 74 201 61 144 164 373 166 323 250 66 251 202 49 220 97 295 63 203 181 35 255 203 181 359 256 35 255 64 154 204 416 6 197 204 416 313 73 150 180 261 172 386 137 205 43 205 43 386 137 322 136 3 68 206 41 94 319 252 320 94 319 206 41 102 342 99 341 207 53 126 78 207 53 99 341 67 354 104 353 208 3 179 4 208 3 104 353 209 231 249 22 19 21 19 21 347 413 366 230 56 417 343 234 378 124 56 417 210 9 381 168 34 379 349 412 379 176 34 379 211 128 319 25 418 327 262 388 212 210 262 388 94 319 212 210 101 76 281 167 213 348 101 76 213 348 69 377 294 130 214 129 89 405 214 129 361 325 334 316 291 70 215 69 87 399 215 69 357 323 335 318 292 80 216 79 88 396 216 79 360 324 333 313 290 95 217 65 59 402 217 65 358 173 336 241 293 82 218 150 45 393 218 150 362 378 337 118 5 381 219 257 69 377 364 11 314 30 219 257 310 8 220 97 86 321 325 337 86 321 220 97 286 45 221 44 384 385 155 143 384 385 221 44 389 264 345 265 222 266 342 109 394 58 72 2 313 73 48 60 223 211 223 211 48 60 406 307 287 138 53 132 224 225 224 225 53 132 411 285 288 103 61 244 225 160 225 160 61 244 408 294 316 102 54 226 226 227 226 227 54 226 407 302 321 31 60 242 227 243 227 243 60 242 409 273 320 155 52 98 228 222 228 222 52 98 410 279 345 265 389 264 18 191 390 236 350 237 229 140 348 263 388 120 70 262 394 58 342 109 230 86 350 237 390 236 57 235 398 29 256 193 231 110 79 300 232 152 320 155 79 300 285 101 232 152 58 394 233 239 163 392 233 239 328 117 360 324 21 400 234 179 165 398 234 179 329 317 359 256 235 215 327 315 357 323 25 406 235 215 167 404 236 219 330 312 361 325 36 397 236 219 164 395 14 403 237 206 166 401 237 206 331 314 362 378 97 171 286 45 238 83 97 171 238 83 24 338 1 187 283 85 239 84 1 187 239 84 124 209 6 197 240 99 194 223 6 197 285 101 240 99 195 48 28 148 241 46 134 151 241 46 28 148 112 71 242 37 16 357 157 33 16 357 242 37 243 290 23 418 152 135 243 290 299 286 23 418 244 284 10 419 150 180 244 284 301 280 10 419 245 278 0 420 151 216 245 278 297 274 0 420 246 293 296 295 7 421 246 293 7 421 153 149 247 224 44 422 161 203 247 224 300 303 44 422 248 159 51 423 162 66 248 159 298 308 51 423 317 23 249 22 326 271 130 269 15 373 249 22 284 38 250 207 38 346 140 382 38 346 250 207 251 329 47 380 138 330 47 380 251 329 160 390 252 320 42 322 86 321 42 322 252 320 273 386 253 268 73 272 15 373 73 272 253 268 123 14 254 359 9 368 279 125 9 368 254 359 358 173 128 198 255 372 43 153 43 153 255 372 149 74 256 193 398 29 111 28 142 111 256 193 365 356 176 162 257 161 380 91 257 161 31 196 129 7 63 104 201 61 258 72 258 72 201 61 48 60 259 157 135 358 385 301 242 37 135 358 259 157 260 106 103 351 384 385 241 46 103 351 260 106 261 172 118 170 386 137 97 171 118 170 261 172 94 319 262 388 3 68 158 387 3 68 262 388 263 414 188 391 127 328 160 390 188 391 311 16 374 1 278 0 264 297 39 389 264 297 104 353 32 371 265 246 127 328 319 25 352 27 32 371 376 56 383 194 266 345 41 375 266 345 99 341 182 283 105 282 267 17 371 15 267 17 105 282 186 292 106 291 268 13 372 20 268 13 106 291 184 311 107 310 269 42 369 40 269 42 107 310 185 277 109 276 270 35 368 75 270 35 109 276 367 52 271 54 108 305 187 306 108 305 271 54 183 289 110 288 272 5 370 142 272 5 110 288 273 386 156 96 42 322 206 41 156 96 273 386 208 3 169 189 274 407 274 407 169 189 417 254 275 408 170 121 416 349 207 53 170 121 275 408 172 19 171 18 276 409 276 409 171 18 421 364 46 134 277 32 321 31 277 32 46 134 1 187 20 298 264 297 278 0 133 343 20 298 278 0 125 367 35 255 279 125 190 126 279 125 35 255 388 120 348 263 280 185 12 415 280 185 377 182 281 167 191 245 65 261 191 245 281 167 368 75 63 104 115 240 282 107 282 107 115 240 290 95 116 81 283 85 97 171 283 85 116 81 292 80 141 131 284 38 1 187 284 38 141 131 294 130 112 71 285 101 242 37 285 101 112 71 291 70 134 151 286 45 241 46 286 45 134 151 293 82 287 138 250 207 124 209 124 209 53 132 287 138 288 103 195 48 30 47 30 47 61 244 288 103 314 30 289 190 13 252 159 253 13 252 289 190 59 402 166 401 290 95 290 95 166 401 237 206 291 70 165 398 234 179 87 399 165 398 291 70 88 396 164 395 292 80 292 80 164 395 236 219 45 393 163 392 293 82 293 82 163 392 233 239 89 405 167 404 294 130 294 130 167 404 235 215 35 255 125 367 295 63 295 63 125 367 412 221 122 93 296 295 61 244 122 93 7 421 296 295 119 186 297 274 60 242 119 186 0 420 297 274 148 62 298 308 48 60 148 62 51 423 298 308 121 133 23 418 299 286 121 133 299 286 53 132 147 201 300 303 54 226 147 201 44 422 300 303 120 100 301 280 52 98 120 100 10 419 301 280 272 5 302 59 183 289 76 287 183 289 302 59 271 54 303 77 187 306 80 304 187 306 303 77 269 42 304 67 184 311 81 309 184 311 304 67 270 35 305 34 185 277 74 275 185 277 305 34 267 17 306 212 182 283 75 281 182 283 306 212 77 296 186 292 307 12 268 13 307 12 186 292 100 188 308 347 38 346 38 346 308 347 284 38 98 105 309 339 17 340 17 340 309 339 282 107 249 22 310 8 130 269 86 321 130 269 310 8 188 391 263 414 311 16 191 245 311 16 263 414 312 156 385 301 79 300 312 156 79 300 320 155 313 73 64 154 131 200 204 416 64 154 313 73 13 252 146 258 314 30 146 258 219 257 314 30 149 74 315 199 43 153 232 152 43 153 315 199 28 148 195 48 316 102 288 103 316 102 195 48 383 194 317 23 117 270 326 271 117 270 317 23 41 375 133 343 318 119 278 0 318 119 133 343 382 51 319 25 138 330 32 371 138 330 319 25 16 357 157 33 320 155 320 155 157 33 277 32 157 33 154 384 321 31 154 384 60 242 321 31 283 85 140 382 322 136 322 136 140 382 287 138 66 251 323 250 373 166 323 250 66 251 363 249 193 374 324 108 313 73 324 108 193 374 282 107 325 337 212 210 94 319 212 210 325 337 220 97 15 373 326 271 249 22 326 271 15 373 73 272 25 406 334 316 327 315 327 315 235 215 25 406 58 394 337 118 328 117 328 117 233 239 58 394 21 400 335 318 329 317 329 317 234 179 21 400 36 397 333 313 330 312 330 312 236 219 36 397 14 403 336 241 331 314 331 314 237 206 14 403 392 26 196 175 332 331 196 175 113 127 332 331 333 313 36 397 88 396 333 313 88 396 216 79 334 316 25 406 89 405 334 316 89 405 214 129 335 318 87 399 215 69 335 318 21 400 87 399 336 241 14 403 59 402 336 241 59 402 217 65 337 118 58 394 45 393 337 118 45 393 218 150 338 158 2 360 63 104 2 360 338 158 288 103 11 361 339 139 287 138 339 139 11 361 97 171 158 387 160 390 340 24 311 16 340 24 160 390 387 55 197 184 341 334 143 114 341 334 197 184 72 2 222 266 342 109 145 87 342 109 222 266 395 169 91 332 343 234 190 126 343 234 91 332 391 232 198 229 344 92 137 228 344 92 198 229 84 141 345 265 229 140 18 191 229 140 345 265 399 10 200 123 346 355 85 192 346 355 200 123 397 145 95 146 347 413 181 116 347 413 95 146 70 262 230 86 348 263 175 88 348 263 230 86 396 50 96 165 349 412 180 174 349 412 96 165 57 235 231 110 350 237 173 112 350 237 231 110 177 115 351 147 199 113 393 333 199 113 351 147 352 27 381 168 265 246 265 246 32 371 352 27 353 369 126 78 415 344 171 18 126 78 353 369 156 96 123 14 354 366 354 366 123 14 253 268 355 411 179 4 419 352 170 121 179 4 355 411 356 410 178 36 414 335 169 189 178 36 356 410 357 323 215 69 49 213 357 323 49 213 235 215 358 173 217 65 168 220 358 173 168 220 9 368 359 256 203 181 68 177 359 256 68 177 234 179 360 324 4 238 233 239 360 324 216 79 4 238 361 325 214 129 50 217 361 325 50 217 236 219 362 378 71 204 237 206 362 378 218 150 71 204 31 196 257 161 363 249 31 424 363 424 66 424 381 168 364 11 5 381 219 257 5 381 364 11 365 356 111 28 40 89 111 28 365 356 256 193 209 231 366 230 198 229 366 230 209 231 19 21 302 59 367 52 76 287 108 305 76 287 367 52 306 212 368 75 75 281 109 276 75 281 368 75 307 12 369 40 77 296 107 310 77 296 369 40 110 288 74 275 370 142 305 34 370 142 74 275 304 67 371 15 81 309 105 282 81 309 371 15 303 77 372 20 80 304 106 291 80 304 372 20 202 49 373 166 96 165 373 166 202 49 66 251 39 389 159 253 374 1 264 297 39 389 374 1 375 383 204 416 150 180 375 383 6 197 204 416 266 345 41 375 376 56 318 119 376 56 41 375 377 182 192 57 12 415 192 57 377 182 197 184 378 124 210 9 56 417 210 9 378 124 200 123 211 128 379 176 196 175 379 176 211 128 34 379 129 7 380 91 257 161 380 91 129 7 55 6 5 381 139 247 381 168 139 247 265 246 381 168 138 330 90 326 382 51 90 326 212 210 382 51 189 363 266 345 383 194 117 270 189 363 383 194 103 351 26 350 384 385 384 385 26 350 286 45 135 358 29 376 385 301 385 301 29 376 285 101 118 170 33 365 386 137 386 137 33 365 283 85 341 334 27 195 387 55 387 55 27 195 376 56 280 185 12 415 388 120 12 415 318 119 388 120 374 1 389 264 72 2 222 266 72 2 389 264 229 140 18 191 390 236 390 236 18 191 289 190 344 92 55 6 391 232 391 232 55 6 249 22 332 331 22 233 392 26 392 26 22 233 352 27 393 333 92 144 383 194 351 147 92 144 393 333 394 58 70 262 278 0 230 86 70 262 394 58 395 169 56 417 381 168 343 234 56 417 395 169 349 412 34 379 396 50 396 50 34 379 382 51 347 413 19 21 397 145 19 21 317 23 397 145 57 235 314 30 398 29 231 110 57 235 398 29 40 89 364 11 399 10 346 355 40 89 399 10 0 420 119 186 400 214 151 216 0 420 400 214 7 421 122 93 401 205 153 149 7 421 401 205 152 135 23 418 402 218 23 418 121 133 402 218 51 423 148 62 403 64 162 66 51 423 403 64 44 422 147 201 404 202 161 203 44 422 404 202 10 419 120 100 405 178 150 180 10 419 405 178 244 284 406 307 105 282 81 309 105 282 406 307 246 293 407 302 106 291 80 304 106 291 407 302 77 296 107 310 408 294 248 159 408 294 107 310 243 290 409 273 110 288 74 275 110 288 409 273 245 278 410 279 109 276 75 281 109 276 410 279 247 224 411 285 108 305 76 287 108 305 411 285 9 368 412 221 125 367 9 368 168 220 412 221 69 377 413 260 5 381 413 260 69 377 213 348 93 336 414 335 13 252 414 335 93 336 356 410 415 344 8 370 353 369 8 370 415 344 189 363 102 342 416 349 133 343 416 349 102 342 275 408 67 354 417 254 159 253 417 254 67 354 274 407 418 327 47 380 158 387 47 380 418 327 90 326 78 299 419 352 264 297 419 352 78 299 355 411 42 322 420 267 130 269 420 267 42 322 156 96 421 364 62 362 276 409 62 362 421 364 117 270 65 261 422 248 139 247 422 248 65 261 191 245 380 91 423 90 176 162 362 378 176 162 423 90</p>
        </polylist>
      </mesh>
    </geometry>
    <geometry id="bolt3Mesh_001-mesh" name="bolt3Mesh.001">
      <mesh>
        <source id="bolt3Mesh_001-mesh-positions">
          <float_array id="bolt3Mesh_001-mesh-positions-array" count="405">-0.2390519 9.432693 3.772472 -0.05777698 10.08183 1.98835 -0.04666894 10.96475 3.488495 -0.05777698 -6.093933 -9.779805 -0.2390519 -5.444946 -7.995678 -0.04666894 -6.976921 -8.27966 -0.2390519 5.37384 9.041272 -0.04666894 6.905731 8.75729 -0.05777698 6.022888 7.257133 -0.05777698 -9.981095 -4.550385 -0.04666894 -10.86394 -3.050247 -0.2390519 -9.331963 -2.766247 0.707703 -5.587646 7.475655 -0.2390519 -5.373741 9.041268 -0.239441 -5.70417 7.819431 -0.05777698 -10.08167 1.988346 -0.04666894 -10.96459 3.488491 -0.2390519 -9.432534 3.772469 -0.05777698 0.16185 9.331734 -0.2390519 -0.487366 11.11586 -0.04666894 1.044769 10.83185 -0.05777698 6.094086 -9.779801 -0.2390519 5.444946 -7.995674 -0.04666894 6.976929 -8.279656 -0.05777698 9.981171 -4.550381 -0.2390519 9.332048 -2.766243 -0.04666894 10.86409 -3.050243 -0.05777698 -0.07386797 -11.88031 -0.2390519 -0.723007 -10.09618 -0.04666894 0.809052 -10.38018 -0.04666894 -6.905647 8.757287 -0.04655498 4.883789 8.306473 0.707886 9.052567 -2.506165 0.707886 -0.766693 11.37592 0.707886 -1.002396 -9.836091 0.707886 5.165558 -7.735588 0.707886 -9.052491 -2.506168 0.707886 -9.153138 4.032562 -0.04655498 8.942658 3.03767 -1.256966 -6.079544 9.232274 -1.257278 -6.481018 -9.026463 -1.257278 -10.36819 -3.797031 -1.257278 -10.46883 2.741684 -0.04655498 -4.954834 -8.730484 0.707886 9.153306 4.032566 -1.257278 10.46892 2.741688 -1.257278 6.481186 -9.026459 -1.257278 6.410065 8.010495 -1.257278 0.548935 10.08507 -1.257278 10.36821 -3.797028 -1.257278 0.313232 -11.12696 0.707703 5.587738 7.475658 0.707703 -5.658852 -9.561287 -0.04655498 -8.942566 3.037666 -0.04655498 -8.841996 -3.501053 -0.04655498 8.84201 -3.501049 -0.04655498 -0.977325 10.38104 -0.04655498 4.955002 -8.730481 -0.04655498 -1.212967 -10.831 0.707886 5.094437 9.301369 0.707886 -5.094269 9.301365 0.707886 -5.165474 -7.735592 0.707756 -6.642197 7.760384 0.707703 -9.646592 2.20686 0.707703 -9.545945 -4.331856 0.707703 9.546036 -4.331852 0.707703 -0.508942 -11.6618 0.707703 -0.273315 9.55024 0.707703 5.658936 -9.561284 0.707703 9.646683 2.206863 0.707756 -6.713318 -9.276555 0.707756 -10.70106 2.491608 0.707756 -10.60049 -4.047142 0.861855 -9.111161 -2.541985 0.861794 -9.578278 -4.269413 1.257462 -9.885491 -3.117527 0.861855 -9.211808 3.996761 1.257462 -9.986138 3.421207 0.861794 -9.679078 2.269325 0.861855 -5.15287 9.265549 1.257462 -5.9272 8.690007 0.861794 -5.620056 7.53812 0.861855 -5.224144 -7.771397 1.257462 -5.998322 -8.34694 0.861794 -5.691116 -9.498822 0.861855 5.224228 -7.771393 0.861794 5.69136 -9.498818 1.257462 5.998489 -8.346936 0.861855 5.152954 9.265554 0.861794 5.620148 7.538124 1.257462 5.927277 8.690011 0.861855 9.111237 -2.541981 0.861794 9.578446 -4.269409 1.257462 9.885499 -3.117523 0.861855 -0.943726 -9.871914 0.861794 -0.476532 -11.59934 1.257462 -0.169464 -10.44745 0.861855 -0.708023 11.34012 0.861794 -0.240906 9.612702 1.257462 0.06625396 10.76459 0.861855 9.211899 3.996765 0.861794 9.679093 2.269329 1.257462 9.986161 3.421211 0.707756 10.70116 2.491611 0.707756 6.713486 -9.276551 0.707756 6.642349 7.760387 0.707756 10.60057 -4.047138 0.707756 0.78125 9.834973 0.707756 0.545517 -11.37707 -0.04647099 -6.572624 7.765282 -0.04655498 -4.883629 8.306469 -1.257332 -5.186539 8.335652 -1.256966 -6.150742 -7.804672 -1.256966 -10.03777 -2.57526 -1.256966 6.079636 9.232277 -1.206223 10.03807 -2.575256 -1.256966 -0.01704394 -9.905182 -1.256966 6.150909 -7.804668 -1.256966 0.218582 11.30685 -1.256966 10.13858 3.963482 -1.206223 -10.13863 3.963478 -1.257332 5.257751 -8.701279 -1.257332 -0.674484 10.41023 -1.257332 9.144913 -3.471886 -1.257332 -0.910202 -10.80181 -1.257332 -9.144684 -3.471889 -1.257332 -5.257668 -8.701284 -1.257332 -9.245408 3.066868 -0.239243 10.28996 4.532532 -0.239243 6.231003 9.801339 -0.239243 -6.302124 -7.235622 -0.239243 -10.28979 4.532528 -0.239243 -6.23085 9.801335 -0.239243 6.302139 -7.235619 -0.239243 -10.18914 -2.006214</float_array>
          <technique_common>
            <accessor source="#bolt3Mesh_001-mesh-positions-array" count="135" stride="3">
              <param name="X" type="float"/>
              <param name="Y" type="float"/>
              <param name="Z" type="float"/>
            </accessor>
          </technique_common>
        </source>
        <source id="bolt3Mesh_001-mesh-normals">
          <float_array id="bolt3Mesh_001-mesh-normals-array" count="588">1 -2.16847e-5 -1.06068e-4 -0.4699386 -0.7862391 0.4012305 1 2.16129e-5 -1.06068e-4 -0.1632153 -0.1112415 -0.9802991 -0.7311197 -0.5159589 -0.4463749 -0.714269 0.688755 -0.1242432 -0.4698736 -0.7862547 0.4012762 1 -2.16967e-5 -1.06066e-4 -0.7311165 -0.5160177 -0.446312 -0.7142364 0.6887835 -0.1242734 1 2.16978e-5 -1.0607e-4 0.7572448 -0.4759373 0.4472854 0.5931429 0.5437932 0.5936923 0.5180646 0.3218867 -0.7924633 -0.04574835 0.9727407 -0.227338 -0.7385687 -0.5150449 -0.4350231 -0.7219612 0.6820726 -0.1164001 1 2.15835e-5 -1.06068e-4 1 -2.16111e-5 -1.06068e-4 -0.7142786 -0.6887338 -0.1243059 -0.7311182 0.5159882 -0.4463434 -0.1632148 0.1112717 -0.9802957 1 -2.16113e-5 -1.06068e-4 -0.7142513 -0.6887674 -0.124276 -0.731104 0.5159998 -0.4463534 -0.1632153 0.1112415 -0.9802991 1 -2.15971e-5 -1.0607e-4 -0.5678477 -0.2114173 -0.7955198 -0.7142663 -0.6887524 -0.1242733 1 -2.16992e-5 -1.06069e-4 -0.3393128 -0.01675266 -0.9405244 -0.471831 -0.04995518 -0.8802727 -0.2024335 -0.9587591 -0.1995037 -0.8306112 0.3222219 -0.4541565 -0.2379304 0.07880145 -0.9680804 0.3901802 0.2399742 -0.8889161 0.01357096 0.7054312 0.7086485 0.5229821 -0.8228036 -0.22245 0.01347041 0.7054409 0.7086408 -0.01879996 -0.9841606 -0.1762803 0.6319239 -0.389665 -0.6699504 0.5094559 -0.3400747 0.7904455 0.01350724 0.7054553 0.7086257 -0.01876944 -0.9841611 -0.1762804 0.6319314 -0.3896391 -0.6699583 0.7735893 0.4471057 0.4490615 -0.01879936 -0.9841615 -0.176275 0.5931735 -0.5437932 0.5936618 0.7735971 -0.4470898 0.449064 0.5229271 0.822838 -0.2224527 0.7736029 -0.4470929 0.4490507 0.5931735 0.5437932 0.5936618 0.6319314 0.3896391 -0.6699583 -0.01879996 0.9841606 -0.1762803 -0.2024042 -0.958765 -0.1995049 -0.8306275 0.3221672 -0.4541655 -0.237894 0.07883006 -0.9680869 0.3901867 0.2400175 -0.8889015 0.2764722 -0.1414902 0.9505492 -0.8157861 0.52521 -0.2421722 -0.3911088 0.6133527 0.6861724 0.276468 -0.1414847 0.9505512 0.1255236 -0.9425412 0.3096128 0.2764598 -0.1414968 0.9505518 0.125526 -0.9425289 0.3096492 0.2887727 -0.1393101 0.9472081 0.1234505 -0.9428933 0.309374 0.5230141 0.8227953 -0.2224055 -0.3376955 0.6668137 0.6643201 -0.3640654 -0.816075 0.448863 0.773606 0.4471015 0.4490369 0.2764761 0.1414732 0.9505506 0.1255272 0.9425378 0.3096216 0.2764871 0.1414806 0.9505463 0.125526 0.9425289 0.3096492 0.2764728 0.1414917 0.9505488 0.125496 0.9425325 0.3096504 -0.05008238 -0.3492342 0.9356962 0.3072049 0.8460494 0.4356901 -0.6086783 0.1564117 0.7778471 0.288753 0.1393281 0.9472114 0.3047388 0.8469206 0.4357292 -0.7385942 0.5150108 -0.4350201 0.3072324 0.8460414 0.4356859 -0.05005109 -0.3491979 0.9357113 -0.6086754 0.1564415 0.7778434 -0.1733108 -0.668205 -0.7235091 0.6319292 -0.3896988 -0.6699255 0.5931726 -0.5437618 0.5936914 0.3901677 -0.2400091 -0.8889123 -0.1732528 0.668205 -0.7235231 -0.3919892 0.6139252 0.6851571 -0.5870622 -0.1591867 0.7937365 -0.3640658 0.8161059 0.4488066 -0.01879936 0.9841615 -0.176275 -0.3910683 0.613398 0.6861549 0.5931439 0.5438246 0.5936627 -0.3377134 0.6668124 0.6643124 -0.5870794 0.1591609 0.793729 -0.7219586 -0.6820702 -0.1164302 -0.0515775 -0.350422 0.9351707 -0.3641275 -0.8160625 0.4488356 -0.3377935 -0.6667952 0.6642889 -0.3640042 -0.8161271 0.4488179 -0.3377683 -0.6667636 0.6643336 -0.3640555 -0.8161198 0.4487897 -0.3377793 -0.6667689 0.6643225 -0.3640581 -0.8161149 0.4487963 0.7735875 0.4471124 0.4490578 -0.4720138 -0.6256182 0.6211319 0.7735903 -0.4471077 0.4490577 -0.3641347 0.816025 0.4488977 0.596502 -0.7199531 -0.3547577 -0.3585459 -0.3590648 0.8616944 -0.3641299 0.8160279 0.4488963 -0.0302999 -0.260548 -0.9649853 1 2.16544e-5 -1.06067e-4 -0.1732532 0.6682022 -0.7235255 0.3901702 -0.2400193 -0.8889083 0.3901844 -0.2399746 -0.8889142 -0.1733025 0.6682034 -0.7235125 0.3901823 0.2399781 -0.8889142 -0.1732748 -0.6681872 -0.7235342 -0.1732543 -0.6682009 -0.7235265 0.3901502 0.2400068 -0.8889205 -0.1733119 -0.6681689 -0.7235422 0.3901685 0.2399883 -0.8889175 -0.1733149 -0.6682023 -0.7235107 0.3901799 0.2399901 -0.8889119 -0.1732957 -0.6681758 -0.7235398 -0.343777 -0.8103812 -0.4744467 0.757291 -0.4758842 0.4472635 0.7572642 -0.4759128 0.4472783 -0.3438054 -0.8103885 -0.4744138 -0.3438491 -0.8103902 -0.4743791 0.7572463 -0.4759299 0.4472907 -0.8336772 -0.5330975 0.1441854 0.8336616 0.5331088 -0.1442335 0.8336653 0.5331112 -0.1442037 0.8336362 0.5331731 -0.1441429 0.8336518 -0.533133 -0.1442013 -0.833661 0.5331153 0.1442135 0.8336424 -0.5331466 -0.144205 -0.8336359 0.5331516 0.1442239 0.833669 -0.5331135 -0.1441738 -0.8336349 0.5331534 0.1442233 0.7572849 0.4758931 0.4472644 -0.3437414 0.8104087 -0.4744255 0.757242 0.4759399 0.4472873 -0.3438502 0.8103927 -0.4743741 0.7572153 0.4759881 0.4472811 -0.3439069 0.8103767 -0.4743605 -0.3438215 0.8103828 -0.4744118 0.798772 0.01120334 0.6015294 0.798767 0.01120775 0.6015362 -0.3438183 0.8103805 -0.474418 0.7987723 0.0112034 0.6015291 -0.3438104 0.8103843 -0.4744172 0.01351994 -0.946183 0.3233497 -0.7296345 -0.2599058 0.6325208 -0.3798759 -0.5868284 -0.7150713 -0.08915811 -0.944225 -0.3170017 -0.34533 0.5377172 -0.7691603 -0.3710181 0.2115264 -0.9042136 -0.3377231 0.6668356 0.6642841 -0.7527968 -0.4665483 -0.4643596 -1 -1.20474e-4 2.87963e-4 -0.6086783 -0.1564117 0.7778471 -0.6086812 -0.156382 0.7778508 -1 -1.20463e-4 2.87977e-4 -0.4861739 0.8435254 0.2282541 -0.755522 -0.6324523 -0.1708527 -0.9989157 0.0120005 0.04498505 -1 1.20552e-4 2.87961e-4 -1 1.20551e-4 2.87961e-4 -1 1.20512e-4 2.87969e-4 -0.7182558 0.004669308 0.6957635 -0.7555299 -0.6324559 -0.170804 -0.9989157 -0.01200085 0.04498493 -0.3910765 -0.6134108 0.6861387 -0.01883 -0.9841662 -0.1762453 -0.1842299 -0.6668975 -0.722016 -0.3910747 0.6133471 0.6861968 -0.0187996 0.9841721 -0.1762158 -0.372398 -0.6157387 0.6943959 -0.358542 0.3590914 0.861685 -0.3724122 -0.615781 0.6943508 -0.3585726 0.3590609 0.861685 -0.3724419 0.6157619 0.6943518 -0.3724027 0.61574 0.6943922 -0.3724499 0.6157923 0.6943205 -0.3585671 -0.3590248 0.8617023 -0.3723945 -0.6157679 0.6943718 -0.3585631 0.3590514 0.8616929 -0.3724379 0.615753 0.6943618 -0.3585726 -0.3590609 0.861685</float_array>
          <technique_common>
            <accessor source="#bolt3Mesh_001-mesh-normals-array" count="196" stride="3">
              <param name="X" type="float"/>
              <param name="Y" type="float"/>
              <param name="Z" type="float"/>
            </accessor>
          </technique_common>
        </source>
        <vertices id="bolt3Mesh_001-mesh-vertices">
          <input semantic="POSITION" source="#bolt3Mesh_001-mesh-positions"/>
        </vertices>
        <polylist material="mattemetal_001-material" count="180">
          <input semantic="VERTEX" source="#bolt3Mesh_001-mesh-vertices" offset="0"/>
          <input semantic="NORMAL" source="#bolt3Mesh_001-mesh-normals" offset="1"/>
          <vcount>3 3 3 3 3 3 3 3 3 3 3 3 3 3 3 3 3 3 3 3 3 3 3 3 3 3 3 3 3 3 3 3 3 3 3 3 3 3 3 3 3 3 3 3 3 3 3 3 3 3 3 3 3 3 3 3 3 3 3 3 3 3 3 3 3 3 3 3 3 3 3 3 3 3 3 3 3 3 3 3 3 3 3 3 3 3 3 3 3 3 3 3 3 3 3 3 3 3 3 3 3 3 3 3 3 3 3 3 3 3 3 3 3 3 3 3 3 3 3 3 3 3 3 3 3 3 3 3 3 3 3 3 3 3 3 3 3 3 3 3 3 3 3 3 3 3 3 3 3 3 3 3 3 3 3 3 3 3 3 3 3 3 3 3 3 3 3 3 3 3 3 3 3 3 3 3 3 3 3 3 </vcount>
          <p>44 0 69 0 103 0 119 1 38 1 0 1 61 2 70 2 52 2 3 3 40 4 126 5 114 6 31 6 6 6 51 7 105 7 59 7 9 3 41 8 125 9 72 10 64 10 36 10 132 11 30 11 62 11 60 12 12 13 110 14 15 3 42 15 127 16 71 17 63 17 37 17 33 18 67 18 107 18 122 19 48 20 18 21 35 22 68 22 104 22 121 23 46 24 21 25 32 26 65 26 106 26 123 27 49 27 24 27 124 28 50 20 27 25 34 29 66 29 108 29 109 30 14 30 12 30 109 31 111 31 14 31 31 32 47 33 8 34 8 35 105 35 51 35 25 36 32 36 106 36 55 37 65 37 32 37 19 38 33 38 107 38 56 39 67 40 33 41 28 42 34 42 108 42 58 43 66 44 34 41 133 45 35 45 104 45 57 46 68 40 35 47 72 48 36 48 134 48 36 49 64 49 54 49 71 50 37 50 131 50 37 51 63 52 53 53 38 54 45 55 1 56 1 57 103 57 69 57 39 58 30 58 13 58 111 59 13 60 110 14 112 61 5 61 4 61 40 4 3 3 5 62 113 63 10 63 11 63 41 8 9 3 10 64 120 65 16 65 17 65 42 15 15 3 16 66 61 67 52 67 43 67 4 68 126 68 112 68 44 69 0 69 38 69 128 70 44 70 103 70 0 71 2 71 119 71 2 72 1 56 45 55 22 73 23 73 117 73 23 74 21 25 46 24 6 75 7 75 114 75 7 76 8 34 47 33 19 77 20 78 118 79 20 78 18 21 48 20 25 80 26 80 115 80 26 81 24 25 49 82 29 83 27 25 50 20 28 84 29 83 116 85 51 86 31 86 8 86 31 32 51 87 59 88 52 89 70 89 3 89 3 90 43 90 52 90 17 91 127 16 120 92 53 93 17 93 37 93 54 94 11 95 36 96 11 97 125 97 113 97 115 98 123 99 25 100 32 101 25 101 55 101 118 102 122 102 19 102 33 103 19 103 56 103 117 104 121 104 22 104 35 105 22 105 57 105 116 106 124 106 28 106 34 107 28 107 58 107 129 108 59 108 105 108 59 88 6 109 31 32 62 110 60 110 132 110 110 111 13 111 60 111 70 112 61 12 130 113 43 114 4 114 61 114 12 115 62 115 109 115 60 116 62 116 12 116 15 117 53 117 63 117 63 118 71 118 15 118 64 119 72 119 9 119 9 120 54 120 64 120 24 121 106 121 65 121 65 122 55 122 24 122 66 123 58 123 27 123 27 124 108 124 66 124 67 125 56 125 18 125 18 126 107 126 67 126 68 127 57 127 21 127 21 128 104 128 68 128 38 54 69 40 44 88 69 129 38 129 1 129 5 130 3 130 70 130 130 131 5 131 70 131 131 132 16 132 71 132 16 133 15 133 71 133 10 134 9 134 72 134 134 135 10 135 72 135 74 136 75 136 73 136 77 137 78 137 76 137 80 138 81 138 79 138 83 139 84 139 82 139 85 140 86 140 87 140 89 141 88 141 90 141 91 142 92 142 93 142 95 143 94 143 96 143 97 144 98 144 99 144 101 145 100 145 102 145 103 146 2 146 128 146 103 147 1 147 2 147 104 148 23 148 133 148 104 149 21 149 23 149 105 150 7 150 129 150 105 151 8 151 7 151 106 152 24 152 26 152 106 153 26 153 25 153 107 154 20 154 19 154 107 155 18 155 20 155 108 156 29 156 28 156 108 157 27 157 29 157 30 158 39 159 109 160 30 161 109 161 62 161 14 162 110 162 12 162 111 59 110 14 14 163 13 164 111 164 39 164 109 165 39 165 111 165 40 166 112 166 126 166 5 62 112 167 40 4 10 64 113 168 41 8 41 169 113 169 125 169 47 170 114 170 7 170 114 171 47 171 31 171 49 82 115 98 26 81 115 172 49 172 123 172 50 20 116 85 29 83 116 173 50 173 124 173 46 24 117 85 23 74 117 174 46 174 121 174 48 20 118 79 20 78 118 175 48 175 122 175 45 55 119 176 2 72 119 177 45 177 38 177 16 66 120 92 42 15 42 178 120 178 127 178 57 46 22 179 121 23 21 25 57 46 121 23 56 39 19 77 122 19 18 21 56 39 122 19 55 180 25 100 123 99 24 181 55 181 123 181 27 25 58 43 124 28 58 43 28 84 124 28 125 9 11 95 54 94 125 9 54 94 9 3 126 5 4 182 43 183 126 5 43 183 3 3 127 16 17 91 53 53 127 16 53 53 15 3 44 184 128 184 0 184 128 185 2 72 0 109 59 186 129 186 6 186 129 187 7 76 6 109 4 188 130 188 61 188 4 182 5 62 130 113 17 91 16 66 131 113 17 189 131 189 37 189 13 190 132 190 60 190 13 60 30 158 132 191 35 192 133 192 22 192 133 193 23 74 22 179 11 194 134 194 36 194 11 95 10 64 134 195</p>
        </polylist>
      </mesh>
    </geometry>
    <geometry id="tire26Mesh_001-mesh" name="tire26Mesh.001">
      <mesh>
        <source id="tire26Mesh_001-mesh-positions">
          <float_array id="tire26Mesh_001-mesh-positions-array" count="657">3.166229 4.558334 -49.81681 -8.602883 -48.83213 -11.25843 -12.74218 30.51939 7.656754 -0.02604597 13.86399 48.08485 10.37791 16.62465 -26.26171 -4.135641 42.99956 -25.65493 -4.135604 -32.96549 37.68618 -0.02602195 -36.04713 -34.71123 10.37791 -1.265106 31.05504 -4.135642 46.02896 19.70679 -4.135613 -14.787 47.83658 8.028908 -49.10389 9.462365 10.37791 -31.05452 -1.266121 3.166229 28.85562 -40.864 -8.602929 49.19097 -9.577299 -12.74215 -30.51784 -7.657017 -0.02605396 32.22332 38.28911 8.028908 -24.17342 -43.77759 10.37791 30.75346 4.505058 8.028908 -34.16313 36.51852 -4.135643 49.12065 9.705867 -8.602904 -4.382566 -49.92141 3.166229 -45.96918 -19.72859 -8.602884 -46.12367 19.5949 -4.135637 36.72628 -34.03402 -8.602892 -28.7561 -41.04189 -8.602906 -0.860118 50.10577 8.028908 42.82498 25.82565 -8.602917 24.30895 43.82275 -8.602911 11.25821 -48.83244 10.37791 -14.43054 -27.52762 8.028908 49.10634 -9.462651 -12.74216 -10.8043 29.55109 8.028908 -43.77493 24.17362 -8.602882 -49.91975 4.382604 8.028908 16.35852 -47.25754 8.028908 -11.32744 48.70832 8.028908 41.01123 -28.61737 8.028908 4.27774 49.825 8.028908 49.62567 6.174686 8.028908 28.61797 41.01054 8.028908 -49.62485 -6.174839 -8.602887 -41.04147 28.75598 -8.602887 -40.03078 -30.14702 10.37791 17.23032 25.86816 -0.02603298 -13.86302 -48.08499 -12.74218 26.11183 -17.55653 8.028908 -25.82414 42.8235 -8.60292 30.14785 -40.03158 10.37791 -27.85461 -13.78783 -4.13564 40.92572 28.84558 -4.135644 50.06506 -0.718617 -0.02601599 -48.0859 13.86317 -12.74216 -2.147757 -31.39133 10.37791 28.88594 -11.47478 -0.02604895 21.87316 -45.01065 3.166229 -5.898865 -49.6757 10.37791 4.50589 -30.75274 -0.02604997 23.55872 44.15152 10.37791 -13.78675 27.85514 -8.602921 32.88988 37.81114 -4.135609 -24.40911 43.71656 3.166229 45.42256 -20.96176 8.028908 -47.25661 -16.35777 -0.02603799 -1.673392 50.01507 8.028908 -36.51675 -34.16489 -4.135608 -25.65313 -42.99814 3.166229 -40.06977 29.94727 -8.60291 9.578008 49.18945 8.028908 47.25862 16.35757 -8.6029 -11.25843 48.83203 -8.602884 -45.42448 -21.16506 10.42674 35.40895 34.13038 -8.602916 21.16573 -45.4247 13.80461 -27.03415 22.43268 -8.602902 -9.576459 -49.18981 -12.74217 8.629144 30.25835 8.028908 -14.54269 -47.84701 -8.602925 41.04258 -28.75656 -4.135596 -50.0652 0.718427 8.028908 9.462891 49.10485 8.028908 34.16497 -36.51856 -8.602896 -19.59509 -46.12373 13.86118 -38.03078 10.69941 -8.602895 -21.16389 45.42442 -8.602891 -30.14474 40.03147 -8.602928 46.12404 -19.59497 13.80461 24.5425 -25.136 13.80461 -29.68861 -18.77952 -4.1356 -43.71695 -24.41014 -0.02606195 48.0859 -13.86335 8.028908 19.46558 46.06447 3.166229 -45.42135 20.96166 3.166229 14.81624 -47.78067 -0.02601599 -49.565 -6.893126 13.80461 35.10219 1.418758 13.86118 -6.663483 -38.94214 -8.60293 50.10659 0.859199 8.028908 -42.82355 -25.82567 8.028908 -49.82452 4.277775 8.028908 -16.35837 47.257 8.028908 49.82608 -4.277992 -8.602908 4.384343 49.92105 -8.602929 48.83361 11.25825 -8.602925 40.03198 30.14652 -8.602928 45.42561 21.16503 -13.86116 -24.82686 -29.68616 3.166229 -37.62395 -32.96869 3.166229 -16.09811 -47.36358 3.166229 33.97237 36.72067 -13.86116 -26.92637 27.79453 13.86118 33.39976 21.1039 -4.1356 -42.99807 25.65455 -4.135598 -47.83552 -14.78759 3.166229 -29.94627 -40.07061 13.80461 9.498337 33.82174 -4.135625 9.707464 -49.12029 8.028908 6.175827 -49.6258 8.028908 21.2087 -45.28876 -13.86118 17.02232 -34.75598 3.166229 -32.96802 37.6236 13.80461 32.64421 -12.98086 3.166229 5.900955 49.67551 -8.602889 -36.65977 -34.16616 -8.602915 19.59554 46.12313 -8.602883 -47.9191 14.6661 13.80461 -15.57254 31.48926 8.028908 -4.277435 -49.82513 8.028908 46.06531 -19.46514 10.37791 -28.88528 11.47457 -8.602921 34.16622 -36.66107 -8.602882 -50.10482 -0.859508 -8.602906 0.859606 -50.1061 13.10173 42.11561 15.55582 -8.602918 25.79809 -42.96351 -8.60289 -34.16504 36.66047 3.166229 -48.78569 11.05971 13.86118 -38.28421 -9.749997 3.166229 49.81778 4.557289 3.166229 40.07075 -29.94723 3.166229 48.78809 -11.06 3.166229 43.65613 24.42529 3.166229 -9.739541 49.06747 3.166229 32.96951 -37.62397 3.166229 47.78108 14.81486 3.166229 -24.42568 43.65592 13.86118 -21.92778 -32.86439 13.80461 19.485 29.23127 13.86118 17.49718 -35.42274 8.028908 -46.06441 19.46521 3.166229 25.59481 42.98092 3.166229 16.09967 47.36346 -4.135618 -4.516847 49.86593 10.42674 -31.64536 -37.64507 -13.86119 24.82864 29.68574 13.10173 -31.34119 32.14652 13.86118 5.694916 -39.09596 8.028908 -37.7944 32.74731 3.166229 -20.9612 -45.42127 3.166229 37.62517 32.96802 3.166229 -47.77988 -14.81516 3.166229 -40.86369 -28.85513 13.86118 -1.576324 39.47673 -8.602894 -24.30783 -43.82281 -8.602903 -6.091327 49.74153 -8.602886 -42.96278 -25.79727 -8.602929 47.38843 16.30093 -8.602883 -47.38723 -16.30105 -8.602882 -49.74027 -6.092452 -8.602926 42.96419 25.79692 -8.602927 43.82352 -24.30892 -8.60293 49.9222 -4.382958 -8.602888 -37.81092 32.88886 -8.602885 -43.82262 24.30871 -8.602909 6.09273 -49.74176 -8.602929 47.91968 -14.66634 -8.602923 36.66156 34.16607 -8.602924 37.81234 -32.88896 -8.60293 49.74205 6.09212 -8.602883 -49.18999 9.577005 -8.602899 -14.66554 -47.9193 -8.602913 16.30236 -47.38816 -8.602919 28.75766 41.04165 -8.602912 14.66726 47.91917 -8.602893 -25.7972 42.96292 -8.60289 -32.88875 -37.81107 -8.602898 -16.30088 47.38787 8.028908 25.82622 -42.82387 10.42674 -1.671036 49.15157 -12.74215 -30.9943 5.418003 8.028908 -9.462944 -49.10509 8.028908 43.77858 -24.17367 3.166229 -49.81718 -4.557461 -13.86119 35.90542 -14.43951 13.10173 -35.24525 -27.80906 -0.02602595 -28.04346 -41.44752 -0.02606296 49.9176 -3.563207 -0.02601498 -49.91619 3.562982 -4.135623 5.948661 49.71538 -4.135634 28.84669 -40.9257 -4.135617 -5.946437 -49.71543 8.028908 39.88992 30.16009 13.10173 43.21577 -12.16925 -0.026021 -38.28657 32.22258 -0.02603995 1.674659 -50.01568 -0.02604496 12.03759 -48.57461 -0.02601796 -44.15171 23.55749 3.166229 -4.557137 49.81632 -13.86117 -5.448139 38.31444 13.10173 34.53087 -28.69466 8.028908 24.17357 43.77744 8.028908 -19.4643 -46.0647 8.028908 11.32944 -48.70845 -4.135632 25.65461 42.99784 -4.135602 -37.68383 -32.9659 -4.13563 19.70792 -46.02883 -4.135636 34.03432 36.72446 -4.135643 47.39324 -16.15441 -4.135612 -16.15249 -47.39249</float_array>
          <technique_common>
            <accessor source="#tire26Mesh_001-mesh-positions-array" count="219" stride="3">
              <param name="X" type="float"/>
              <param name="Y" type="float"/>
              <param name="Z" type="float"/>
            </accessor>
          </technique_common>
        </source>
        <source id="tire26Mesh_001-mesh-normals">
          <float_array id="tire26Mesh_001-mesh-normals-array" count="657">-0.6142601 -0.6717278 -0.4140847 -0.6024262 -0.7262442 -0.3311375 -0.9822891 -0.1860752 -0.0220043 0.9299906 -0.2606977 -0.2591412 0.440024 -0.791451 -0.4242455 0.2973777 -0.6833524 -0.6667805 0.9843423 0.131447 -0.1174386 0.5404022 -0.3029328 0.7849824 0.5051208 -0.4168902 0.7556822 -0.6107816 -0.4150617 0.6742921 -0.6003371 -0.3312826 0.7279061 -0.9932846 -0.08249396 0.08112055 0.9007398 0.3154756 -0.2985681 0.4365467 0.5943005 -0.675451 0.3822893 0.7511194 -0.5382143 0.5182832 0.470398 0.7142188 0.9863373 -0.0896337 -0.1382197 0.6679158 0.52301 0.52948 0.9817682 -0.1619647 0.09949219 0.5054951 0.8627873 -0.008545458 0.505162 0.8598924 0.07346087 -0.5162982 0.4364287 -0.7368625 -0.5231916 0.3657122 -0.7697567 -0.980506 0.0368666 -0.1930004 -0.5459302 -0.7382632 0.3961412 -0.5170605 -0.6950803 0.4995117 -0.981394 -0.09442526 0.1671821 0.9931724 -0.1086468 0.04248207 0.5188638 -0.7894811 0.3278721 0.4962406 -0.8495908 0.1787198 0.4898723 -0.1720703 -0.8546443 0.9941553 -0.0190438 -0.106267 0.5065618 -0.2505342 -0.8250017 -0.5601158 -0.2308459 -0.7956007 -0.5369893 -0.3321734 -0.7754376 -0.9825083 -0.1323012 -0.1310499 0.6380667 -0.4747885 -0.606174 0.9951172 -0.02099734 -0.09644144 0.9655828 0.2023393 0.1634279 0.9970612 0.06659281 0.03787428 0.8284657 -0.2703973 -0.4904385 0.9112203 -0.4084423 0.05340909 -0.5187112 0.6322137 0.5755387 -0.5377845 0.6718568 0.5093098 -0.9833469 0.09616476 0.1542116 -0.5879863 0.8017135 0.1073672 -0.5601087 0.8280013 0.02630704 -0.9850633 0.1633989 -0.05432385 0.497791 -0.2128986 0.8407605 0.9954456 0.005188226 0.09518945 0.6850886 0.002349913 0.728456 -0.5780375 0.09772312 0.8101376 -0.6111212 0.1513459 0.7769333 -0.9884523 0.04055982 0.1460033 -0.5908882 -0.7962234 0.1299215 -0.578734 -0.7806486 0.2359127 0.5377758 -0.8332916 -0.1281494 0.5136994 -0.8166027 -0.2631977 0.9875696 0.06738626 -0.1420056 0.9010819 0.3635457 -0.2364023 0.8077496 0.3273481 -0.4902896 0.9952585 0.008087515 -0.09692865 0.4990898 0.09131515 -0.8617256 0.4925538 0.1929441 -0.8486245 0.02234011 0.3889682 -0.9209803 0.9040622 0.4222294 -0.0662871 0.3997724 0.8481926 -0.3474929 0.3848119 0.9050664 -0.1810377 -0.5253831 0.8161367 -0.2406111 -0.5141907 0.7863932 -0.342336 -0.9878695 0.001403868 -0.1552806 -0.5555015 0.2252891 -0.8004142 -0.9859369 -0.064547 0.1541499 -0.6122038 0.2335286 0.7554277 -0.5984519 0.3190177 0.7349035 0.9963321 -0.01773166 -0.08371436 0.5480356 0.319812 0.7729019 0.5488172 0.1747499 0.8174731 0.4765654 -0.4154649 -0.7747737 0.01477146 -0.3290008 -0.9442142 0.4001399 0.8008902 -0.4454917 0.01928794 -0.489096 0.8720167 0.008606433 -0.4943513 0.8692197 0.02447599 -0.8543114 0.519185 -0.003662228 -0.8871279 0.4615092 -0.03024488 -0.7636607 0.6449091 0.9289481 0.3542992 0.107367 0.3695864 0.8767835 0.3076632 0.4660896 0.7493081 0.4704234 -0.6003195 0.7585634 0.2533733 -0.608134 0.7718718 0.1854372 -0.9861404 0.1589446 0.04757958 0.02517831 -0.09677642 -0.9949877 -0.01293987 -0.1162453 -0.9931363 0.01217693 -0.2587983 -0.9658547 -0.5952737 0.08380526 -0.7991408 -0.5701982 0.0227676 -0.8211917 0.01825028 -0.9579578 -0.2863283 0.01083439 -0.9613016 -0.2752854 -0.1326362 -0.9854022 -0.1067254 0.0190438 -0.8741844 -0.4852206 -0.01141417 -0.9135317 0.4066075 0.001983702 -0.9727857 0.2316985 0.01977646 -0.9590675 0.2824862 -0.03109848 -0.9966165 0.07608294 0.01904392 0.7316054 -0.6814624 0.01361161 0.7932296 -0.6087704 -0.01141405 0.664368 -0.7473186 -0.5278366 0.7447395 -0.4083523 -0.5376076 0.6791282 -0.499763 -0.4818393 -0.5698876 -0.6656268 -0.5277167 -0.6186045 -0.5821028 0.03528016 -0.6143822 -0.7882195 -0.005951225 -0.6951072 -0.7188817 -0.01553404 -0.5652994 -0.8247396 -0.5795943 -0.3044312 0.7559049 -0.5163274 -0.1873281 0.835652 0.01547288 -0.09363108 0.9954867 -0.02908492 0.01602262 0.9994485 -0.005493342 0.1233567 0.9923473 0.01751786 0.9190483 0.3937557 0.01345878 0.8787615 0.4770716 0.01770079 0.9568203 0.2901407 0.01748758 0.8170958 0.5762367 0.02859669 0.7497414 0.6611128 -0.01327586 0.5177589 0.8554237 0 0.3260622 0.9453483 -0.5162332 0.4956327 0.6984637 -0.5231224 0.5545263 0.6471813 0.02310305 0.1754553 -0.9842163 0.01260429 0.2387804 -0.9709919 -0.4551675 -0.1702072 -0.8739864 0.5017685 0.2872785 -0.8159042 0.9937071 0.03054976 -0.1077635 -0.01794528 0.9675217 -0.2521502 -0.005310356 0.9761381 -0.2170857 -0.02850514 0.9961864 -0.08246362 -0.006347954 0.9959601 0.0895735 -0.9838039 -0.1788401 -0.01208543 0.914978 -0.2927442 0.277698 -0.002472043 -0.8069058 0.5906749 0.537963 -0.7451583 0.3941257 -0.5717121 -0.8135751 -0.1060229 -0.6109557 -0.7913522 -0.02224814 0.01782286 0.5794876 -0.8147862 0.009247362 0.5757788 -0.8175534 -0.002594113 0.4407303 -0.8976359 0.4955457 0.3708124 -0.7854508 0.4886447 0.4564774 -0.7435421 0.01507663 -0.2956733 0.9551702 0.0446791 -0.09335619 0.9946298 0.01464927 0.9502498 -0.3111445 -0.005188226 0.9040964 -0.4272972 0.01742643 0.8587786 -0.5120504 0.01898252 0.1063878 0.9941436 0.0207836 0.2783359 0.9602589 0.01989865 0.9818095 0.1888236 0.03344893 0.6828048 0.7298348 4.88297e-4 -0.9961567 -0.08758831 0.5147969 -0.8557261 0.05212664 -0.4841629 -0.6663343 0.5670846 -0.5232866 -0.5855463 0.6191177 0.01690787 -0.6615442 0.7497155 0.01471036 -0.7445538 -0.6674005 -0.5667388 -0.6833521 -0.4602578 -0.01327568 -0.3167858 -0.9484042 -0.02258414 -0.4356612 -0.8998274 0.01409995 -0.645395 0.763719 0.3775212 -0.61615 0.6912575 -0.5371125 0.5731865 -0.6188437 -0.5335389 0.5173332 -0.6691058 0.9894097 -0.1439907 0.01831161 -0.5765039 0.7185088 0.3890867 -0.6107562 0.7140342 0.3422456 -0.529482 0.8441987 -0.08353173 -0.4926016 0.856323 -0.1550958 -0.5488319 -0.7693658 0.3268942 -0.004882991 0.1003455 -0.9949406 -0.01611405 0.298019 -0.9544239 0.5060762 -0.05084562 -0.8609888 0.02505612 0.5112252 0.8590816 0.01236027 0.680762 0.7324005 -0.556823 -0.4616946 0.6904972 -0.009155809 -0.9155529 -0.4020937 0.00915569 -0.8209331 -0.5709512 -0.01434385 -0.1847615 0.9826787 0.004577815 -0.7425271 -0.6698004 -0.5335695 -0.4009019 -0.7447022 -0.5085467 -0.5038467 -0.6982255 0.04696851 -0.5062778 -0.8610904 0.3864067 -0.7099738 0.5887506 -0.5231856 -0.1099291 0.845099 -0.5187653 -0.004699945 0.8549038 -0.6087659 -0.7475671 -0.2656083 -0.592476 -0.7883199 -0.1659042 0.433526 0.7454329 0.506345 -0.6142282 0.1861667 -0.7668544 -0.5658547 -0.1600727 -0.8088173 -0.6012593 -0.05176055 -0.7973758 -0.5733591 0.3590857 0.7364217 0.5165115 -0.3287252 -0.7906679 -0.5601482 0.6328752 -0.5345121 0.06686657 -0.9975666 -0.01974558 -0.5934343 -0.8004115 0.08471959 0.5053342 0.1224118 0.8541972 0.9174702 0.3976966 0.00927782 0.9686627 -0.1940743 0.1550092 0.7819039 -0.5780656 0.2333809 0.8924652 -0.3093705 0.3283227 0.9275055 0.2030435 0.3138582 0.8557947 0.4056029 0.3210947 0.04690825 0.9988682 -0.007873952 0.555114 0.3951628 0.7319118 0.9301766 -0.05209696 0.363397 0.01205492 0.6267651 0.7791152 0.91377 -0.04300129 -0.4039497 -0.9859456 -0.130499 0.1043138 0.9654093 -0.2435115 0.09320515 -0.006073236 0.4485965 0.8937138</float_array>
          <technique_common>
            <accessor source="#tire26Mesh_001-mesh-normals-array" count="219" stride="3">
              <param name="X" type="float"/>
              <param name="Y" type="float"/>
              <param name="Z" type="float"/>
            </accessor>
          </technique_common>
        </source>
        <vertices id="tire26Mesh_001-mesh-vertices">
          <input semantic="POSITION" source="#tire26Mesh_001-mesh-positions"/>
        </vertices>
        <polylist material="tire_001-material" count="420">
          <input semantic="VERTEX" source="#tire26Mesh_001-mesh-vertices" offset="0"/>
          <input semantic="NORMAL" source="#tire26Mesh_001-mesh-normals" offset="1"/>
          <vcount>3 3 3 3 3 3 3 3 3 3 3 3 3 3 3 3 3 3 3 3 3 3 3 3 3 3 3 3 3 3 3 3 3 3 3 3 3 3 3 3 3 3 3 3 3 3 3 3 3 3 3 3 3 3 3 3 3 3 3 3 3 3 3 3 3 3 3 3 3 3 3 3 3 3 3 3 3 3 3 3 3 3 3 3 3 3 3 3 3 3 3 3 3 3 3 3 3 3 3 3 3 3 3 3 3 3 3 3 3 3 3 3 3 3 3 3 3 3 3 3 3 3 3 3 3 3 3 3 3 3 3 3 3 3 3 3 3 3 3 3 3 3 3 3 3 3 3 3 3 3 3 3 3 3 3 3 3 3 3 3 3 3 3 3 3 3 3 3 3 3 3 3 3 3 3 3 3 3 3 3 3 3 3 3 3 3 3 3 3 3 3 3 3 3 3 3 3 3 3 3 3 3 3 3 3 3 3 3 3 3 3 3 3 3 3 3 3 3 3 3 3 3 3 3 3 3 3 3 3 3 3 3 3 3 3 3 3 3 3 3 3 3 3 3 3 3 3 3 3 3 3 3 3 3 3 3 3 3 3 3 3 3 3 3 3 3 3 3 3 3 3 3 3 3 3 3 3 3 3 3 3 3 3 3 3 3 3 3 3 3 3 3 3 3 3 3 3 3 3 3 3 3 3 3 3 3 3 3 3 3 3 3 3 3 3 3 3 3 3 3 3 3 3 3 3 3 3 3 3 3 3 3 3 3 3 3 3 3 3 3 3 3 3 3 3 3 3 3 3 3 3 3 3 3 3 3 3 3 3 3 3 3 3 3 3 3 3 3 3 3 3 3 3 3 3 3 3 3 3 3 3 3 3 3 3 3 3 3 3 3 3 3 3 3 3 3 3 3 3 3 3 3 3 3 3 3 3 3 3 3 3 3 3 3 3 3 3 3 3 3 </vcount>
          <p>165 0 71 1 15 2 194 3 98 4 65 5 126 6 100 7 47 8 184 9 84 10 32 11 209 12 81 13 37 14 40 15 147 16 72 17 95 18 101 19 39 20 134 21 73 22 119 23 173 24 42 25 110 26 83 27 149 28 11 29 190 30 96 31 77 32 180 33 82 34 106 35 153 36 146 37 88 38 111 39 44 40 18 41 176 42 104 43 154 44 178 45 97 46 193 47 36 48 162 49 188 50 102 51 68 52 76 53 179 54 125 55 110 26 83 27 41 56 63 57 74 58 129 59 59 60 156 61 117 62 212 63 215 64 73 22 134 21 202 65 128 66 31 67 175 68 86 69 193 47 53 70 119 23 181 71 76 53 208 72 102 51 183 73 124 74 76 53 115 75 91 76 80 77 17 78 146 37 153 36 218 79 82 34 180 33 191 80 202 65 209 12 61 81 145 82 100 7 112 83 206 84 203 85 133 86 69 87 27 88 166 89 103 90 2 91 200 92 56 93 45 94 174 95 132 96 53 70 113 97 160 98 94 99 89 100 71 1 165 0 11 29 149 28 92 101 136 102 52 103 197 104 24 105 139 106 143 107 170 108 78 109 193 47 185 110 123 111 106 35 114 112 7 113 195 114 186 115 70 116 208 72 152 117 64 118 122 119 9 120 141 121 144 122 50 123 159 124 141 121 150 125 151 126 91 76 182 127 60 128 154 44 56 93 200 92 116 129 116 129 205 130 204 131 35 132 148 133 156 61 90 134 140 135 128 66 196 136 138 137 101 19 110 26 189 138 179 54 47 8 155 139 126 6 67 140 92 101 33 141 168 142 131 143 189 138 113 97 94 99 197 104 199 144 13 145 55 146 148 133 118 147 187 148 100 7 10 149 61 81 207 150 152 117 10 149 217 151 62 152 5 153 139 106 24 105 5 153 198 154 122 119 3 155 80 77 91 76 151 126 144 122 20 156 9 120 138 137 196 136 20 156 109 157 150 125 40 15 40 15 72 17 109 157 197 104 192 158 99 159 83 27 99 159 41 56 172 160 135 161 110 26 112 83 203 85 6 162 214 163 123 111 185 110 43 164 214 163 89 100 91 76 115 75 147 16 190 30 77 32 108 165 195 114 158 166 114 112 193 47 2 91 178 45 6 162 120 167 145 82 155 139 47 8 19 168 13 145 199 144 24 105 130 169 48 170 119 23 63 57 137 171 83 27 169 172 105 173 2 91 141 121 9 120 50 123 171 174 14 175 193 47 140 135 90 134 196 136 52 103 125 55 179 54 23 176 52 103 112 83 15 2 106 35 43 164 101 19 95 18 202 65 0 177 93 178 212 63 55 146 13 145 118 147 116 129 204 131 56 93 96 31 127 179 117 62 77 32 96 31 146 37 124 74 3 155 213 180 182 127 213 180 216 181 100 7 126 6 162 49 216 181 60 128 182 127 176 42 216 181 50 123 145 82 61 81 6 162 135 161 85 182 110 26 209 12 37 14 191 80 5 153 62 152 139 106 22 183 161 184 98 4 192 158 160 98 63 57 36 48 188 50 207 150 142 185 207 150 10 149 107 186 114 112 153 36 65 5 98 4 161 184 163 187 25 188 106 35 185 110 66 189 214 163 120 167 6 162 203 85 33 141 157 190 67 140 68 52 198 154 3 155 3 155 124 74 183 73 20 156 144 122 138 137 133 86 39 20 69 87 70 116 10 149 152 117 164 191 26 192 208 72 71 1 89 100 113 97 167 193 1 194 15 2 141 121 159 124 201 195 27 88 111 39 133 86 181 71 215 64 116 129 181 71 29 196 53 70 149 28 83 27 74 58 155 139 157 190 33 141 75 197 200 92 218 79 21 198 75 197 106 35 154 44 76 53 28 199 146 37 17 78 211 200 211 200 17 78 158 166 78 109 5 153 24 105 177 201 130 169 119 23 179 54 79 202 52 103 131 143 34 203 189 138 64 118 38 204 122 119 115 75 80 77 38 204 143 107 13 145 24 105 148 133 187 148 81 13 82 34 218 79 66 189 66 189 25 188 163 187 83 27 137 171 12 205 129 59 74 58 83 27 84 10 61 81 10 149 10 149 70 116 186 115 85 182 6 162 61 81 61 81 84 10 184 9 86 69 217 151 5 153 5 153 78 109 170 108 87 206 54 207 4 208 81 13 209 12 148 133 98 4 194 3 137 171 88 38 30 209 49 210 160 98 113 97 89 100 89 100 161 184 22 183 14 175 51 211 217 151 217 151 86 69 175 68 147 16 40 15 210 212 210 212 40 15 150 125 52 103 136 102 92 101 206 84 112 83 52 103 55 146 118 147 93 178 205 130 116 129 215 64 63 57 41 56 192 158 99 159 192 158 41 56 18 41 133 86 111 39 95 18 18 41 54 207 117 62 156 61 96 31 96 31 57 213 30 209 51 211 14 175 171 174 51 211 97 46 178 45 98 4 63 57 22 183 137 171 63 57 98 4 197 104 99 159 136 102 83 27 11 29 99 159 10 149 100 7 142 185 162 49 36 48 100 7 196 136 101 19 140 135 202 65 31 67 101 19 26 192 102 51 208 72 122 119 198 154 152 117 20 156 103 90 166 89 178 45 20 156 51 211 169 172 50 123 9 120 50 123 104 43 176 42 9 120 105 173 169 172 166 89 9 120 20 156 106 35 53 70 21 198 106 35 15 2 53 70 7 113 114 112 107 186 214 163 161 184 89 100 45 94 56 93 108 165 218 79 158 166 195 114 216 181 159 124 50 123 16 214 150 125 109 157 32 11 189 138 110 26 32 11 110 26 85 182 111 39 72 17 147 16 111 39 27 88 201 195 172 160 112 83 6 162 112 83 42 25 173 24 113 97 1 194 167 193 168 142 113 97 79 202 114 112 158 166 17 78 17 78 153 36 114 112 115 75 8 215 44 40 38 204 162 49 115 75 116 129 29 196 181 71 116 129 132 96 174 95 127 179 0 177 117 62 212 63 117 62 0 177 118 147 35 132 93 178 118 147 148 133 35 132 53 70 46 216 119 23 119 23 193 47 78 109 120 167 67 140 157 190 145 82 120 167 19 168 54 207 87 206 121 217 54 207 121 217 95 18 38 204 80 77 122 119 151 126 122 119 80 77 214 163 43 164 123 111 123 111 43 164 106 35 124 74 28 199 76 53 213 180 28 199 124 74 52 103 23 176 125 55 125 55 23 176 110 26 59 60 162 49 126 6 59 60 126 6 74 58 108 165 56 93 190 30 127 179 56 93 204 131 139 106 62 152 191 80 128 66 62 152 90 134 83 27 12 205 129 59 24 105 130 169 177 201 130 169 24 105 199 144 79 202 131 143 168 142 79 202 34 203 131 143 132 96 21 198 53 70 132 96 116 129 200 92 18 41 95 18 133 86 39 20 133 86 95 18 48 170 134 21 119 23 134 21 199 144 215 64 6 162 85 182 135 161 6 162 135 161 172 160 92 101 136 102 11 29 99 159 11 29 136 102 49 210 137 171 88 38 137 171 49 210 12 205 101 19 138 137 39 20 69 87 39 20 138 137 191 80 37 14 139 106 143 107 139 106 37 14 101 19 31 67 140 135 128 66 140 135 31 67 201 195 27 88 141 121 144 122 141 121 27 88 100 7 36 48 142 185 207 150 142 185 36 48 37 14 81 13 143 107 13 145 143 107 81 13 27 88 69 87 144 122 138 137 144 122 69 87 100 7 145 82 47 8 19 168 47 8 145 82 30 209 88 38 146 37 30 209 146 37 96 31 44 40 147 16 115 75 44 40 111 39 147 16 4 208 148 133 87 206 4 208 156 61 148 133 74 58 33 141 149 28 149 28 33 141 92 101 58 218 151 126 150 125 150 125 16 214 58 218 3 155 122 119 151 126 151 126 58 218 3 155 26 192 152 117 198 154 152 117 26 192 164 191 194 3 65 5 153 36 153 36 65 5 107 186 2 91 154 44 169 172 2 91 76 53 154 44 155 139 74 58 126 6 74 58 155 139 33 141 57 213 96 31 156 61 156 61 4 208 57 213 155 139 19 168 157 190 157 190 19 168 120 167 108 165 158 166 45 94 158 166 108 165 211 200 109 157 159 124 16 214 159 124 109 157 72 17 160 98 22 183 63 57 22 183 160 98 89 100 107 186 161 184 7 113 161 184 107 186 65 5 8 215 115 75 162 49 162 49 59 60 8 215 66 189 163 187 82 34 82 34 163 187 106 35 152 117 164 191 70 116 70 116 164 191 208 72 89 100 165 0 43 164 43 164 165 0 15 2 9 120 166 89 105 173 105 173 166 89 2 91 71 1 167 193 15 2 113 97 167 193 71 1 113 97 168 142 1 194 1 194 168 142 15 2 104 43 169 172 154 44 50 123 169 172 104 43 86 69 170 108 193 47 5 153 170 108 86 69 97 46 171 174 193 47 51 211 171 174 97 46 42 25 172 160 110 26 112 83 172 160 42 25 112 83 173 24 23 176 23 176 173 24 110 26 116 129 174 95 29 196 29 196 174 95 53 70 217 151 175 68 14 175 14 175 175 68 193 47 216 181 176 42 60 128 60 128 176 42 154 44 24 105 177 201 78 109 78 109 177 201 119 23 20 156 178 45 103 90 103 90 178 45 2 91 34 203 179 54 189 138 79 202 179 54 34 203 218 79 180 33 75 197 75 197 180 33 106 35 215 64 181 71 73 22 73 22 181 71 119 23 213 180 182 127 28 199 28 199 182 127 154 44 3 155 183 73 68 52 68 52 183 73 76 53 61 81 184 9 85 182 85 182 184 9 32 11 25 188 185 110 106 35 66 189 185 110 25 188 84 10 186 115 32 11 10 149 186 115 84 10 118 147 13 145 187 148 81 13 187 148 13 145 38 204 207 150 188 50 162 49 38 204 188 50 189 138 15 2 168 142 96 31 190 30 127 179 127 179 190 30 56 93 202 65 191 80 128 66 128 66 191 80 62 152 94 99 160 98 192 158 192 158 197 104 94 99 193 47 119 23 46 216 46 216 2 91 193 47 194 3 88 38 137 171 88 38 194 3 153 36 195 114 66 189 218 79 66 189 195 114 7 113 196 136 51 211 20 156 51 211 196 136 90 134 79 202 197 104 52 103 197 104 79 202 113 97 198 154 102 51 26 192 198 154 68 52 102 51 199 144 48 170 130 169 199 144 134 21 48 170 200 92 75 197 21 198 200 92 21 198 132 96 111 39 201 195 72 17 72 17 201 195 159 124 202 65 121 217 87 206 121 217 202 65 95 18 67 140 203 85 206 84 203 85 67 140 120 167 0 177 204 131 205 130 204 131 0 177 127 179 205 130 93 178 0 177 93 178 205 130 55 146 92 101 206 84 52 103 206 84 92 101 67 140 152 117 207 150 64 118 38 204 64 118 207 150 208 72 32 11 186 115 76 53 32 11 208 72 209 12 87 206 148 133 87 206 209 12 202 65 91 76 210 212 150 125 210 212 91 76 147 16 77 32 211 200 108 165 211 200 77 32 146 37 35 132 212 63 93 178 212 63 35 132 156 61 58 218 213 180 3 155 213 180 58 218 16 214 7 113 214 163 66 189 214 163 7 113 161 184 55 146 215 64 199 144 215 64 55 146 205 130 16 214 216 181 213 180 216 181 16 214 159 124 90 134 217 151 51 211 217 151 90 134 62 152 45 94 218 79 200 92 218 79 45 94 158 166</p>
        </polylist>
      </mesh>
    </geometry>
    <geometry id="bolt8Mesh_001-mesh" name="bolt8Mesh.001">
      <mesh>
        <source id="bolt8Mesh_001-mesh-positions">
          <float_array id="bolt8Mesh_001-mesh-positions-array" count="243">-0.08370196 0.221405 -17.65693 -0.06758898 1.500397 -15.48393 -0.346283 -0.718704 -15.07256 -0.08370196 0.221405 13.96519 -0.06758898 1.500397 16.1382 -0.346283 -0.718704 16.54957 -0.08370196 -13.92381 -9.748867 -0.06758898 -15.2028 -7.575863 -0.346283 -12.98364 -7.164494 -0.08370196 13.8593 6.08606 -0.346283 12.91913 8.67043 -0.06758898 15.13829 8.25906 -0.08370196 13.92383 -9.748864 -0.346283 12.98351 -7.16449 -0.06758898 15.20265 -7.575859 -0.08370196 -13.85936 6.086056 -0.06758898 -15.13827 8.259057 -0.346283 -12.91911 8.670426 1.025414 12.51431 9.047154 1.025414 12.57875 -6.787743 1.025414 -12.51437 9.04715 1.025414 -12.57882 -6.787746 -1.821205 -14.48454 -8.657597 -1.821205 14.42001 7.177303 -1.821205 0.782196 15.05644 -1.821205 0.782196 -16.56566 -1.821205 -14.42008 7.177299 -1.821205 14.48441 -8.657593 -0.06741297 -1.428574 15.48516 -0.06741297 -1.428574 -16.13694 1.025154 -0.408813 -17.3404 1.025154 -0.408813 14.28172 -0.06741297 12.20924 7.60603 -0.06741297 12.27362 -8.228867 -0.06741297 -12.20923 7.606026 -0.06741297 -12.27368 -8.228871 1.025414 -1.123596 16.9263 1.025414 -1.123596 -14.69581 1.025154 -13.29352 -9.432343 1.025154 -13.22914 6.40258 1.025154 13.229 6.402584 1.025154 13.2934 -9.432339 1.248436 -12.59929 8.995274 1.821472 -13.72096 8.161583 1.248352 -13.27594 6.493065 1.248436 -12.66382 -6.839626 1.821472 -13.78542 -7.673298 1.248352 -13.34039 -9.341858 1.248436 -1.038589 16.87441 1.248352 -0.361938 14.3722 1.821472 0.08308398 16.04072 1.248436 -1.038589 -14.74769 1.248352 -0.361938 -17.24992 1.821472 0.08308398 -15.58137 1.248436 12.5993 8.995278 1.248352 13.27588 6.493069 1.821472 13.7209 8.161587 1.248436 12.66368 -6.839622 1.248352 13.34033 -9.341855 1.821472 13.78535 -7.673294 1.02523 -14.82104 -9.019902 1.02523 -14.75667 6.815002 1.02523 14.75653 6.815006 1.02523 1.118698 14.69416 1.02523 1.118698 -16.92795 1.02523 14.82106 -9.019898 -1.820747 14.00609 -6.887806 -1.820747 -13.94162 8.947075 -1.820747 -14.00607 -6.88781 -1.820747 0.303741 -14.79588 -1.820747 0.303741 16.82624 -1.820747 13.94156 8.947079 -1.821281 -0.989929 15.52745 -1.821281 -0.989929 -16.09467 -1.821281 12.64796 7.648312 -1.821281 12.71234 -8.186585 -1.821281 -12.64802 7.648308 -1.821281 -12.71248 -8.186589 -0.346535 -14.22532 -6.06353 -0.346535 14.22525 -6.063526 -0.346535 -14.16078 9.77137</float_array>
          <technique_common>
            <accessor source="#bolt8Mesh_001-mesh-positions-array" count="81" stride="3">
              <param name="X" type="float"/>
              <param name="Y" type="float"/>
              <param name="Z" type="float"/>
            </accessor>
          </technique_common>
        </source>
        <source id="bolt8Mesh_001-mesh-normals">
          <float_array id="bolt8Mesh_001-mesh-normals-array" count="339">1 -2.14522e-5 -1.04168e-4 -0.5678647 -0.211407 -0.7955104 1 -2.14523e-5 -1.04168e-4 -0.5678605 -0.2114126 -0.795512 -0.567863 0.2114191 -0.7955084 1 2.15621e-5 -1.04167e-4 -0.5678537 -0.2114226 -0.795514 1 -2.15349e-5 -1.04168e-4 -0.7142663 -0.6887524 -0.1242733 -0.7311297 0.5159658 -0.4463504 -0.1632444 0.1112711 -0.9802908 1 -2.15329e-5 -1.04166e-4 -0.5678545 0.2114207 -0.7955142 1 2.15622e-5 -1.04169e-4 -0.01883 -0.9841662 -0.1762453 0.6319239 -0.389665 -0.6699504 0.5094506 -0.3401016 0.7904372 0.01357328 0.7054491 0.7086306 0.7736027 0.4470869 0.4490572 -0.01879948 -0.9841668 -0.1762454 0.6319055 -0.3896725 -0.6699633 0.5931528 -0.5437717 0.5937021 0.7735922 -0.4470961 0.4490661 0.5931726 0.5437618 0.5936914 0.6319497 0.3896316 -0.6699454 -0.01879948 0.9841668 -0.1762454 0.5230293 0.822785 -0.2224081 0.7736048 -0.4470935 0.4490468 0.2764789 -0.1414828 0.9505484 -0.7311182 -0.5159882 -0.4463434 -0.163245 -0.111241 -0.9802942 0.1255272 -0.9425378 0.3096216 0.3072049 0.8460494 0.4356901 -0.163245 0.111241 -0.9802942 -0.7311182 0.5159882 -0.4463434 0.2764599 0.1414862 0.9505534 0.2764763 0.1414872 0.9505484 0.3072404 0.8460327 0.4356973 -0.1632158 0.1112114 -0.9803023 0.27648 0.1414865 0.9505474 0.3072324 0.8460414 0.4356859 0.2764668 -0.1414856 0.9505514 0.125526 -0.9425289 0.3096492 0.2764925 0.1414814 0.9505446 0.1254935 0.9425448 0.309614 -0.3377303 -0.666803 0.6643133 0.6319314 -0.3896391 -0.6699583 0.5094349 -0.3401421 0.7904299 -0.3377275 -0.6668028 0.6643149 -0.1732513 -0.6682186 -0.7235109 0.3901492 0.2399997 -0.8889229 0.390148 0.2399957 -0.8889245 -0.1732503 -0.6682165 -0.7235131 -0.3377446 -0.6668125 0.6642964 -0.3641105 -0.8160565 0.4488602 -0.3377642 -0.6667714 0.6643278 -0.3640867 -0.8160581 0.4488765 -0.3377743 0.6668033 0.6642906 -0.3640754 0.8160635 0.4488758 -0.3377333 0.6668185 0.6642961 -0.3641254 0.8160259 0.4489039 0.01360207 0.7054356 0.7086436 -0.05002117 -0.3491717 0.9357227 0.01359331 0.7054356 0.7086437 0.3901607 -0.2399939 -0.8889194 -0.1732754 0.6681858 -0.7235354 -0.1732259 0.6681849 -0.7235481 0.3901417 -0.239986 -0.8889299 -0.1732847 -0.6681952 -0.7235245 0.3901558 0.2399839 -0.8889243 0.3901779 0.2399719 -0.8889178 0.8336918 0.5330781 -0.1441724 0.8336782 0.5331 -0.1441701 0.8336918 -0.5330781 -0.1441724 -0.8336775 0.5331001 0.1441736 -0.8336923 0.533075 0.1441814 -0.3438072 -0.8103802 -0.4744268 0.7572727 -0.4759041 0.4472736 0.7572437 -0.4759315 0.4472932 -0.3438863 -0.8103683 -0.4743898 0.798772 0.01119232 0.6015297 -0.3438135 0.8103776 -0.4744264 0.7987693 0.01119381 0.6015333 -0.3438463 0.8103682 -0.4744188 0.7987661 0.01119488 0.6015377 -0.3438413 0.8103693 -0.4744207 0.757229 0.4759663 0.4472812 -0.3438536 0.810393 -0.4743712 -0.6086725 0.1564713 0.7778397 -1 1.20115e-4 2.91297e-4 -0.6086783 -0.1564117 0.7778471 -1 -1.20242e-4 2.91309e-4 -1 -1.20241e-4 2.91308e-4 -0.6086812 -0.156382 0.7778508 -0.6086783 0.1564117 0.7778471 -1 1.20236e-4 2.91306e-4 -1 1.20276e-4 2.91303e-4 -0.6086975 0.1564088 0.7778326 -1 1.20201e-4 2.91309e-4 -0.1842043 -0.6669266 -0.7219957 -0.1842036 -0.666929 -0.7219936 -0.05005162 -0.3491712 0.9357213 -0.3910756 -0.613379 0.6861678 -0.7142963 0.6887214 -0.1242732 -0.3910756 0.613379 0.6861678 -0.7142813 0.6887363 -0.1242759 -0.3911006 0.6133398 0.6861885 -0.01883012 0.9841715 -0.1762157 -0.3724355 0.6157507 0.6943652 -0.3585366 -0.3590553 0.8617023 -0.3724097 -0.6157394 0.6943891 -0.3585459 0.3590648 0.8616944 -0.3723974 0.6157578 0.6943793</float_array>
          <technique_common>
            <accessor source="#bolt8Mesh_001-mesh-normals-array" count="113" stride="3">
              <param name="X" type="float"/>
              <param name="Y" type="float"/>
              <param name="Z" type="float"/>
            </accessor>
          </technique_common>
        </source>
        <vertices id="bolt8Mesh_001-mesh-vertices">
          <input semantic="POSITION" source="#bolt8Mesh_001-mesh-positions"/>
        </vertices>
        <polylist material="mattemetal_001-material" count="108">
          <input semantic="VERTEX" source="#bolt8Mesh_001-mesh-vertices" offset="0"/>
          <input semantic="NORMAL" source="#bolt8Mesh_001-mesh-normals" offset="1"/>
          <vcount>3 3 3 3 3 3 3 3 3 3 3 3 3 3 3 3 3 3 3 3 3 3 3 3 3 3 3 3 3 3 3 3 3 3 3 3 3 3 3 3 3 3 3 3 3 3 3 3 3 3 3 3 3 3 3 3 3 3 3 3 3 3 3 3 3 3 3 3 3 3 3 3 3 3 3 3 3 3 3 3 3 3 3 3 3 3 3 3 3 3 3 3 3 3 3 3 3 3 3 3 3 3 3 3 3 3 3 3 </vcount>
          <p>30 0 64 0 37 0 73 1 25 1 0 1 31 2 63 2 36 2 72 3 24 3 3 3 6 4 22 4 77 4 60 5 38 5 21 5 74 6 23 6 9 6 18 7 40 7 62 7 75 8 27 9 12 10 19 11 41 11 65 11 15 12 26 12 76 12 61 13 39 13 20 13 32 14 40 15 18 16 10 17 18 17 62 17 79 18 19 18 65 18 33 19 41 20 19 21 61 22 20 22 80 22 20 23 39 24 34 25 21 26 38 26 35 26 60 27 21 27 78 27 68 28 7 28 8 28 22 29 6 30 7 31 11 32 9 33 23 34 10 35 11 35 71 35 5 36 4 36 70 36 4 37 3 38 24 34 2 39 1 39 69 39 1 40 0 38 25 34 67 41 16 41 17 41 26 29 15 30 16 42 13 43 14 43 66 43 14 44 12 10 27 9 70 45 72 45 5 45 28 14 31 46 36 47 69 48 73 48 2 48 29 14 30 46 37 47 30 49 29 49 0 49 0 50 64 50 30 50 3 51 63 51 31 51 31 52 28 52 3 52 71 53 74 53 10 53 18 54 10 54 32 54 66 55 75 55 13 55 19 56 13 56 33 56 17 57 76 57 67 57 34 58 17 58 20 58 8 59 77 59 68 59 35 60 8 60 21 60 5 61 36 61 63 61 36 47 5 62 28 14 2 63 37 63 64 63 37 47 2 62 29 14 38 64 60 64 6 64 6 65 35 65 38 65 15 66 34 66 39 66 39 67 61 67 15 67 40 68 32 68 9 68 9 69 62 69 40 69 41 20 33 19 12 10 12 70 65 70 41 70 43 71 44 71 42 71 46 72 47 72 45 72 48 73 49 73 50 73 51 73 52 73 53 73 55 74 54 74 56 74 58 75 57 75 59 75 7 76 6 76 60 76 78 77 7 77 60 77 80 78 16 78 61 78 16 79 15 79 61 79 62 80 11 80 10 80 62 81 9 81 11 81 63 82 4 82 5 82 63 83 3 83 4 83 64 84 1 84 2 84 64 85 0 85 1 85 65 86 14 86 79 86 65 87 12 87 14 87 27 9 66 88 14 44 66 89 27 89 75 89 16 42 67 90 26 29 26 91 67 91 76 91 22 92 68 92 77 92 7 31 68 93 22 29 25 34 69 94 1 40 69 95 25 95 73 95 24 34 70 94 4 37 70 96 24 96 72 96 23 34 71 97 11 32 71 98 23 98 74 98 28 14 5 62 72 8 3 99 28 99 72 99 29 14 2 62 73 8 0 100 29 100 73 100 32 14 10 101 74 8 9 33 32 14 74 8 33 19 13 102 75 8 12 10 33 19 75 8 76 103 17 104 34 25 76 103 34 25 15 30 77 105 8 106 35 107 77 105 35 107 6 30 8 108 78 108 21 108 8 106 7 31 78 109 19 110 79 110 13 110 79 111 14 44 13 102 17 104 16 42 80 109 17 112 80 112 20 112</p>
        </polylist>
      </mesh>
    </geometry>
    <geometry id="rim_detail3Mesh_002-mesh" name="rim_detail3Mesh.002">
      <mesh>
        <source id="rim_detail3Mesh_002-mesh-positions">
          <float_array id="rim_detail3Mesh_002-mesh-positions-array" count="234">-3.080741 -8.774397 0.05037796 7.868368 -9.256173 6.817516 -7.557422 5.625824 0.05037295 7.311799 11.15378 3.584174 -1.886531 -4.211924 -12.4216 -2.099801 3.858871 12.42328 7.868368 -9.256173 -6.817467 -2.336743 12.88513 8.1e-5 -2.099201 3.858384 -12.42326 -1.722475 -9.991795 7.132102 7.426801 6.941282 -9.383452 -7.402894 -0.225701 5.903073 -3.856159 0.848808 -6.735987 -7.255661 -5.790571 -1.758297 -4.006895 6.559303 1.1253 -2.464137 -2.873903 8.245009 7.150886 7.287092 9.865256 7.714571 -3.613876 11.51052 -1.659797 -12.30794 9.4e-5 7.612466 0.125002 -11.59862 -3.164322 -5.249992 -6.868679 -3.956081 4.631622 4.90893 -2.271087 10.38995 -7.67886 -7.427166 0.689499 -5.729897 -1.888078 -3.926044 11.5414 -2.271363 10.38977 7.678824 -1.715053 -10.74006 -7.676001 -3.989475 5.895054 -3.068998 7.928686 -11.47087 5.5e-5 7.311799 11.15378 -3.584137 -3.119554 -7.141636 5.077199 -2.05649 3.918211 -8.037716 -1.990955 1.219758 9.00281 -7.293367 -4.362947 4.188625 -2.195806 7.500104 10.56854 7.043005 3.921063 11.70705 -1.666426 -12.5941 -4.035331 -1.92204 -1.617435 -8.91465 7.798349 -6.690811 -9.383456 -2.194871 7.499793 -10.56852 -1.675618 -11.7142 3.74947 -1.992841 -0.176944 -13.06169 -2.112189 6.213603 6.457907 -3.654785 -6.759211 -2.073099 7.282565 12.22564 5.4e-5 -2.152718 7.881167 -4.073894 -2.17397 8.758116 1.463008 7.714571 -3.613876 -11.51046 -2.320032 12.24557 -4.037125 -2.319955 12.24553 4.037126 -1.790957 -7.851988 -10.56576 -1.800935 -6.611202 -6.369756 -3.799198 -1.300125 6.836699 7.612475 0.125006 12.10288 -1.791137 -7.852104 10.56575 -7.512281 3.911488 -4.087885 -7.311825 -3.665069 -4.684696 2.441599 10.56173 -7.694664 -7.845745 4.27787 2.345803 7.798349 -6.690811 9.383469 7.345662 9.91445 -7.11389 7.926307 -11.38289 3.739978 7.043009 3.921063 -11.70704 7.464013 -11.5865 -3.803839 -1.992969 -0.176907 13.06173 2.99917 -10.61536 7.694515 -3.283601 -0.2244189 -8.501857 -3.402938 4.801366 -6.868685 -3.283601 -0.2244189 8.602604 -3.402938 4.801632 6.969366 -7.473215 2.430489 5.264874 -3.66572 -6.346228 3.169779 2.999059 -10.61529 -7.694535 2.720348 -0.02673095 -13.09082 3.064879 -13.11476 6.1e-5 2.441206 10.56173 7.694635 7.345662 9.91445 7.113884 -3.090738 -8.355954 -2.592547</float_array>
          <technique_common>
            <accessor source="#rim_detail3Mesh_002-mesh-positions-array" count="78" stride="3">
              <param name="X" type="float"/>
              <param name="Y" type="float"/>
              <param name="Z" type="float"/>
            </accessor>
          </technique_common>
        </source>
        <source id="rim_detail3Mesh_002-mesh-normals">
          <float_array id="rim_detail3Mesh_002-mesh-normals-array" count="261">0.5957897 -0.7622398 -0.2530321 0.05350005 -0.9978848 0.03692817 0.1318736 -0.7898377 -0.5989705 -0.6750556 0.6171911 0.4041971 0.04913645 0.8386469 0.5424546 0.6710892 0.7413752 0.001434385 0.08765143 -0.01358109 -0.9960587 0.5073199 0.3160563 -0.8017075 0.4488717 0.01669383 -0.8934403 0.6500597 0.2729335 0.7091754 -0.5888391 -0.08511829 0.8037559 0.7890319 0.06509649 0.6108939 -0.6529519 0.7569909 -0.02487289 0.09668546 0.7979299 -0.5949453 -0.4592908 -0.5110523 -0.7265518 -0.8118781 -0.3749923 -0.447476 -0.7580913 0.1084644 -0.6430653 -0.7102463 -0.5329594 0.4598961 -0.6982222 -0.2065551 0.6854346 -0.7130489 -0.02063089 0.7008107 -0.942376 -0.1281507 0.3090388 -0.9593323 -0.2157078 0.182076 -0.6478365 -0.2374413 0.7238299 0.4751248 -0.8799025 -0.005310356 -0.9333421 0.2885908 0.2135132 -0.9114682 0.1499123 0.3830822 -0.9677975 0.2482745 0.04156726 -0.6280205 0.7541251 -0.1920562 -0.6965395 0.5737913 -0.4308089 -0.6146603 0.2808393 -0.7371039 -0.8941833 0.1648344 -0.416252 -0.9583448 0.2634449 -0.1103282 0.7114107 -0.2272486 -0.665021 -0.621705 -0.2803486 -0.7313602 -0.6635807 -0.0413841 -0.7469593 0.7386026 -0.6392006 0.2142164 0.005951225 -0.7480558 0.6636092 0.6953179 -0.2506233 0.6735882 0.3050111 0.9094789 -0.2825183 -0.710905 -0.6912814 -0.1293997 -0.8425163 0.463741 0.2740635 -0.8781712 -0.3537833 -0.3219513 -0.6440882 -0.6466824 -0.408598 -0.5797073 -0.7753642 -0.2504994 -0.7591879 -0.6371123 -0.1331233 -0.7872441 -0.5550536 0.2686305 -0.7200715 0.4704545 -0.5100684 -0.6139042 0.7148635 -0.3348014 -0.7263877 0.1510701 -0.6704766 -0.7446327 0.4803688 0.4634308 -0.5890247 0.7949391 0.1453334 -0.6169143 0.4052334 0.6746871 0.7711946 0.5367752 0.3422445 0.4620946 0.8439537 0.2724164 0.9953429 0.05325329 0.08035415 0.4595629 -0.5279571 0.7141873 -0.8494443 -0.4486035 -0.2778479 -0.626194 -0.7761351 0.07413125 -0.9439208 -0.3296048 0.01934897 -0.5407636 -0.8118931 0.2200103 0.2962783 -0.5774803 -0.7607468 -0.8864828 -0.1149342 -0.4482617 -0.6624196 0.3267692 0.6741085 -0.6177709 0.4054483 -0.6737737 -0.7059694 0.7081058 0.01391673 -0.5738556 -0.6782318 0.4590112 -0.4563516 -0.5676853 0.6851837 -0.6320531 0.7257166 0.2717431 -0.5925568 -0.4385885 -0.6756601 0.3922339 -0.7013334 0.5952178 0.7037079 0.5815707 -0.408131 0.3400445 0.5583786 -0.7566921 -0.6843065 0.458829 -0.5667456 -0.6651262 -0.07165807 0.7432848 -0.6361396 0.2621283 0.7256826 0.6774022 0.391316 0.6228951 0.9995912 -0.02718025 0.008875787 -0.667307 0.008453845 -0.7447348 0.3958995 -0.703445 -0.5902785 -0.6737827 0.4242234 0.6050219 0.9996284 0.02726405 0 0.9996273 0.02730226 1.21735e-4 0.9996268 0.02731996 -1.47942e-4 0.9996282 0.0272684 1.59625e-5 0.999629 0.02724039 -4.93904e-6 0.9472909 -0.3021435 -0.1065334 0.9897119 -0.1317631 -0.05575793</float_array>
          <technique_common>
            <accessor source="#rim_detail3Mesh_002-mesh-normals-array" count="87" stride="3">
              <param name="X" type="float"/>
              <param name="Y" type="float"/>
              <param name="Z" type="float"/>
            </accessor>
          </technique_common>
        </source>
        <vertices id="rim_detail3Mesh_002-mesh-vertices">
          <input semantic="POSITION" source="#rim_detail3Mesh_002-mesh-positions"/>
        </vertices>
        <polylist material="black_001-material" count="145">
          <input semantic="VERTEX" source="#rim_detail3Mesh_002-mesh-vertices" offset="0"/>
          <input semantic="NORMAL" source="#rim_detail3Mesh_002-mesh-normals" offset="1"/>
          <vcount>3 3 3 3 3 3 3 3 3 3 3 3 3 3 3 3 3 3 3 3 3 3 3 3 3 3 3 3 3 3 3 3 3 3 3 3 3 3 3 3 3 3 3 3 3 3 3 3 3 3 3 3 3 3 3 3 3 3 3 3 3 3 3 3 3 3 3 3 3 3 3 3 3 3 3 3 3 3 3 3 3 3 3 3 3 3 3 3 3 3 3 3 3 3 3 3 3 3 3 3 3 3 3 3 3 3 3 3 3 3 3 3 3 3 3 3 3 3 3 3 3 3 3 3 3 3 3 3 3 3 3 3 3 3 3 3 3 3 3 3 3 3 3 3 3 </vcount>
          <p>63 0 74 1 72 2 25 3 75 4 44 5 73 6 62 7 19 8 35 9 64 10 53 11 7 12 44 5 57 13 20 14 56 15 23 16 33 17 52 18 11 19 15 20 30 21 24 22 74 1 63 0 28 23 25 3 42 24 32 25 46 26 48 27 22 28 8 29 31 30 45 31 47 32 4 33 41 34 61 35 65 36 74 1 24 22 17 37 64 10 29 38 57 13 44 5 13 39 11 19 58 40 7 12 46 26 42 24 51 41 26 42 36 43 31 30 41 34 4 33 56 15 20 14 43 44 33 17 71 45 52 18 55 46 27 47 12 48 58 40 21 49 14 50 15 20 24 22 64 10 32 25 34 51 25 3 75 4 76 52 3 53 59 54 3 54 35 54 53 11 59 55 35 9 59 55 17 37 65 36 77 56 51 41 18 57 0 58 18 57 40 59 38 60 72 2 47 32 26 42 51 41 37 61 23 16 12 48 20 14 11 19 52 18 21 49 70 62 21 49 58 40 45 31 39 63 8 29 62 7 73 6 57 13 27 47 55 46 2 64 58 40 55 46 13 39 30 21 9 65 54 66 17 37 54 66 9 65 42 24 49 67 7 12 44 5 7 12 49 67 37 61 50 68 26 42 4 33 47 32 72 2 22 28 45 31 46 26 2 64 14 50 27 47 65 36 61 35 1 69 57 13 60 70 10 71 33 17 43 44 71 45 9 65 30 21 0 58 4 33 37 61 31 30 67 72 12 48 27 47 68 73 21 49 52 18 5 74 32 25 15 20 33 17 11 19 13 39 13 39 43 44 33 17 5 74 35 9 75 4 32 25 5 74 34 51 16 75 75 4 35 9 16 76 35 76 3 76 18 57 74 1 65 36 51 41 36 43 18 57 12 48 67 72 66 77 66 77 20 14 12 48 72 2 38 60 6 78 39 63 57 13 73 6 45 31 22 28 39 63 0 58 40 59 9 65 65 36 40 59 18 57 41 34 73 6 47 32 31 30 8 29 41 34 21 49 68 73 69 79 21 49 69 79 14 50 18 57 0 58 77 56 0 58 71 45 43 44 3 53 44 5 75 4 29 80 44 80 3 80 27 47 46 26 45 31 45 31 67 72 27 47 46 26 27 47 14 50 14 50 42 24 46 26 19 81 38 81 47 81 73 6 19 8 47 32 46 26 7 12 48 27 57 13 48 27 7 12 42 24 25 3 49 67 44 5 49 67 25 3 37 61 4 33 50 68 72 2 50 68 4 33 20 14 37 61 51 41 51 41 77 56 20 14 15 20 52 18 71 45 52 18 15 20 68 73 53 11 64 10 17 37 53 82 17 82 59 82 30 21 54 66 24 22 17 37 24 22 54 66 23 16 13 39 55 46 12 48 23 16 55 46 13 39 23 16 56 15 43 44 13 39 56 15 57 13 39 63 22 28 57 13 22 28 48 27 58 40 2 64 55 46 14 50 2 64 58 40 65 36 1 69 59 55 57 13 29 38 60 70 29 83 10 83 60 83 74 1 28 23 61 35 1 84 61 84 28 84 57 13 10 71 62 7 19 8 62 7 10 71 28 85 63 85 6 85 72 2 6 78 63 0 15 20 64 10 5 74 5 74 64 10 35 9 65 36 9 65 40 59 9 65 65 36 17 37 37 61 20 14 66 77 66 77 31 30 37 61 67 72 45 31 31 30 31 30 66 77 67 72 68 73 15 20 32 25 32 25 69 79 68 73 69 79 32 25 42 24 42 24 14 50 69 79 21 49 70 62 11 19 11 19 70 62 58 40 71 45 0 58 30 21 71 45 30 21 15 20 72 2 26 42 50 68 26 42 72 2 74 1 73 6 41 34 8 29 73 6 8 29 39 63 74 1 36 43 26 42 74 1 18 57 36 43 75 4 34 51 5 74 75 4 25 3 34 51 75 4 16 75 76 52 76 86 16 86 3 86 77 56 43 44 20 14 43 44 77 56 0 58</p>
        </polylist>
      </mesh>
    </geometry>
    <geometry id="tire35Mesh_002-mesh" name="tire35Mesh.002">
      <mesh>
        <source id="tire35Mesh_002-mesh-positions">
          <float_array id="tire35Mesh_002-mesh-positions-array" count="657">-10.37793 16.62463 -26.26172 12.74216 30.51939 7.656769 -10.37791 -31.05452 -1.266106 0.02600097 -36.04711 -34.71125 8.602898 19.59552 46.12314 4.13562 -24.40913 43.71654 -3.166254 4.558309 -49.81681 0.02600097 49.56738 6.892906 4.13562 42.99957 -25.65491 8.602898 -48.83213 -11.25845 8.602898 -43.82263 24.30868 8.602898 -0.860138 50.10577 4.13562 46.02896 19.70681 -10.37794 30.75346 4.505044 0.02600097 21.87318 -45.01064 12.74216 -30.51783 -7.657032 -10.37792 -13.78674 27.85515 -8.028866 -24.17344 -43.77758 0.02600097 32.2233 38.28912 8.602898 50.1066 0.859222 -3.16623 -45.96918 -19.72856 -8.028861 -34.16312 36.51854 -8.028854 -49.82452 4.277799 8.602898 -4.382538 -49.92142 4.13562 36.7263 -34.034 -8.02888 4.277761 49.825 8.602898 -28.75607 -41.0419 -8.028857 -43.77492 24.17364 -8.028898 42.82499 25.82563 8.602898 11.25824 -48.83243 -8.028901 49.10633 -9.462675 8.602898 -49.91975 4.38258 -10.37792 -14.43056 -27.52761 12.74216 -10.80431 29.55109 -8.02887 -16.35835 47.25701 8.602898 -37.81093 32.88884 -3.166266 28.8556 -40.86402 -10.37793 17.23032 25.86816 -8.028891 28.61798 41.01052 -8.028897 41.01121 -28.61739 0.02600097 13.86397 48.08485 8.602898 49.19098 -9.577275 8.602898 -40.03076 -30.14704 0.02600097 -13.863 -48.085 12.74216 26.11185 -17.55652 0.02600097 -48.08591 13.86315 -3.16625 -4.557114 49.81634 8.602898 30.14787 -40.03157 -10.37791 -27.85462 -13.78781 4.13562 40.9257 28.8456 0.02600097 -49.56499 -6.89315 -8.0289 47.25862 16.35754 8.602898 32.88986 37.81116 12.74216 -2.147736 -31.39133 4.13562 -14.78702 47.83657 -10.37794 28.88593 -11.47479 -8.028885 16.35849 -47.25755 -3.166249 -5.89889 -49.67569 -10.37792 4.50587 -30.75274 -3.166237 -32.968 37.62361 0.02600097 49.9176 -3.563183 -3.166274 45.42255 -20.96178 -8.028856 -47.25661 -16.35774 -8.028861 -36.51677 -34.16487 4.13562 -25.65311 -42.99816 0.02600097 23.5587 44.15153 -8.028855 -49.10389 9.462388 -8.028865 -25.82412 42.82351 8.602898 -11.25845 48.83202 8.602898 -45.42447 -21.16509 -10.42673 35.40896 34.13037 8.602898 21.16576 -45.42469 8.602898 -47.9191 14.66608 -8.028882 9.462911 49.10485 -3.166233 -40.06976 29.94729 -10.37792 -1.265096 31.05504 8.602898 -9.576432 -49.18981 12.74216 8.629136 30.25835 -8.028871 -14.54271 -47.847 8.602898 41.0426 -28.75654 8.602898 48.83361 11.25828 8.602898 9.577988 49.18945 4.13562 -50.0652 0.718403 -13.80459 -27.03414 22.43269 -8.028902 49.62567 6.174663 -8.028894 34.16495 -36.51858 8.602898 -19.59506 -46.12374 -13.86114 -38.03078 10.69943 8.602898 -21.16391 45.42441 8.602898 -30.14475 40.03145 8.602898 46.12406 -19.59494 -13.80461 24.54248 -25.13602 -13.80459 -29.68862 -18.77951 4.13562 -43.71693 -24.41016 0.02600097 48.08591 -13.86333 -8.028887 19.4656 46.06446 -3.166231 -45.42134 20.96168 -3.166259 14.81621 -47.78068 -13.80462 35.10218 1.418742 0.02600097 3.564087 49.91646 -13.86116 -6.663508 -38.94214 8.602898 45.4256 21.16505 -8.028858 -42.82357 -25.82564 -8.028854 -49.62486 -6.174815 8.602898 4.384323 49.92105 8.602898 40.03197 30.14654 -13.86116 10.70071 38.03169 13.86115 -24.82684 -29.68617 -3.166234 -37.62397 -32.96867 -3.166245 -16.09813 -47.36358 -3.166268 33.97238 36.72066 13.86115 -26.92638 27.79452 -13.86118 33.39977 21.10388 4.13562 -47.83551 -14.78761 -3.166238 -29.9463 -40.07059 -8.028902 49.82607 -4.278016 4.13562 -42.99808 25.65453 4.13562 9.707489 -49.12028 -8.028881 6.175799 -49.62581 -8.028888 21.20867 -45.28878 13.86115 17.02234 -34.75598 -13.80462 32.64419 -12.98087 8.602898 -36.65975 -34.16618 8.602898 28.75765 41.04166 4.13562 -32.96551 37.68616 -13.8046 -15.57253 31.48927 -8.028876 -4.277463 -49.82512 -8.0289 46.06529 -19.46516 -10.37791 -28.88528 11.47458 8.602898 34.16624 -36.66106 8.602898 -50.10481 -0.859531 8.602898 0.859634 -50.1061 -13.10176 42.11561 15.5558 8.602898 25.79811 -42.9635 -3.166229 -48.78569 11.05973 -13.86114 -38.28422 -9.749979 -3.166245 -14.81384 47.78013 -3.166271 40.07074 -29.94725 -3.166275 48.78808 -11.06003 -3.166273 43.65614 24.42527 -3.166275 47.78109 14.81484 -3.166268 32.96949 -37.62398 -3.16624 -24.42566 43.65593 -13.86115 -21.9278 -32.86438 -13.80461 19.48501 29.23126 -13.86117 17.49715 -35.42275 -8.028856 -46.0644 19.46523 -3.166264 25.59482 42.98091 -3.166276 49.81778 4.557265 -3.16626 16.09969 47.36345 4.13562 -4.516869 49.86593 -10.4267 -31.64538 -37.64506 13.86115 24.82863 29.68575 -13.10172 -31.34118 32.14654 -8.028875 -6.174914 49.62557 -13.86116 5.69489 -39.09597 -8.02886 -37.79439 32.74733 -3.166242 -20.96122 -45.42126 -3.166229 -47.77988 -14.81514 -3.16627 37.62518 32.968 -3.166233 -40.86371 -28.85511 -13.86116 -1.576312 39.47673 8.602898 -34.16505 36.66046 8.602898 -24.30781 -43.82282 8.602898 -14.66551 -47.91931 8.602898 -6.091347 49.74152 8.602898 37.81236 -32.88895 8.602898 42.96419 25.79694 8.602898 -41.04148 28.75597 8.602898 47.38843 16.30096 8.602898 -42.96277 -25.79729 8.602898 -46.12367 19.59488 8.602898 -49.74026 -6.092476 8.602898 -47.38722 -16.30107 8.602898 49.92221 -4.382935 8.602898 -49.18999 9.576981 8.602898 43.82353 -24.3089 8.602898 49.74205 6.092144 8.602898 6.092758 -49.74176 8.602898 47.91969 -14.66631 8.602898 36.66154 34.16609 8.602898 14.66724 47.91917 8.602898 16.30238 -47.38815 8.602898 24.30893 43.82276 8.602898 -32.88873 -37.81109 8.602898 -25.79722 42.96291 8.602898 -16.3009 47.38786 -8.02889 25.82619 -42.82389 12.74216 -30.99429 5.417988 -8.028899 43.77856 -24.17369 -8.028872 -9.462972 -49.10509 -3.166229 -49.81718 -4.557437 13.86115 35.90544 -14.43949 -10.42671 -1.671017 49.15157 -13.10172 -35.24527 -27.80904 0.02600097 -28.04344 -41.44753 0.02600097 47.05095 17.04783 0.02600097 -49.91619 3.562958 4.13562 5.948639 49.71538 4.13562 28.84671 -40.92568 4.13562 -5.946411 -49.71543 -8.028897 39.88993 30.16007 -13.10176 43.21576 -12.16928 0.02600097 -38.28659 32.22256 0.02600097 1.674683 -50.01568 0.02600097 12.03761 -48.57461 0.02600097 -44.15172 23.55747 13.86115 -5.448151 38.31444 -13.10175 34.53085 -28.69467 -8.028889 24.17359 43.77743 -8.028868 -19.46433 -46.06469 -8.028883 11.32941 -48.70845 -10.42672 13.5992 47.26192 4.13562 25.65459 42.99785 4.13562 -37.68381 -32.96592 4.13562 19.70795 -46.02882 4.13562 49.7155 -5.948021 4.13562 49.86696 4.518311 4.13562 34.0343 36.72447</float_array>
          <technique_common>
            <accessor source="#tire35Mesh_002-mesh-positions-array" count="219" stride="3">
              <param name="X" type="float"/>
              <param name="Y" type="float"/>
              <param name="Z" type="float"/>
            </accessor>
          </technique_common>
        </source>
        <source id="tire35Mesh_002-mesh-normals">
          <float_array id="tire35Mesh_002-mesh-normals-array" count="657">0.9825083 -0.1323012 -0.1310499 0.5344257 -0.330739 -0.7778181 0.5643324 -0.2386609 -0.7902974 -0.8585677 -0.3046432 -0.4123762 -0.9301683 0.01382523 -0.3668729 -0.9951668 0.06457841 0.0739783 0.981394 -0.09442526 0.1671821 0.578734 -0.7806486 0.2359127 0.5908882 -0.7962234 0.1299215 -0.9655828 0.2023393 0.1634279 -0.9951172 -0.02099734 -0.09644144 -0.6380667 -0.4747885 -0.606174 0.9859369 -0.064547 0.1541499 0.5163274 -0.1873281 0.835652 0.5795943 -0.3044312 0.7559049 -0.6679158 0.52301 0.52948 -0.9773887 -0.1480152 -0.151006 -0.5182832 0.470398 0.7142188 -0.5289356 -0.3048605 0.7920147 -0.4563861 -0.1546415 0.8762407 -0.9978704 -0.04416054 0.04800593 0.03109848 -0.9966165 0.07608294 -0.01977646 -0.9590675 0.2824862 -0.001983702 -0.9727857 0.2316985 -0.5065618 -0.2505342 -0.8250017 -0.9941553 -0.0190438 -0.106267 -0.4898723 -0.1720703 -0.8546443 0.980506 0.0368666 -0.1930004 0.5231916 0.3657122 -0.7697567 0.5162982 0.4364287 -0.7368625 0.9850633 0.1633989 -0.05432385 0.5115135 0.7887562 -0.3409072 0.5296353 0.8110861 -0.2482455 0.9833469 0.09616476 0.1542116 0.5378062 0.6718457 0.5093014 0.5187112 0.6322137 0.5755387 -0.3822893 0.7511194 -0.5382143 -0.4365467 0.5943005 -0.675451 -0.9007398 0.3154756 -0.2985681 -0.3848119 0.9050664 -0.1810377 -0.3997724 0.8481926 -0.3474929 -0.9040622 0.4222294 -0.0662871 0.9822891 -0.1860752 -0.0220043 0.6024262 -0.7262442 -0.3311375 0.6142601 -0.6717278 -0.4140847 -0.2973777 -0.6833524 -0.6667805 -0.440024 -0.791451 -0.4242455 -0.9299906 -0.2606977 -0.2591412 -0.9875696 0.06738626 -0.1420056 -0.9931724 -0.1086468 0.04248207 -0.5188638 -0.7894811 0.3278721 0.4841629 -0.6663343 0.5670846 0.5170605 -0.6950803 0.4995117 -0.4928247 0.3875333 0.7790647 0.9884523 0.04055982 0.1460033 0.6111212 0.1513459 0.7769333 0.5780375 0.09772312 0.8101376 -0.4660896 0.7493081 0.4704234 -0.3695864 0.8767835 0.3076632 -0.9289481 0.3542992 0.107367 0.9861404 0.1589446 0.04757958 0.569643 0.7990567 0.1923937 0.5931795 0.76589 0.248094 -0.4001399 0.8008902 -0.4454917 -0.4925538 0.1929441 -0.8486245 -0.4990766 0.0913127 -0.8617334 -0.9952585 0.008087515 -0.09692865 -0.02234011 0.3889682 -0.9209803 0.5555015 0.2252891 -0.8004142 0.9878695 0.001403868 -0.1552806 -0.8077496 0.3273481 -0.4902896 -0.9010819 0.3635457 -0.2364023 -0.4765654 -0.4154649 -0.7747737 -0.02078372 -0.2835261 -0.9587393 -0.01196342 0.3174592 0.9481965 -0.7128449 0.1741139 0.679365 0.5162332 0.4956327 0.6984637 0.5733591 0.3590857 0.7364217 0.005310356 0.9761381 -0.2170857 -0.008240163 0.9586406 -0.2845005 -0.02465963 0.9948087 0.09873008 -0.04699897 0.9157176 0.3990643 -0.0190438 -0.8741844 -0.4852206 -4.88297e-4 -0.9961567 -0.08758831 -0.5377758 -0.8332916 -0.1281494 -0.5136994 -0.8166027 -0.2631977 -0.9843423 0.131447 -0.1174386 -0.914978 -0.2927442 0.277698 -0.5027099 -0.4127397 0.7595583 0.556823 -0.4616946 0.6904972 0.5232866 -0.5855463 0.6191177 -0.4962406 -0.8495908 0.1787198 0.5701982 0.0227676 -0.8211917 0.5952737 0.08380526 -0.7991408 0.01293987 -0.1162453 -0.9931363 -0.02639901 -0.08859705 -0.9957177 0.01141405 0.664368 -0.7473186 -0.01364213 0.7932294 -0.6087702 -0.01904392 0.7316054 -0.6814624 0.5376076 0.6791282 -0.499763 0.5278366 0.7447395 -0.4083523 -0.01986777 -0.2962466 0.9549048 -0.01779246 -0.09442538 0.995373 -0.01782315 -0.08447688 0.9962661 -0.03979688 0.262098 0.9642204 8.24016e-4 0.07254391 0.9973649 -0.02349972 0.1154844 0.9930314 0.5277167 -0.6186045 -0.5821028 0.4818393 -0.5698876 -0.6656268 0.01516783 -0.5615473 -0.8273056 0.005951225 -0.6951072 -0.7188817 -0.03528016 -0.6143822 -0.7882195 -0.01690751 -0.6615614 0.7497004 0.03024488 -0.7636607 0.6449091 -0.02447599 -0.8543114 0.519185 -0.008758962 0.959061 0.2830641 0.002533078 0.8813937 0.4723758 0.01541203 0.9420898 0.3350066 -0.02859669 0.7497414 0.6611128 -0.01989871 0.8201208 0.5718444 -0.02310305 0.1754553 -0.9842163 0.4551675 -0.1702072 -0.8739864 -0.01260429 0.2387804 -0.9709919 -0.505162 0.8598924 0.07346087 -0.5054951 0.8627873 -0.008545458 -0.9817682 -0.1619647 0.09949219 -0.02349978 0.9930348 -0.1154543 0.5514168 0.8341447 0.0119329 -0.5147969 -0.8557261 0.05212664 0.9838039 -0.1788401 -0.01208543 0.6109557 -0.7913522 -0.02224814 0.5717121 -0.8135751 -0.1060229 -0.9937071 0.03054976 -0.1077635 -0.5017685 0.2872785 -0.8159042 -0.02127164 -0.48754 0.8728415 -0.0140388 -0.4827837 0.8756272 -0.008575797 -0.3028083 0.953013 -0.3864067 -0.7099738 0.5887506 0.002472043 -0.8069058 0.5906749 -0.01409995 -0.645395 0.763719 -0.3775212 -0.61615 0.6912575 -0.4886447 0.4564774 -0.7435421 -0.4955457 0.3708124 -0.7854508 0.002594113 0.4407303 -0.8976359 -0.009247362 0.5757788 -0.8175534 -0.01782286 0.5794876 -0.8147862 -0.9112203 -0.4084423 0.05340909 -0.9970612 0.06659281 0.03787428 0.01327586 0.5177589 0.8554237 -0.03344893 0.6828048 0.7298348 -0.01953208 0.8613954 -0.5075595 0.02029526 0.9063308 -0.4220815 -0.02505612 0.5112252 0.8590816 0.5458639 0.8356118 -0.06152641 0.5360711 0.8292088 -0.1582424 -0.01471036 -0.7445538 -0.6674005 0.5667388 -0.6833521 -0.4602578 0.01327568 -0.3167858 -0.9484042 0.07504671 -0.4297409 -0.8998283 0.5964934 0.7934018 0.1212824 0.003662228 -0.8871279 0.4615092 0.01141417 -0.9135317 0.4066075 -0.4495507 0.1270217 0.8841775 -0.6779648 -0.1064527 0.7273457 0.5335389 0.5173332 -0.6691058 0.5371125 0.5731865 -0.6188437 -0.9894097 -0.1439907 0.01831161 0.6107562 0.7140342 0.3422456 0.5765039 0.7185088 0.3890867 0.1326362 -0.9854022 -0.1067254 -0.01083439 -0.9613016 -0.2752854 -0.01825028 -0.9579578 -0.2863283 0.007629811 0.9864796 0.1637062 -0.01236027 0.680762 0.7324005 0.9932846 -0.08249396 0.08112055 0.6003371 -0.3312826 0.7279061 0.6107816 -0.4150617 0.6742921 0.01611405 0.298019 -0.9544239 0.004882991 0.1003455 -0.9949406 -0.5060762 -0.05084562 -0.8609888 0.002777218 0.9979482 -0.0639683 -0.00915569 -0.8209331 -0.5709512 0.009155809 -0.9155529 -0.4020937 -0.004577815 -0.7425271 -0.6698004 -0.04516774 -0.5070694 -0.8607209 0.5085467 -0.5038467 -0.6982255 0.5335695 -0.4009019 -0.7447022 0.5984519 0.3190177 0.7349035 0.5187653 -0.004699945 0.8549038 0.5231856 -0.1099291 0.845099 0.592476 -0.7883199 -0.1659042 0.6087659 -0.7475671 -0.2656083 -0.433526 0.7454329 0.506345 0.6142282 0.1861667 -0.7668544 0.5488319 -0.7693658 0.3268942 0.5459302 -0.7382632 0.3961412 -0.4333485 0.124337 0.8926083 -0.537963 -0.7451583 0.3941257 0.5769712 -0.1519261 -0.8025103 0.6012593 -0.05176055 -0.7973758 -0.5165115 -0.3287252 -0.7906679 0.5601482 0.6328752 -0.5345121 0.6122038 0.2335286 0.7554277 0.5934343 -0.8004115 0.08471959 -0.06686657 -0.9975666 -0.01974558 -7.01929e-4 0.9961592 0.08755797 -0.9174702 0.3976966 0.00927782 -0.8924652 -0.3093705 0.3283227 -0.7819039 -0.5780656 0.2333809 -0.9686627 -0.1940743 0.1550092 -0.8558112 0.4055963 0.3210589 -0.9275055 0.2030435 0.3138582 -0.555114 0.3951628 0.7319118 -0.9301766 -0.05209696 0.363397 -0.01205492 0.6267651 0.7791152 0.9859456 -0.130499 0.1043138 -0.9654093 -0.2435115 0.09320515 0.5231224 0.5545263 0.6471813 0.006073236 0.4485965 0.8937138</float_array>
          <technique_common>
            <accessor source="#tire35Mesh_002-mesh-normals-array" count="219" stride="3">
              <param name="X" type="float"/>
              <param name="Y" type="float"/>
              <param name="Z" type="float"/>
            </accessor>
          </technique_common>
        </source>
        <vertices id="tire35Mesh_002-mesh-vertices">
          <input semantic="POSITION" source="#tire35Mesh_002-mesh-positions"/>
        </vertices>
        <polylist material="tire_001-material" count="420">
          <input semantic="VERTEX" source="#tire35Mesh_002-mesh-vertices" offset="0"/>
          <input semantic="NORMAL" source="#tire35Mesh_002-mesh-normals" offset="1"/>
          <vcount>3 3 3 3 3 3 3 3 3 3 3 3 3 3 3 3 3 3 3 3 3 3 3 3 3 3 3 3 3 3 3 3 3 3 3 3 3 3 3 3 3 3 3 3 3 3 3 3 3 3 3 3 3 3 3 3 3 3 3 3 3 3 3 3 3 3 3 3 3 3 3 3 3 3 3 3 3 3 3 3 3 3 3 3 3 3 3 3 3 3 3 3 3 3 3 3 3 3 3 3 3 3 3 3 3 3 3 3 3 3 3 3 3 3 3 3 3 3 3 3 3 3 3 3 3 3 3 3 3 3 3 3 3 3 3 3 3 3 3 3 3 3 3 3 3 3 3 3 3 3 3 3 3 3 3 3 3 3 3 3 3 3 3 3 3 3 3 3 3 3 3 3 3 3 3 3 3 3 3 3 3 3 3 3 3 3 3 3 3 3 3 3 3 3 3 3 3 3 3 3 3 3 3 3 3 3 3 3 3 3 3 3 3 3 3 3 3 3 3 3 3 3 3 3 3 3 3 3 3 3 3 3 3 3 3 3 3 3 3 3 3 3 3 3 3 3 3 3 3 3 3 3 3 3 3 3 3 3 3 3 3 3 3 3 3 3 3 3 3 3 3 3 3 3 3 3 3 3 3 3 3 3 3 3 3 3 3 3 3 3 3 3 3 3 3 3 3 3 3 3 3 3 3 3 3 3 3 3 3 3 3 3 3 3 3 3 3 3 3 3 3 3 3 3 3 3 3 3 3 3 3 3 3 3 3 3 3 3 3 3 3 3 3 3 3 3 3 3 3 3 3 3 3 3 3 3 3 3 3 3 3 3 3 3 3 3 3 3 3 3 3 3 3 3 3 3 3 3 3 3 3 3 3 3 3 3 3 3 3 3 3 3 3 3 3 3 3 3 3 3 3 3 3 3 3 3 3 3 3 3 3 3 3 3 3 3 3 3 3 3 </vcount>
          <p>107 0 86 1 164 2 37 3 75 4 106 5 111 6 72 7 175 8 92 9 143 10 151 11 207 12 68 13 186 14 70 15 144 16 38 17 34 18 154 19 161 20 197 21 45 22 134 23 78 24 100 25 190 26 120 27 71 28 133 29 192 30 90 31 179 32 152 33 105 34 180 35 39 36 85 37 208 38 30 39 127 40 202 41 15 42 69 43 170 44 63 45 102 46 194 47 83 48 87 49 146 50 111 6 35 51 168 52 144 16 106 5 95 53 77 54 81 55 104 56 28 57 51 58 132 59 1 60 80 61 169 62 208 38 202 41 189 63 211 64 118 65 155 66 133 29 71 28 215 67 182 68 120 27 53 69 104 56 207 12 77 54 16 70 128 71 83 48 151 11 143 10 17 72 164 2 86 1 43 73 149 74 95 53 212 75 152 33 123 76 183 77 127 40 138 78 94 79 217 80 12 81 80 61 170 44 69 43 93 82 191 83 103 84 62 85 125 86 153 87 67 88 111 6 89 89 162 90 66 91 146 50 87 49 62 85 103 84 87 49 53 69 131 92 178 93 43 73 57 94 200 95 141 96 137 97 24 98 192 30 79 99 176 100 54 101 150 102 46 103 40 104 99 105 198 106 107 0 122 107 184 108 195 109 3 110 114 111 124 112 203 113 116 114 175 8 72 7 45 22 140 115 139 116 196 117 139 116 159 118 49 119 117 120 200 95 57 94 204 121 205 122 117 120 84 123 115 124 98 125 216 126 217 80 19 127 22 128 191 83 197 21 188 129 130 130 172 131 155 66 145 132 56 133 175 8 188 129 111 6 124 112 5 134 142 135 154 19 136 136 54 101 156 137 74 138 59 139 21 140 59 139 142 135 187 141 119 142 145 132 14 143 36 144 199 145 13 146 37 3 112 147 38 17 147 148 110 149 110 149 70 15 38 17 8 150 24 98 137 97 8 150 61 151 94 79 40 104 198 106 81 55 183 77 123 76 213 152 174 153 41 154 216 126 192 30 41 154 174 153 93 82 214 155 42 156 184 108 122 107 214 155 109 157 78 24 190 26 114 111 157 158 195 109 177 159 1 60 192 30 203 113 206 160 116 114 96 161 146 50 66 91 149 74 73 162 99 105 193 163 161 20 154 19 120 27 47 164 129 165 24 98 199 145 36 144 87 49 135 166 62 85 49 119 196 117 139 116 1 60 101 167 167 168 50 169 158 170 113 171 197 21 50 169 113 171 196 117 7 172 140 115 51 58 84 123 132 59 218 173 213 152 123 76 49 119 218 173 180 35 42 156 107 0 15 42 33 174 88 175 185 176 5 134 54 101 136 136 202 41 98 125 115 124 211 64 97 177 6 178 119 142 36 144 14 143 118 65 126 179 100 25 57 94 204 121 117 120 143 10 100 25 78 24 124 112 116 114 35 51 162 90 89 89 124 112 60 180 94 79 138 78 115 124 30 39 202 41 189 63 39 36 208 38 137 97 61 151 8 150 62 85 158 170 191 83 102 46 160 181 20 182 151 11 114 111 108 183 160 181 102 46 63 45 214 155 64 184 184 108 107 0 26 185 163 186 95 53 149 74 147 148 213 152 40 104 4 187 22 128 66 91 87 49 134 23 22 128 197 21 136 136 142 135 5 134 67 88 34 18 125 86 150 102 54 101 68 13 207 12 11 188 165 189 15 42 9 190 173 191 113 171 93 82 69 43 201 192 159 118 139 116 132 59 112 147 28 57 117 120 215 67 182 68 53 69 29 193 182 68 116 114 45 22 171 194 111 6 10 195 171 194 193 163 106 5 161 20 73 162 25 196 99 105 74 138 156 137 27 197 27 197 96 161 74 138 161 20 125 86 34 18 43 73 200 95 76 198 107 0 76 198 23 199 183 77 77 54 152 33 210 200 17 72 143 10 157 158 17 72 210 200 24 98 8 150 79 99 120 27 129 165 166 201 192 30 19 127 177 159 177 159 19 127 217 80 77 54 4 187 181 202 181 202 4 187 40 104 188 129 31 203 130 130 45 22 82 204 175 8 27 197 156 137 153 87 21 140 67 88 153 87 84 123 148 205 115 124 148 205 84 123 51 58 24 98 36 144 141 96 85 37 187 141 145 132 64 184 43 73 86 1 163 186 26 185 64 184 2 206 135 166 87 49 87 49 83 48 128 71 54 101 5 134 88 175 186 14 68 13 54 101 5 134 124 112 89 89 185 176 88 175 5 134 8 150 94 79 90 31 176 100 79 99 8 150 0 207 55 208 91 209 145 132 208 38 85 37 48 210 32 211 92 9 135 166 194 47 102 46 93 82 113 171 158 170 20 182 160 181 93 82 94 79 216 126 41 154 179 32 90 31 94 79 209 212 38 17 144 16 147 148 38 17 209 212 96 161 134 23 45 22 45 22 116 114 206 160 215 67 117 120 205 122 97 177 119 142 14 143 55 208 13 146 98 125 112 147 132 59 13 146 99 105 46 103 150 102 46 103 99 105 25 196 32 211 58 213 100 25 100 25 155 66 118 65 169 62 80 61 12 81 167 168 101 167 12 81 102 46 62 85 135 166 20 182 62 85 102 46 103 84 191 83 22 128 103 84 22 128 87 49 150 102 198 106 99 105 207 12 104 56 11 188 12 81 49 119 167 168 180 35 105 34 49 119 25 196 73 162 106 5 212 75 95 53 106 5 53 69 15 42 107 0 23 199 53 69 107 0 93 82 160 181 214 155 108 183 114 111 3 110 109 157 57 94 43 73 195 109 157 158 43 73 110 149 147 148 18 214 49 119 159 118 218 173 111 6 188 129 33 174 89 89 111 6 33 174 201 192 28 57 112 147 144 16 70 15 112 147 82 204 113 171 172 131 173 191 9 190 113 171 114 111 151 11 17 72 17 72 157 158 114 111 115 124 148 205 60 180 138 78 115 124 60 180 171 194 10 195 116 114 168 52 35 51 116 114 182 68 29 193 117 120 178 93 131 92 117 120 6 178 118 65 211 64 118 65 6 178 126 179 56 133 145 132 119 142 97 177 56 133 119 142 120 27 44 215 53 69 79 99 192 30 120 27 121 216 91 209 55 208 98 125 121 216 55 208 122 107 42 156 214 155 107 0 42 156 122 107 123 76 52 217 218 173 152 33 52 217 123 76 142 135 59 139 124 112 203 113 124 112 59 139 125 86 161 20 16 70 83 48 125 86 16 70 190 26 57 94 109 157 204 121 57 94 126 179 189 63 61 151 137 97 94 79 61 151 127 40 128 71 2 206 87 49 166 201 129 165 24 98 199 145 24 98 129 165 172 131 130 130 82 204 130 130 31 203 82 204 53 69 23 199 131 92 200 95 117 120 131 92 132 59 98 125 13 146 98 125 132 59 84 123 120 27 133 29 47 164 215 67 199 145 133 29 134 23 66 91 22 128 66 91 134 23 96 161 92 9 135 166 48 210 2 206 48 210 135 166 136 136 34 18 67 88 34 18 136 136 154 19 137 97 39 36 189 63 39 36 137 97 141 96 138 78 30 39 115 124 30 39 138 78 127 40 139 116 28 57 201 192 28 57 139 116 140 115 140 115 51 58 28 57 51 58 140 115 148 205 141 96 85 37 39 36 85 37 141 96 36 144 142 135 67 88 21 140 67 88 142 135 136 136 143 10 92 9 32 211 100 25 143 10 32 211 144 16 112 147 37 3 106 5 144 16 37 3 91 209 145 132 0 207 145 132 155 66 0 207 146 50 27 197 83 48 96 161 27 197 146 50 65 218 18 214 147 148 147 148 149 74 65 218 148 205 140 115 7 172 7 172 60 180 148 205 149 74 99 105 40 104 40 104 65 218 149 74 165 189 11 188 150 102 198 106 150 102 11 188 151 11 63 45 194 47 108 183 63 45 151 11 167 168 152 33 1 60 152 33 77 54 1 60 27 197 153 87 83 48 125 86 83 48 153 87 54 101 46 103 154 19 46 103 193 163 154 19 155 66 100 25 58 213 58 213 0 207 155 66 156 137 21 140 153 87 59 139 21 140 156 137 43 73 157 158 109 157 210 200 109 157 157 158 62 85 20 182 158 170 93 82 158 170 20 182 18 214 159 118 110 149 70 15 110 149 159 118 3 110 160 181 108 183 63 45 108 183 160 181 75 4 16 70 161 20 161 20 106 5 75 4 111 6 162 90 35 51 35 51 162 90 124 112 107 0 163 186 86 1 86 1 163 186 64 184 76 198 164 2 43 73 107 0 164 2 76 198 207 12 165 189 68 13 68 13 165 189 150 102 120 27 166 201 79 99 79 99 166 201 24 98 152 33 167 168 105 34 105 34 167 168 49 119 111 6 168 52 10 195 10 195 168 52 116 114 101 167 169 62 12 81 1 60 169 62 101 167 15 42 170 44 42 156 42 156 170 44 93 82 72 7 171 194 45 22 111 6 171 194 72 7 9 190 172 131 113 171 15 42 172 131 9 190 15 42 173 191 69 43 69 43 173 191 113 171 192 30 174 153 19 127 19 127 174 153 216 126 188 129 175 8 31 203 31 203 175 8 82 204 192 30 176 100 90 31 90 31 176 100 8 150 1 60 177 159 80 61 80 61 177 159 217 80 29 193 178 93 117 120 53 69 178 93 29 193 41 154 179 32 94 79 192 30 179 32 41 154 52 217 180 35 218 173 152 33 180 35 52 217 77 54 181 202 81 55 81 55 181 202 40 104 120 27 182 68 71 28 71 28 182 68 215 67 77 54 183 77 4 187 4 187 183 77 213 152 107 0 184 108 26 185 26 185 184 108 64 184 89 89 185 176 5 134 33 174 185 176 89 89 33 174 186 14 88 175 88 175 186 14 54 101 187 141 36 144 119 142 36 144 187 141 85 37 172 131 15 42 188 129 127 40 189 63 202 41 61 151 189 63 127 40 126 179 190 26 100 25 57 94 190 26 126 179 191 83 158 170 50 169 50 169 197 21 191 83 192 30 1 60 44 215 44 215 120 27 192 30 193 163 46 103 25 196 193 163 25 196 106 5 151 11 194 47 92 9 135 166 92 9 194 47 3 110 195 109 64 184 43 73 64 184 195 109 49 119 12 81 196 117 7 172 196 117 12 81 45 22 197 21 82 204 113 171 82 204 197 21 11 188 104 56 198 106 104 56 81 55 198 106 129 165 47 164 199 145 47 164 133 29 199 145 131 92 23 199 200 95 23 199 76 198 200 95 70 15 201 192 112 147 159 118 201 192 70 15 98 125 202 41 121 216 91 209 121 216 202 41 206 160 203 113 74 138 59 139 74 138 203 113 205 122 204 121 6 178 126 179 6 178 204 121 14 143 205 122 97 177 6 178 97 177 205 122 45 22 206 160 96 161 74 138 96 161 206 160 186 14 33 174 207 12 207 12 33 174 77 54 145 132 91 209 208 38 202 41 208 38 91 209 144 16 95 53 209 212 147 148 209 212 95 53 143 10 78 24 210 200 109 157 210 200 78 24 155 66 56 133 211 64 97 177 211 64 56 133 212 75 106 5 73 162 149 74 212 75 73 162 40 104 213 152 65 218 18 214 65 218 213 152 64 184 214 155 3 110 160 181 3 110 214 155 199 145 215 67 14 143 205 122 14 143 215 67 217 80 216 126 60 180 94 79 60 180 216 126 60 180 7 172 217 80 12 81 217 80 7 172 159 118 18 214 218 173 213 152 218 173 18 214</p>
        </polylist>
      </mesh>
    </geometry>
    <geometry id="rim14Mesh_002-mesh" name="rim14Mesh.002">
      <mesh>
        <source id="rim14Mesh_002-mesh-positions">
          <float_array id="rim14Mesh_002-mesh-positions-array" count="1272">26.99294 -26.68126 -10e-7 -12.3835 -2.246901 26.50589 -2.729388 3.437075 -23.98424 -4.062807 19.01916 15.93279 -12.38346 -21.83133 -15.19879 -13.62987 27.86866 -4.906281 27.0583 22.31263 -22.31266 -9.883011 -23.34606 10.0176 26.25699 12.88593 27.63401 -1.9753 -16.40625 -16.29172 -25.84536 -12.7617 -27.37081 -25.84537 15.09887 26.15456 26.99294 -13.34062 -23.10667 -25.84536 21.35546 -21.3537 -1.665459 0.727711 13.96321 -1.975323 -14.88795 17.69879 -25.84538 -19.41323 23.13376 -2.57217 16.39381 -16.21105 -25.84538 -29.7419 5.243576 -1.9753 22.3122 -6.062369 27.0583 30.47966 8.167025 27.05828 -22.31267 22.31268 -2.196054 -21.20813 -10.12804 -2.152465 0.776081 -13.93924 -15.64105 -23.3348 16.3271 -25.84536 30.19995 0.001268982 -12.38346 21.83133 15.1988 -25.84536 5.245085 -29.74165 27.0583 5.47951 -31.07571 -2.152465 11.6837 7.641722 -2.19607 1.832935 23.43083 -15.64104 -27.50448 -7.381418 -15.64105 7.359772 27.51031 -27.1089 2.713734 31.01854 -12.38346 2.246848 -26.50588 -2.152494 -12.45974 6.297532 -9.56069 23.77087 10.17547 -10.83098 21.2901 -14.17544 -15.64104 14.24787 -24.65524 -2.152465 12.45978 -6.297515 -1.975323 -22.31219 6.062384 26.25698 -5.294706 30.02774 -25.84536 -28.3786 -10.33021 26.25701 -26.40592 -15.24548 -15.64104 2.490604 -28.37208 -2.152465 -11.6837 -7.641713 27.0583 24.17256 20.28326 27.0583 29.65208 -10.79246 -12.63982 -17.48736 20.84064 -25.84536 26.15387 15.10112 -15.64104 -14.22816 -24.6666 -12.63978 -9.304841 -25.56482 -13.62988 -9.68531 26.5881 -12.63978 -26.79221 -4.724187 -2.196054 21.20816 10.12806 -12.63981 9.304839 25.56483 -4.353726 -5e-5 28.41677 -4.353708 -24.60963 -14.20839 -4.353708 24.60967 14.2084 -9.882994 23.346 -10.01759 -25.84536 -23.1345 -19.41322 -4.480164 -4.110601 -24.02979 26.99294 -13.34063 23.10668 -25.84536 26.1549 -15.09933 27.06443 -2.336836 -26.70972 -13.62987 18.18328 21.68181 -12.63978 17.48739 -20.84061 -4.353726 -24.60963 14.20838 -4.353708 -3.4e-5 -28.41676 -25.84538 -10.32989 28.37904 -20.59931 28.61989 0.006382942 -13.62988 -27.86863 4.90629 27.05828 -29.65208 10.79247 -25.84538 -26.15485 15.09935 -15.64104 27.50451 7.38143 -4.062826 -4.288614 24.43746 27.0583 -20.28321 -24.17262 -20.59931 -28.61985 -0.006372988 -20.59931 -2.499274 28.51339 -2.19607 -19.37517 13.30278 27.06443 21.96291 -15.37857 27.06443 24.2997 11.33115 -2.019113 -7.298723 8.698247 -15.64104 -23.32563 -16.34296 -15.64104 20.14475 -20.12887 27.06442 -21.96286 15.37858 -15.64104 -7.359722 -27.5103 -25.84536 -5.243027 -29.74166 27.06442 2.336788 26.70974 -2.019386 -10.68188 -3.884411 -1.975321 7.883646 21.74275 -2.572178 -22.9911 -2.00777 26.99294 26.68132 1.6e-5 -15.64104 23.32567 16.34298 -2.01908 11.18223 1.971743 -12.63978 26.79222 4.724198 -20.59931 -23.44878 16.41224 -25.84536 29.17057 7.817537 26.99294 13.34065 -23.10667 27.06442 -25.89817 6.939389 -20.59931 14.30441 24.78872 -4.353708 27.98504 -4.934504 27.06443 6.939381 -25.89814 -4.353724 -27.98504 4.934515 -4.353708 9.719101 -26.70301 -4.353708 18.26593 21.76851 -4.353708 -18.26596 -21.7685 -4.353726 -9.719115 26.70303 -20.59931 14.31545 -24.78233 -1.758591 0.00791496 -17.83166 -2.196054 19.37524 -13.30277 -10.831 -21.29009 14.17545 -1.758591 15.44664 -8.908953 -3.104159 -15.26656 18.15452 -20.59931 -25.93782 -12.10113 27.0583 -8.166935 -30.47968 -2.185589 -2.018577 15.80634 26.99294 13.34066 23.1067 27.0583 -30.47963 -8.167 -20.59931 -14.30436 -24.7887 -20.59931 -12.10014 25.93757 -1.758591 -15.43869 -8.9227 -1.758591 15.43872 8.922711 -20.59931 25.93785 12.10114 -20.59931 23.44881 -16.41223 -10.831 1.631271 25.52551 -10.83098 -1.631275 -25.52549 -10.83098 -22.92132 -11.35005 -4.353708 24.60969 -14.20836 27.05828 -15.77753 27.32754 -1.758622 -15.44662 8.908967 -4.353708 18.26593 -21.76849 27.06443 -18.95878 -18.95876 -13.62988 -16.23823 23.16551 -25.84536 15.10107 -26.15329 27.06443 25.89818 -6.939372 -2.555013 23.74911 4.216965 -20.59931 -2.489003 -28.51337 27.06443 18.95878 18.95878 -25.84536 19.41199 23.13547 -2.57217 22.99114 2.007778 27.05829 15.77752 27.32754 -2.57217 -11.54177 -19.98485 -25.84536 -30.08469 -2.633425 27.0583 31.55514 3.2e-5 -1.975301 -22.77157 -4.043959 27.05829 -31.55512 -1.7e-5 -1.9753 14.88798 -17.69877 26.25698 -17.48878 24.97655 -13.62987 26.59393 -9.670021 -4.480185 4.110615 24.02981 -2.196054 -1.832943 -23.43082 -4.353708 27.98504 4.934533 -13.62987 9.685347 -26.58808 -13.62987 -18.18329 -21.68181 -20.59931 -27.64905 7.404795 -20.59931 27.64904 -7.404784 27.0583 15.77758 -27.32751 -11.12464 22.22157 12.82162 -2.572185 11.54171 19.98487 27.06443 -24.29968 -11.33114 -4.353726 -18.26597 21.76851 -4.353724 9.719094 26.70304 -4.353708 -9.719101 -26.70303 -4.353708 -27.98505 -4.934526 -13.62988 -26.5939 9.67004 27.05828 -5.47956 31.07573 -4.062807 -19.01912 -15.93277 -20.59931 7.401527 27.64719 -2.01908 -3.883531 -10.66998 -4.480164 -22.86572 -8.454978 -25.84536 29.74189 -5.243567 27.05828 5.479502 31.07573 -3.104141 8.095234 -22.29741 -4.480185 -18.75507 15.57482 26.257 -30.37474 -2.657455 26.257 17.48877 -24.97654 26.257 -12.88597 -27.634 26.257 30.37471 2.657465 -20.59931 20.23727 20.24238 -20.59931 -20.23723 -20.24236 -20.59931 7.411755 -27.64716 -15.64105 -2.490606 28.3721 -2.019418 -10.68235 3.883392 -1.9753 16.4063 16.29174 -2.019386 8.704964 -7.308558 -1.975323 -5.905922 22.35412 26.25698 -26.40592 15.24548 26.25701 26.40597 15.2455 26.25701 26.40597 -15.24547 26.25701 -3.5e-5 -30.49096 27.06442 -6.939404 25.89815 -11.65591 25.70314 -0.002992987 -11.65592 -25.70311 0.002990961 -1.9753 -7.883649 -21.74274 -11.65592 12.85414 22.25807 -25.84538 -5.245114 29.74167 -4.062826 -23.30776 8.504683 -4.480164 18.75507 -15.57481 -25.84536 10.32992 -28.37903 -12.63978 9.304843 -25.5648 -12.63978 17.48738 20.84065 -12.63978 -17.48736 -20.84063 -12.63982 -9.304841 25.56482 -25.84536 -19.41204 -23.13545 26.25698 5.294679 30.02775 -25.84538 -28.37956 10.32844 -15.64104 28.47597 0.01137495 -15.64104 -28.47596 -0.01135694 27.0583 -27.32755 -15.77756 -25.84538 10.32782 28.37922 26.25701 10.42856 -28.65212 26.25698 -30.02774 5.29469 26.257 19.59923 23.35745 26.25701 -19.5992 -23.35743 26.25701 30.0277 -5.294674 -15.64104 23.33483 -16.32709 -1.758622 -0.007922947 17.83167 -2.019386 1.978075 -11.19289 -12.63978 26.79222 -4.724173 -12.63981 -26.79219 4.724183 -4.062807 23.30778 -8.504664 -7.861986 4.032761 -25.27833 -25.84538 5.243069 29.74167 -20.59931 -20.24238 20.2335 27.0583 -15.77751 -27.32753 -2.019418 -1.978061 11.1929 -17.085 -13.48759 23.34339 -2.019103 4.798709 10.29084 -11.65591 12.84897 -22.26105 -11.65591 -12.85414 -22.25806 -4.353708 -26.70302 -9.719105 -4.353726 4.934493 27.98506 -4.353726 -21.7685 18.26595 -4.353708 26.70303 9.719119 -4.353708 -4.934513 -27.98505 -15.64104 14.22819 24.66661 -13.62988 -20.01511 19.99634 -25.84536 23.13447 19.41323 -25.84536 28.3796 -10.32843 -25.84538 -15.1011 26.15329 -12.63978 22.28529 -15.60431 -25.84536 9.85e-4 -30.20046 -25.84536 -26.15385 -15.10112 -27.1089 -25.50595 17.85946 20.06158 20.29772 -24.18989 -4.480164 22.86573 8.454994 26.25698 -10.42857 28.65212 -2.185568 12.67941 9.651292 -2.185568 -12.67941 -9.65128 -20.59931 27.64395 7.413687 -20.59931 -7.401497 -27.64717 -20.59931 -27.64392 -7.413672 -20.59931 20.24239 -20.23349 -3.104141 23.35778 -4.137991 -3.104159 -23.35777 4.138004 0.681423 17.0973 24.41752 0.681415 -29.69484 2.597951 0.681429 12.5975 -27.01545 0.681429 -17.0973 -24.4175 0.681429 29.6948 -2.597941 0.681413 -12.59748 27.01547 -3.104159 8.089029 22.29849 -3.104141 -8.088987 -22.29847 -12.63982 -22.28528 15.60433 -11.12464 -0.006967961 -25.65526 -11.12464 -22.22157 -12.82161 -11.12467 0.006966948 25.65528 27.06443 -25.89817 -6.939392 27.06443 18.95878 -18.95875 27.06443 -6.939384 -25.89816 27.06443 25.89818 6.939404 27.06442 6.93943 25.89817 27.06442 -18.95876 18.95877 -27.1089 -31.01855 2.713754 20.06157 -13.34521 28.61889 -2.185589 -14.69795 6.155057 26.25701 -28.65211 -10.42853 26.25701 28.65215 10.42854 26.25701 23.35744 -19.5992 26.25701 -5.294706 -30.02773 26.25698 -23.35748 19.59922 -25.84536 -15.09883 -26.15455 -25.84538 -23.13551 19.41146 -2.185568 14.698 -6.155044 -2.185568 2.018581 -15.80633 20.06156 -27.34709 15.78883 -4.353708 14.20839 -24.60962 -2.019386 -8.704308 -7.309508 -7.862009 -4.032724 25.27834 20.06158 28.61885 13.34523 26.25698 -3.6e-5 30.49098 -2.019386 8.704304 7.309519 20.06158 29.67328 -10.80018 -1.800922 10.88849 -0.952618 -25.84538 -0.001032948 30.20048 -11.65593 -12.84898 22.26107 -1.9753 11.56774 -20.03585 -2.572193 -11.53651 19.98788 -13.62987 0.01083594 -28.29573 -13.62987 24.49942 14.15726 -13.62987 -24.49939 -14.15726 -13.62988 -0.01085698 28.29574 -11.12467 -22.21464 12.83366 -11.12464 22.21463 -12.83364 20.06157 10.80017 29.67332 20.06158 31.09793 5.483426 20.06158 22.32858 22.32865 20.06158 -20.29772 -24.18991 20.06157 -31.57769 -1.6e-5 20.06158 5.48342 -31.09793 20.06156 -5.48347 31.09795 -1.9753 -11.5677 -20.03586 20.06158 -5.483358 -31.09794 20.06158 -29.67329 -10.80019 -1.9753 23.13544 1.5e-5 -1.975308 11.56771 20.03587 -2.185555 14.66519 6.225404 -2.185555 -14.66516 -6.225389 -2.185575 -12.72391 9.587722 -2.185555 12.72393 -9.587705 -2.185555 -1.941198 -15.8131 -1.975323 -11.56771 20.03587 -1.975308 -23.13538 -2e-6 -20.59931 2.489031 28.51339 -20.59931 23.44368 16.42113 -20.59931 -23.44365 -16.42111 -20.59931 -25.94294 12.09225 -20.59931 2.499272 -28.51337 -20.59931 25.94295 -12.09224 -20.59931 -7.411766 27.64718 0.681429 28.01084 -10.19508 -2.129409 20.01601 11.57472 -2.129409 -20.016 -11.5747 -11.30186 26.25614 1.5e-5 -3.104143 15.26248 18.15943 -3.104141 -15.26252 -18.15942 -15.64104 28.05029 -4.939515 -15.64104 18.3029 21.82252 -15.64105 -28.05027 4.939529 -15.64104 -18.30287 -21.8225 -15.64104 9.747406 -26.76203 -25.84536 28.37856 10.33022 -25.84536 23.1355 -19.41144 -13.62987 27.32489 7.335431 -13.62988 7.309799 27.33176 -13.62987 20.01512 -19.99633 -13.62987 -27.32486 -7.33542 -13.62987 -7.309771 -27.33176 26.25698 -28.65211 10.42852 26.25701 5.294693 -30.02773 26.25701 -23.35747 -19.59922 26.25701 28.65215 -10.4285 26.25701 23.35744 19.59923 -7.861986 19.87534 16.13162 -7.861986 -19.87528 -16.13161 -4.353726 -14.20839 24.60965 -4.353708 4.934501 -27.98505 -4.353708 21.7685 18.26595 -4.353726 -26.70302 9.719098 -4.353708 26.70304 -9.71908 -4.353708 -21.7685 -18.26594 -4.353726 -4.934598 27.98505 -4.353708 -14.20839 -24.60964 -4.353712 14.20838 24.60965 -4.353708 28.41675 1.5e-5 -4.353712 -28.41676 -1.3e-5 27.0583 10.79252 -29.65209 -12.63978 -24.65638 -11.49747 -12.63982 2.371075 27.1018 -12.63978 -2.37114 -27.10178 -1.9753 5.905937 -22.3541 -2.129409 20.03202 -11.54701 -15.64105 -7.378061 27.5103 -2.129424 -20.03196 11.54702 0.681413 -28.01081 10.1951 0.681429 5.176189 -29.35562 0.681429 -22.8346 -19.16052 0.681413 -5.176175 29.35563 0.681429 22.83461 19.16054 -15.64104 25.81625 -12.02912 -15.64105 -25.81623 12.02913 -2.572193 -5.875509 22.29946 -10.83098 22.92134 11.35005 -2.129424 -0.015989 23.12174 -13.62987 -11.94279 -25.64548 -13.62988 11.94279 25.64549 -13.62987 16.23825 -23.1655 -13.62987 28.18104 2.479988 -13.62987 -28.181 -2.479977 -2.185575 1.941244 15.81311 -25.84536 17.32295 -24.73739 20.06158 25.86667 -18.11206 -25.84537 12.76174 27.37082 -25.84536 30.08468 2.633435 -24.92918 -18.73312 22.32076 0.681429 22.83462 -19.16051 -27.1089 -13.15906 28.21972 -25.84538 -27.37115 12.76237 -27.10884 10.64956 -29.25942 -20.59931 -16.42111 23.43991 -27.10885 20.01463 23.85253 -25.84536 29.1716 -7.815748 27.06442 -2.336836 26.70973 27.06443 2.336788 -26.70972 27.06443 24.2997 -11.33112 27.06443 21.96291 15.3786 27.06442 -24.29968 11.33113 27.06443 -21.96288 -15.37859 27.05828 -27.32755 15.77755 -27.10884 -20.01461 -23.85251 27.05828 8.167006 30.47969 -15.64104 25.80711 12.04501 -15.64105 2.472279 28.3721 -15.64104 -25.80707 -12.04499 -15.64104 -2.472246 -28.37208 -15.64105 -20.14476 20.12888 20.06156 -20.29772 24.18991 -7.861986 19.89927 -16.11226 -7.861986 -23.90326 -9.177096 -7.861986 -4.00404 -25.28936 -7.862009 4.004017 25.28937 -7.862009 -19.89922 16.11228 21.58997 19.80494 -23.6026</float_array>
          <technique_common>
            <accessor source="#rim14Mesh_002-mesh-positions-array" count="424" stride="3">
              <param name="X" type="float"/>
              <param name="Y" type="float"/>
              <param name="Z" type="float"/>
            </accessor>
          </technique_common>
        </source>
        <source id="rim14Mesh_002-mesh-normals">
          <float_array id="rim14Mesh_002-mesh-normals-array" count="1287">0.1284839 0.9911878 -0.03222775 -0.5833121 0.8056439 0.1033682 0.09937149 0.9397264 0.3271692 0.1284839 -0.9911878 0.03222775 -0.5938445 -0.7911822 0.1462179 -0.5833121 -0.8056439 -0.1033682 -0.02829152 0.9918826 0.12397 -0.01995933 0.9551203 -0.2955453 -0.980367 0.1873266 -0.06155711 -0.9692432 -0.20652 -0.133855 -0.9830905 -0.1373067 0.1211619 0.6738094 -0.7051224 0.2208696 -0.9853737 0.1547629 0.07132339 -0.9836373 0.150277 0.09937083 0.003814935 0.8968792 0.4422594 0.1223526 0.1154552 -0.9857485 -0.5922881 0.1222298 -0.7964012 -0.60074 0.2910616 -0.7445769 -0.002777218 -0.1524441 0.9883083 -0.915037 -0.2490395 0.3173117 -0.003204524 -0.418516 0.9082038 -0.05368256 -0.967965 -0.2452796 -0.08844542 -0.9069169 -0.4119215 -0.1653212 -0.8938394 -0.4167975 -0.7478663 0.661925 -0.05050879 -0.5595044 0.8268812 0.05676525 -0.311111 0.8824272 -0.3528915 0.9845803 0.1646206 0.05917674 0.9511688 0.3083074 -0.01498502 0.698217 -0.2460453 -0.6722757 -0.9260125 0.129035 -0.3547548 -0.9472995 0.319622 0.0215767 -0.01669365 0.6251438 -0.7803311 0.1284875 0.5235028 0.8422802 -0.5833142 0.31328 0.7493999 0.09937131 0.1865043 0.9774157 0.09769034 -0.9786125 0.1810369 0.02127182 -0.7522968 0.658481 0.8716639 0.4789406 -0.10401 -0.05282819 -0.3284749 0.9430342 -0.1384662 -0.1310805 0.9816542 -0.426198 -0.02926772 0.9041563 -0.5918611 -0.7046604 0.3913491 0.1406313 -0.9268609 0.3480687 0.1536 -0.7499945 0.6433625 -0.999627 -0.02704 -0.003845393 -0.7418788 -0.6691223 0.04348909 -0.01501542 -0.6673333 -0.7446079 0.6736087 -0.6278916 -0.3898763 -0.9538412 -0.2814768 0.1046802 0.1326068 0.7872482 0.602209 -0.576505 0.7195783 0.3871037 -0.59384 0.5222423 0.6120598 -0.1680383 0.893417 -0.4166166 -0.7734134 0.2906328 -0.5633509 -0.8051142 0.2384427 -0.5430805 -0.9980515 -0.006897211 -0.06201386 0.128484 0.4676696 -0.8745153 -0.5833122 0.4923346 -0.646029 0.09936946 0.7532063 -0.6502355 0.8717599 -0.1504002 0.4662774 0.8144009 0.2072854 0.5420184 0.2663055 -0.02117991 0.963656 0.1284875 -0.5235028 -0.8422802 -0.5833142 -0.31328 -0.7493999 0.0953117 -0.1841534 -0.9782654 0.1301622 -0.9311257 -0.3406803 -0.5601805 0.409507 0.7200707 -0.6159034 0.4672455 0.6343064 -0.6714238 0.2554463 0.6956561 0.9765415 0.198647 0.08310276 0.9845792 0.0310685 0.1721587 0.8042142 -0.3047658 -0.5102522 -0.9837216 -0.1532668 -0.09381562 -0.1334307 0.9835485 0.1217724 -0.4710719 0.2418383 0.8482958 -0.9834408 0.1101732 0.1438965 -0.9221097 0.03888154 0.3849703 0.6774618 0.08762013 0.7303208 -0.5601805 -0.409507 -0.7200707 -0.6159034 -0.4672455 -0.6343064 -0.6684069 -0.265794 -0.6946841 0.1393792 -0.4396227 0.8873023 -0.5932028 -0.2704921 0.7582509 6.10392e-4 -0.6424989 0.7662864 0.6799395 0.2727815 -0.6806414 -0.7699673 -0.3474604 0.5351836 0.08777171 0.2212604 0.971257 -0.5747132 -0.4209863 0.701766 -0.9854049 0.1512228 -0.07815974 -0.9873167 0.1546392 -0.03595125 -0.8403027 -0.263905 -0.4735458 0.02630698 -0.9783331 -0.2053593 0.8042066 0.3046408 0.510339 0.02548342 -0.7877893 -0.6154175 -0.7782088 -0.6277797 -0.01684659 -0.9996423 0.0214852 0.01593077 0.1136216 -0.9390344 -0.3245068 -0.5747413 0.4021236 -0.7127195 -0.3362264 0.2317603 -0.9128193 -0.7780849 -0.5834645 0.2327082 0.3552101 -0.805273 0.4747223 0.9845806 0.1335521 -0.1129822 0.9654071 0.1987091 -0.168831 0.6565888 -0.7531209 -0.04123133 0.7995958 -0.6001852 0.02060025 0.02566647 0.7531487 0.6573495 0.03036606 0.9982972 0.04980647 -0.1653198 -0.08594065 -0.9824885 -0.1651713 0.0859428 -0.9825133 -0.3724564 0.02786403 -0.9276313 -0.2881594 0.448292 -0.8461669 -0.1651102 0.2555089 -0.9526038 -0.1101127 0.2913044 -0.9502721 0.8958066 0.1549472 -0.4165598 0.8038185 0.2867903 -0.5211789 -0.6132868 -0.3668429 0.699504 -0.9897449 -0.02487331 0.140664 -0.1140494 0.8946942 -0.4318739 -0.03942996 0.9846516 -0.170019 -0.1723099 0.9552736 -0.2403367 -0.165169 0.8078998 0.5657008 -0.924843 0.05325537 0.3766025 -0.5513519 -0.833742 -0.02975577 -0.02240073 0.3712607 0.9282585 -0.01535123 0.6958427 0.7180303 -0.9252606 0.2462925 0.2885011 -0.59384 -0.5222423 -0.6120598 0.1326067 0.9151542 -0.3806682 -0.576502 0.6950374 -0.4296146 -0.5938445 0.7911822 -0.1462179 -0.02102762 -0.8536194 0.5204728 0.8143954 -0.5730523 -0.09149545 0.8719563 -0.3289635 -0.3625954 -0.9975276 -0.001739561 -0.07025569 -0.7737192 0.6332094 0.02011203 0.02908486 -0.230451 0.9726493 -0.8418092 0.2615184 0.472192 -0.6684959 0.4661831 -0.579471 0.1331234 -0.1904074 -0.9726373 0.06183201 0.8937875 -0.444208 -0.1702042 -0.9566777 -0.2362167 -0.1729208 -0.9560393 0.2368277 -0.1651728 -0.893862 0.416808 -0.1140494 -0.8946942 0.4318739 0.5358265 0.712655 -0.4527836 0.9845792 -0.0310685 -0.1721587 -0.4358469 -0.7233393 -0.5355537 0.9691113 -0.2092101 0.1305922 0.998713 0.03140431 -0.03982764 0.8099583 0.5839916 -0.05405008 -0.1797564 -0.02880984 0.9832892 -0.982385 -0.05029577 -0.1799722 -0.9820601 -0.05539309 -0.1802488 0.008789598 -0.1625166 -0.9866666 -0.07657366 0.4987819 0.8633385 -0.05368345 0.2715304 0.9609314 -0.1623917 0.2749459 0.9476464 -0.5765072 0.02453738 0.8167237 0.6797804 -0.3428505 -0.6483458 -0.1334307 -0.9835485 -0.1217724 0.5833988 0.7557388 0.2974979 0.9511706 -0.1671247 -0.2595072 0.6565899 -0.4122838 0.6315947 0.8033954 -0.2900574 0.5200218 0.9765384 -0.02734476 -0.2136006 -0.1700839 0.6834794 0.7098785 -0.1384029 0.588281 -0.7967247 -0.3726139 -0.1885501 -0.9086297 -0.1693806 -0.2729316 -0.9470052 -0.1700839 -0.6834794 -0.7098785 -0.1691058 -0.497887 -0.8505951 -0.9472981 -0.1785092 0.2660089 -0.9140758 -0.3848756 -0.1278137 -0.3724876 0.2911537 -0.8811826 0.8143926 -0.2072528 -0.5420434 0.6654494 -0.696793 -0.2676874 0.9765384 0.02734476 0.2136006 -0.3321074 -0.2256878 0.9158437 -0.9974637 -0.06738668 -0.02292001 0.02334713 0.6033952 -0.7971006 -0.9978896 0.06351065 -0.01352 0.8152272 -0.3648563 0.4497606 0.03399777 0.9907284 -0.1315355 -0.3932354 -0.893592 -0.2164702 -0.1206116 -0.8482484 -0.5156816 0.06726384 -0.3150171 -0.9466995 0.06183201 -0.8937875 0.444208 -0.311111 -0.8824272 0.3528915 0.5645434 -0.8197751 0.09622687 -0.2429353 -0.8066309 0.5388221 -0.1653243 -0.8078827 0.5656797 -0.1702036 -0.6829205 0.7103875 -0.0536825 -0.6964084 0.7156352 -0.1700825 -0.2730232 0.9468528 -0.1691076 -0.4876683 0.8564943 -0.03604322 0.9254354 -0.3771874 -0.9998843 0.006622552 -0.01370286 0.8153513 0.3647657 -0.4496091 -0.5696483 -0.03601312 -0.8210992 -0.908074 -0.4142702 0.06149655 -0.9369409 -0.1312633 -0.3239008 -0.01208561 -0.9999054 0.006592154 -0.1623908 0.9581704 0.2356666 -0.1653212 0.8938394 0.4167975 -0.9820562 -0.1838189 -0.04214739 -0.01605284 -0.9477277 -0.3186763 -0.4648353 -0.3130031 0.8282253 -0.1653198 0.08594065 0.9824885 0.02322483 0.3828901 0.9235019 -0.04474115 -0.771129 -0.6351048 -0.9996417 -0.02151566 -0.01593077 -0.576505 -0.7195783 -0.3871037 -0.9507384 0.2866376 -0.1180488 0.008972644 0.8227717 -0.5683012 -0.9840135 0.1556147 -0.08661198 0.06726419 0.6623571 -0.7461627 -0.4648364 -0.560758 -0.6851844 -0.3321131 0.6802794 0.6533918 -0.1691058 0.497887 0.8505951 0.06726384 0.3150171 0.9466995 0.9511706 0.1671247 0.2595072 0.6565982 0.4122584 -0.6316026 -0.1426478 0.6580905 -0.7393028 -0.340261 0.5705605 -0.7474511 -0.04467916 0.4895181 -0.8708479 -0.4739304 0.6289672 -0.6162713 0.06726443 0.9773795 0.2005116 0.9570218 0.1916912 -0.2176325 0.8721682 0.3298784 0.3612518 0.9765415 -0.198647 -0.08310276 0.2050905 -0.6500028 -0.7317338 0.1975215 -0.4789409 -0.8553367 0.2050879 0.3087 -0.9287859 0.1975184 0.5012731 -0.842444 0.2050905 0.6500028 0.7317338 0.1975215 0.4789409 0.8553367 0.26137 -0.8358405 -0.4827591 0.9763364 -0.2153427 -0.01986789 0.09173965 -0.9795638 -0.1789931 -0.7780794 0.5834604 -0.2327371 -0.9506828 0.1611735 -0.2650009 -0.9230629 -0.2472386 -0.294666 -0.4648364 0.560758 0.6851844 -0.2586511 0.1993215 -0.9451828 0.6853736 -0.3565578 0.634925 0.09338909 0.4689292 -0.8782847 0.1167666 0.2682032 -0.9562597 -0.9853717 0.1391673 -0.09836316 -0.98385 9.15578e-5 -0.1789956 -9.46092e-4 0.1265321 -0.9919621 0.1326038 -0.1278734 0.9828859 -0.4710719 -0.2418383 -0.8482958 -0.9846533 0.1057165 0.1388598 0.9833247 -0.1481701 0.1054434 0.9616769 -0.1977006 0.1899793 0.4703934 0.8479472 -0.2443677 0.2362163 0.9448651 -0.2267859 0.19752 0.9802143 0.01287907 0.2050879 -0.3087 0.9287859 0.1975184 -0.5012731 0.842444 -0.9868543 -0.02807724 0.1591553 -0.5157111 0.8425396 -0.1554641 -0.07657277 0.9970641 -2.74673e-4 -0.05368256 0.967965 0.2452796 0.09338897 0.995081 -0.03305232 0.6749989 -0.7378079 0.003998041 0.6697085 -0.7233914 -0.1679154 -0.8970971 -0.2587985 0.3581064 -0.9192794 -0.3226221 0.2254784 -0.3839291 0.6732798 -0.6318961 -0.4560185 0.5720832 -0.6817389 -0.07657277 -0.9970641 2.74673e-4 0.1934612 0.681433 0.7058483 0.094976 0.5134261 0.8528617 0.6635853 -0.1865351 -0.7244717 -0.3810372 0.9076225 -0.1761592 -0.166482 0.9860433 -0.00149542 -0.1142344 0.1100838 -0.9873359 -0.4270215 0.02554434 -0.9038806 -0.08844363 -0.09671425 -0.9913749 0.5355855 0.7485501 0.3909234 0.8719541 -0.4785051 0.103581 0.1218329 -0.8339998 0.5381461 0.6825988 0.5294826 -0.5036936 0.674477 0.6943451 -0.2509298 0.1326068 -0.7872482 -0.602209 0.1218339 -0.8830518 -0.4531844 0.6825926 0.7009653 0.2066761 0.673677 0.5740629 0.4654151 -0.99427 0.1044656 0.02267539 8.85051e-4 0.4316303 -0.9020502 -0.2678995 0.822712 0.5013731 -0.471089 0.8555655 0.2146696 -0.4261987 0.7683785 0.4774402 -0.08844542 0.9069169 0.4119215 -0.0527985 0.6524436 0.7559959 -0.1384671 0.784596 0.6043477 -0.4739304 -0.6289672 0.6162713 0.6776534 -0.5258803 0.5140388 0.1217703 0.8341116 -0.5379869 0.119665 0.6957415 -0.7082543 0.684123 -0.623542 0.3783796 -0.1651713 -0.0859428 0.9825133 -0.9522421 -0.2431724 -0.1846681 -0.08844363 0.09671425 0.9913749 0.122687 0.1095638 -0.9863792 0.1019327 -0.1728888 -0.9796526 -0.9995207 0.0225839 0.02118003 0.8689732 0.4016022 0.2891389 -0.7473 0.5386994 0.3890318 0.6515285 0.5929007 -0.4732646 0.1196665 -0.9612383 -0.2483972 0.6551744 0.7549399 -0.02850437 0.09338903 -0.995082 0.03302186 0.1167671 -0.9622455 0.2458641 -0.05282896 -0.6524425 -0.7559946 -0.1384671 -0.784596 -0.6043477 -0.4261987 -0.7683785 -0.4774402 -0.9976503 0.002838253 0.0684551 0.01971554 -0.9994199 0.02777266 0.6518488 0.7453276 0.1399282 -0.3699908 0.4754061 -0.7981829 -0.05636811 0.7002832 -0.7116362 -0.9840773 0.1775581 0.008056938 -0.9851742 0.164801 0.04767018 0.119665 -0.6957415 0.7082543 0.09497457 -0.4818922 0.8710682 0.6568633 0.3608582 -0.6620515 0.1167671 0.9622455 -0.2458641 0.1226579 0.9089323 -0.3984934 -0.07657366 -0.4987819 -0.8633385 -0.05368345 -0.2715304 -0.9609314 -0.4619374 -0.3636353 -0.8089397 0.2362163 -0.9448651 0.2267859 0.239724 -0.9702186 -0.03476071 0.3392864 -0.8992296 0.2761719 0.1172243 -0.2591386 0.9587 0.6751388 0.0802952 -0.7333078 0.122687 -0.1095638 0.9863792 0.1500328 0.8487415 -0.5070781 0.3392864 0.8992296 -0.2761719 0.1500313 0.01477116 0.988571 0.2432697 -0.1856797 0.9520205 0.2682361 -0.7455005 -0.6101463 0.1500343 0.8635216 0.4814772 0.2432681 0.7316355 0.6368125 0.1500313 -0.01477116 -0.988571 0.2432697 0.1856797 -0.9520205 -0.07657212 -0.4982835 0.8636263 -0.9945017 -0.05957365 -0.08612543 -0.9974623 0.05356132 -0.04690814 0.7888024 0.5625016 -0.2477558 0.5645434 0.8197751 -0.09622687 -0.9973643 0.04867792 0.05380517 -0.9495233 -0.009338915 -0.3135576 0.1218306 0.04904353 0.9913386 0.1196663 0.2654877 0.956659 -0.9898003 -0.06860727 -0.1248542 0.1196647 -0.2654232 -0.9566771 0.1217701 -0.04910475 -0.991343 0.09338778 -0.5261456 -0.8452513 0.1217702 0.8829717 0.4533576 0.1196665 0.9612383 0.2483972 -0.9998789 -0.001678466 0.01547288 -0.9943628 -0.0968666 0.043123 -0.9999144 0.001770079 -0.01297044 -0.9943628 0.0968666 -0.043123 -0.165169 -0.8078998 -0.5657008 0.1995068 -0.8380082 0.5078773 0.1705136 -0.6467127 0.7434297 -0.02130258 -0.6569323 0.7536486 -0.9495143 0.009338855 0.3135851 0.6816444 -0.4925785 -0.5410429 0.117254 0.7005333 0.7039209 0.1226879 0.7996692 0.587773 -0.3966341 0.3633981 -0.8429847 -0.9840787 0.09576797 -0.1497252 -0.9851751 0.1236924 -0.1188704 0.1226868 -0.9090113 0.3983047 0.1167674 -0.6940429 -0.7104013 0.1226869 -0.7994486 -0.5880731 0.667724 0.38521 0.6369914 0.6866904 0.2059766 0.6971586 0.6515285 -0.5929007 0.4732646 -0.7473292 -0.5386373 -0.3890616 0.7888073 -0.49582 -0.3632432 -0.09769099 0.05099707 -0.9939094 0.1826258 0.7836065 0.5938087 0.1019047 0.7619508 -0.6395674 -0.5157111 -0.8425396 0.1554641 -0.03942996 -0.9846516 0.170019 0.07556414 -0.112919 0.9907267 0.5313087 -0.1039789 -0.8407732 -0.5016462 -0.2648467 0.8235335 -0.5016483 0.5807852 0.6411222 -0.1691057 -0.9855804 0.00589013 -0.9826605 0.1846417 0.01690769 0.1019033 0.9348611 0.3400743 -0.2429353 0.8066309 -0.5388221 0.6747737 -0.1193901 0.728304 -0.9999012 -0.01358103 0.003662288 0.0755648 -0.9144685 0.3975393 -0.5756322 -0.6422873 0.5060778 -0.6150335 -0.4258417 0.6636209 0.1019025 0.1728894 0.9796556 0.1019033 -0.9348611 -0.3400743 -0.4619423 -0.8823782 -0.08954405 -0.4619423 0.8823782 0.08954405 0.5358047 -0.7126667 0.452791 -0.5016483 -0.5807852 -0.6411222 0.0979979 -0.1452725 0.9845265 0.09799677 0.9252777 -0.3664122 0.09799587 -0.7799695 -0.6180976 0.09799772 0.7799841 0.6180787 0.09799677 -0.9252777 0.3664122 -0.4164206 -0.2353102 -0.8781931 -0.1653243 0.8078827 -0.5656797 -0.4619369 -0.518733 0.7193959 -0.4619374 0.3636353 0.8089397 -0.4164299 0.6428814 -0.6428762 -0.681411 -0.3167629 -0.6598032 -0.6813986 -0.7298018 -0.05554461 -0.6814045 0.3167904 0.6597968 -0.4162685 0.8782669 -0.2353034 -0.4045908 0.7933728 -0.4548252 -0.6838745 0.7289208 0.03146529 -0.4162571 0.2353577 -0.8782579 -0.4839053 0.7762746 -0.4040216</float_array>
          <technique_common>
            <accessor source="#rim14Mesh_002-mesh-normals-array" count="429" stride="3">
              <param name="X" type="float"/>
              <param name="Y" type="float"/>
              <param name="Z" type="float"/>
            </accessor>
          </technique_common>
        </source>
        <vertices id="rim14Mesh_002-mesh-vertices">
          <input semantic="POSITION" source="#rim14Mesh_002-mesh-positions"/>
        </vertices>
        <polylist material="rim_001-material" count="872">
          <input semantic="VERTEX" source="#rim14Mesh_002-mesh-vertices" offset="0"/>
          <input semantic="NORMAL" source="#rim14Mesh_002-mesh-normals" offset="1"/>
          <vcount>3 3 3 3 3 3 3 3 3 3 3 3 3 3 3 3 3 3 3 3 3 3 3 3 3 3 3 3 3 3 3 3 3 3 3 3 3 3 3 3 3 3 3 3 3 3 3 3 3 3 3 3 3 3 3 3 3 3 3 3 3 3 3 3 3 3 3 3 3 3 3 3 3 3 3 3 3 3 3 3 3 3 3 3 3 3 3 3 3 3 3 3 3 3 3 3 3 3 3 3 3 3 3 3 3 3 3 3 3 3 3 3 3 3 3 3 3 3 3 3 3 3 3 3 3 3 3 3 3 3 3 3 3 3 3 3 3 3 3 3 3 3 3 3 3 3 3 3 3 3 3 3 3 3 3 3 3 3 3 3 3 3 3 3 3 3 3 3 3 3 3 3 3 3 3 3 3 3 3 3 3 3 3 3 3 3 3 3 3 3 3 3 3 3 3 3 3 3 3 3 3 3 3 3 3 3 3 3 3 3 3 3 3 3 3 3 3 3 3 3 3 3 3 3 3 3 3 3 3 3 3 3 3 3 3 3 3 3 3 3 3 3 3 3 3 3 3 3 3 3 3 3 3 3 3 3 3 3 3 3 3 3 3 3 3 3 3 3 3 3 3 3 3 3 3 3 3 3 3 3 3 3 3 3 3 3 3 3 3 3 3 3 3 3 3 3 3 3 3 3 3 3 3 3 3 3 3 3 3 3 3 3 3 3 3 3 3 3 3 3 3 3 3 3 3 3 3 3 3 3 3 3 3 3 3 3 3 3 3 3 3 3 3 3 3 3 3 3 3 3 3 3 3 3 3 3 3 3 3 3 3 3 3 3 3 3 3 3 3 3 3 3 3 3 3 3 3 3 3 3 3 3 3 3 3 3 3 3 3 3 3 3 3 3 3 3 3 3 3 3 3 3 3 3 3 3 3 3 3 3 3 3 3 3 3 3 3 3 3 3 3 3 3 3 3 3 3 3 3 3 3 3 3 3 3 3 3 3 3 3 3 3 3 3 3 3 3 3 3 3 3 3 3 3 3 3 3 3 3 3 3 3 3 3 3 3 3 3 3 3 3 3 3 3 3 3 3 3 3 3 3 3 3 3 3 3 3 3 3 3 3 3 3 3 3 3 3 3 3 3 3 3 3 3 3 3 3 3 3 3 3 3 3 3 3 3 3 3 3 3 3 3 3 3 3 3 3 3 3 3 3 3 3 3 3 3 3 3 3 3 3 3 3 3 3 3 3 3 3 3 3 3 3 3 3 3 3 3 3 3 3 3 3 3 3 3 3 3 3 3 3 3 3 3 3 3 3 3 3 3 3 3 3 3 3 3 3 3 3 3 3 3 3 3 3 3 3 3 3 3 3 3 3 3 3 3 3 3 3 3 3 3 3 3 3 3 3 3 3 3 3 3 3 3 3 3 3 3 3 3 3 3 3 3 3 3 3 3 3 3 3 3 3 3 3 3 3 3 3 3 3 3 3 3 3 3 3 3 3 3 3 3 3 3 3 3 3 3 3 3 3 3 3 3 3 3 3 3 3 3 3 3 3 3 3 3 3 3 3 3 3 3 3 3 3 3 3 3 3 3 3 3 3 3 3 3 3 3 3 3 3 3 3 3 3 3 3 3 3 3 3 3 3 3 3 3 3 3 3 3 3 3 3 3 3 3 3 3 3 3 3 3 3 3 3 3 3 3 3 3 3 3 3 3 3 3 3 3 3 3 3 3 3 3 3 3 3 3 3 3 3 3 3 3 3 3 3 3 3 3 3 3 3 3 3 3 3 3 3 3 3 3 3 3 3 3 3 3 3 3 3 3 3 3 3 3 3 3 3 3 3 3 3 3 3 3 3 3 3 3 3 3 3 3 3 3 3 3 3 3 3 3 3 3 3 3 3 3 3 3 3 3 3 3 3 3 3 3 3 3 3 3 3 3 3 3 3 3 3 3 3 3 3 3 3 3 3 3 3 3 3 3 </vcount>
          <p>257 0 175 1 231 2 260 3 215 4 178 5 306 6 293 7 171 8 398 9 206 10 72 11 342 12 49 13 290 14 378 15 41 16 247 17 311 18 397 19 275 20 74 21 412 22 123 23 255 24 193 25 165 26 53 27 368 28 419 29 399 30 134 31 245 32 259 33 177 34 235 35 294 36 185 37 19 38 341 39 44 40 299 41 189 42 331 43 396 44 39 45 294 36 254 46 308 47 209 48 60 49 377 50 43 51 214 52 206 10 398 9 327 53 298 54 382 55 217 56 261 57 148 58 233 59 186 60 90 61 384 62 256 63 8 64 232 65 260 3 178 5 234 66 230 67 336 68 263 69 202 70 51 71 312 72 60 49 209 48 243 73 126 74 348 75 230 67 210 76 33 77 172 78 195 79 335 80 262 81 258 82 211 83 423 84 245 32 367 85 399 30 17 86 37 87 229 88 239 89 402 90 293 7 159 91 217 56 262 81 228 92 316 93 186 60 292 94 19 38 316 93 140 95 122 96 54 97 298 54 296 98 1 99 255 24 197 100 374 101 48 102 264 103 422 104 323 105 288 106 89 107 324 108 78 109 295 110 120 111 330 112 373 113 258 82 423 84 396 44 371 114 297 115 312 72 229 88 173 116 17 86 17 86 263 69 109 117 381 118 339 119 155 120 60 49 243 73 326 121 215 4 260 3 331 43 140 95 36 122 192 123 305 124 307 125 401 126 256 63 213 127 8 64 375 128 187 129 212 130 72 11 286 131 398 9 145 132 9 133 323 105 318 134 91 135 89 107 218 136 312 72 297 115 142 137 109 117 263 69 113 138 111 139 296 98 165 26 7 140 255 24 123 23 250 141 74 21 156 142 329 143 380 144 150 145 90 61 55 146 335 80 195 79 26 147 219 148 334 149 315 150 54 97 246 151 140 95 10 152 87 153 313 154 50 155 86 156 251 157 235 35 177 34 190 158 313 154 225 159 10 152 316 93 228 92 292 94 159 91 292 94 228 92 262 81 125 160 195 79 1 99 289 161 298 54 55 146 369 162 421 163 322 164 289 161 203 165 326 121 180 166 60 49 91 135 127 167 193 25 223 168 210 76 168 169 179 170 100 171 11 172 275 20 397 19 240 173 330 112 120 111 69 174 312 72 51 71 194 175 297 115 222 176 200 177 173 116 229 88 34 178 263 69 126 74 230 67 319 179 298 54 82 180 255 24 113 138 130 181 15 182 183 183 82 180 89 107 15 182 323 105 344 184 36 122 383 185 162 186 256 63 232 65 59 187 149 188 304 189 216 190 380 144 329 143 124 191 253 192 84 193 181 194 108 195 134 31 254 46 110 196 112 197 17 86 218 136 185 37 185 37 147 198 19 38 297 115 185 37 218 136 7 140 197 100 255 24 323 105 53 27 145 132 172 78 305 124 210 76 232 65 8 64 291 199 274 200 143 201 309 202 252 203 114 204 42 205 309 202 143 201 314 206 231 2 175 1 43 51 134 31 199 207 181 194 251 157 137 208 87 153 142 137 288 106 169 209 288 106 323 105 312 72 142 137 22 210 121 211 312 72 169 209 288 106 234 66 178 5 188 212 307 125 290 14 238 213 293 7 392 214 63 215 396 44 423 84 189 42 203 165 48 102 322 164 161 216 261 57 233 59 139 217 238 213 179 170 238 213 401 126 307 125 336 68 230 67 4 218 180 166 50 155 119 219 163 220 259 33 235 35 51 71 370 221 420 222 224 223 400 224 227 225 111 139 237 226 296 98 164 227 257 0 231 2 220 228 53 27 323 105 184 229 19 38 315 150 159 91 54 97 122 96 201 230 55 146 316 93 201 230 105 231 364 232 203 165 107 233 356 234 232 65 369 162 55 146 231 2 368 28 53 27 202 70 106 235 363 236 58 237 383 185 95 238 152 239 260 3 234 66 315 150 221 240 59 187 149 188 59 187 254 46 282 241 308 47 410 242 282 241 204 243 180 166 312 72 194 175 371 114 2 244 263 69 17 86 129 245 62 246 191 247 233 59 148 58 187 129 253 192 124 191 343 248 343 248 63 215 392 214 313 154 242 249 310 250 376 251 190 158 211 83 125 160 345 252 195 79 168 169 393 253 100 171 66 254 241 255 418 256 200 177 66 254 297 115 220 228 103 257 366 258 233 59 264 103 48 102 200 177 104 259 287 260 235 35 370 221 51 71 196 261 295 110 78 109 33 77 196 261 311 18 402 90 239 89 156 142 250 141 123 23 342 12 71 262 165 26 193 25 208 263 31 264 252 203 0 265 146 266 118 267 257 0 212 130 175 1 16 268 244 269 286 131 283 270 395 271 224 223 254 46 192 123 149 188 207 272 74 21 250 141 384 62 75 273 186 60 382 55 262 81 217 56 12 274 225 159 115 275 259 33 214 52 177 34 143 201 18 276 77 277 327 53 155 120 206 10 373 113 182 278 302 279 345 252 302 279 413 280 174 281 15 182 48 102 40 282 15 182 374 101 331 43 189 42 215 4 80 283 6 284 47 285 379 286 188 212 213 127 81 287 20 288 46 289 116 290 226 291 298 54 186 60 226 291 14 292 347 293 301 294 414 295 340 296 83 297 301 294 149 188 216 190 304 189 37 87 346 298 229 88 21 299 85 300 273 301 85 300 21 299 409 302 328 303 181 194 27 304 348 75 299 41 415 305 27 304 242 249 328 303 242 249 27 304 310 250 311 18 172 78 33 77 403 306 291 199 205 307 255 24 35 308 89 107 82 180 183 183 35 308 332 309 3 310 184 229 316 93 354 311 201 230 127 167 91 135 419 29 91 135 121 211 22 210 20 288 81 287 271 312 144 313 92 314 135 315 338 316 93 317 300 318 344 184 300 318 412 22 317 319 140 95 94 320 19 38 292 94 94 320 383 185 36 122 95 238 334 149 246 151 136 321 155 120 327 53 381 118 133 322 416 323 224 223 394 324 250 141 97 325 394 324 97 325 306 6 6 284 80 283 269 326 98 327 157 328 6 284 146 266 0 265 99 329 72 11 99 329 407 330 236 331 179 170 338 316 32 332 236 331 386 333 219 148 101 334 365 335 360 336 59 187 241 255 367 85 98 327 102 337 28 338 102 337 404 339 264 103 67 340 359 341 212 130 257 0 375 128 370 221 68 342 357 343 211 83 258 82 376 251 213 127 256 63 379 286 383 185 58 237 358 344 368 28 57 345 361 346 214 52 259 33 377 50 369 162 56 347 362 348 247 17 261 57 378 15 181 194 38 349 108 195 38 349 84 193 253 192 285 350 17 86 109 117 169 209 321 351 142 137 19 38 147 198 372 352 17 86 112 197 110 196 7 140 165 26 303 353 359 341 7 140 264 103 185 37 320 354 17 86 284 355 254 46 112 197 374 101 113 138 255 24 111 139 113 138 422 104 31 264 414 295 114 204 114 204 252 203 31 264 64 356 115 275 28 338 115 275 64 356 270 357 217 56 159 91 390 358 14 292 226 291 116 290 205 307 272 359 88 360 117 361 8 64 213 127 209 48 314 206 243 73 118 267 160 362 268 363 180 166 119 219 282 241 87 153 10 152 251 157 240 173 69 174 120 111 224 223 395 271 400 224 45 364 142 137 249 365 45 364 318 134 89 107 29 366 317 319 94 320 29 366 159 91 248 367 325 368 179 170 238 213 49 13 342 12 123 23 329 143 156 142 239 89 63 215 343 248 124 191 345 252 125 160 302 279 362 348 1 99 369 162 357 343 34 178 370 221 348 75 126 74 299 41 361 346 4 218 368 28 347 293 127 167 301 294 128 369 360 336 241 255 128 369 241 255 131 370 286 131 417 371 16 268 62 246 129 245 21 299 276 372 255 24 130 181 35 308 319 179 82 180 66 254 131 370 241 255 287 260 66 254 200 177 76 373 132 374 408 375 76 373 12 274 132 374 227 225 133 322 224 223 52 376 1 99 296 98 391 377 253 192 13 378 391 377 13 378 245 32 47 285 135 315 405 379 135 315 47 285 144 313 136 321 246 151 54 97 184 229 136 321 332 309 137 208 251 157 86 156 86 156 415 305 137 208 46 289 138 380 406 381 138 380 46 289 141 382 11 172 139 217 179 170 401 126 11 172 305 124 254 46 221 240 372 352 59 187 221 240 254 46 141 382 117 361 138 380 117 361 141 382 411 383 4 218 355 384 336 68 336 68 167 385 333 386 143 201 42 205 314 206 42 205 143 201 252 203 290 14 306 6 97 325 92 314 144 313 20 288 170 387 145 132 53 27 9 133 145 132 333 386 309 202 72 11 206 10 99 329 72 11 146 266 110 196 147 198 198 388 198 388 147 198 66 254 273 301 281 389 148 58 247 17 191 247 62 246 5 390 149 188 192 123 380 144 337 391 156 142 30 392 90 61 150 145 384 62 262 81 382 55 371 114 194 175 151 393 151 393 263 69 2 244 95 238 152 239 234 66 365 335 334 149 219 148 38 349 181 194 341 39 153 394 34 178 229 88 50 155 180 166 340 296 154 395 4 218 230 67 155 120 208 263 77 277 155 120 77 277 18 276 156 142 70 396 25 397 156 142 207 272 70 396 102 337 28 338 367 85 310 250 399 30 367 85 344 184 383 185 300 318 358 344 26 147 383 185 335 80 3 310 332 309 26 147 354 311 335 80 277 398 268 363 160 362 43 51 408 375 132 374 48 102 161 216 233 59 356 234 48 102 203 165 55 146 162 186 232 65 364 232 55 146 201 230 363 236 51 71 202 70 51 71 163 220 235 35 53 27 164 227 231 2 366 258 53 27 220 228 165 26 24 399 303 353 24 399 381 118 327 53 166 400 191 247 403 306 191 247 166 400 129 245 312 72 355 384 202 70 333 386 167 385 9 133 236 331 32 332 168 169 32 332 413 280 324 108 23 401 321 351 169 209 312 72 218 136 169 209 22 210 170 387 91 135 22 210 145 132 170 387 25 397 171 8 156 142 171 8 25 397 306 6 172 78 88 360 272 359 88 360 172 78 166 400 34 178 222 176 173 116 173 116 2 244 17 86 79 402 174 281 113 138 79 402 15 182 174 281 268 363 277 398 175 1 0 265 175 1 212 130 269 326 279 403 176 404 98 327 176 404 211 83 270 357 280 405 177 34 12 274 177 34 214 52 271 312 278 406 178 5 92 314 178 5 215 4 93 317 338 316 179 170 179 170 325 368 93 317 180 166 326 121 83 297 83 297 340 296 180 166 181 194 328 303 44 40 44 40 341 39 181 194 182 278 373 113 330 112 78 109 324 108 413 280 35 308 183 183 89 107 15 182 89 107 183 183 90 61 186 60 316 93 316 93 55 146 90 61 39 45 320 354 185 37 39 45 185 37 294 36 322 164 48 102 15 182 226 291 186 60 15 182 281 389 273 301 85 300 187 129 407 330 99 329 278 406 271 312 81 287 188 212 406 381 138 380 279 403 269 326 80 283 189 42 405 379 135 315 280 405 270 357 64 356 190 158 404 339 102 337 291 199 403 306 191 247 191 247 247 17 41 16 36 122 344 184 192 123 74 21 207 272 388 407 31 264 208 263 389 408 127 167 347 293 193 25 151 393 194 175 61 409 61 409 194 175 51 71 65 410 26 147 195 79 65 410 386 333 236 331 397 19 311 18 196 261 69 174 196 261 330 112 374 101 197 100 40 282 323 105 197 100 7 140 37 87 17 86 418 256 110 196 198 388 17 86 27 304 399 30 310 250 199 207 27 304 181 194 104 259 200 177 34 178 34 178 200 177 222 176 105 231 201 230 26 147 26 147 201 230 354 311 106 235 202 70 4 218 4 218 202 70 355 384 107 233 203 165 1 99 1 99 203 165 289 161 60 49 410 242 308 47 204 243 60 49 180 166 205 307 291 199 8 64 272 359 205 307 8 64 206 10 274 200 309 202 18 276 206 10 155 120 5 390 388 407 207 272 207 272 156 142 337 391 71 262 389 408 208 263 208 263 155 120 339 119 160 362 118 267 209 48 408 375 209 48 76 373 393 253 210 76 305 124 393 253 168 169 210 76 211 83 102 337 98 327 102 337 350 411 190 158 99 329 349 412 187 129 212 130 99 329 0 265 138 380 353 413 188 212 213 127 138 380 117 361 132 374 351 414 43 51 214 52 132 374 12 274 215 4 135 315 92 314 135 315 352 415 189 42 346 298 37 87 216 190 84 193 216 190 124 191 116 290 217 56 14 292 116 290 298 54 217 56 23 401 218 136 17 86 169 209 218 136 23 401 315 150 59 187 219 148 101 334 219 148 59 187 103 257 220 228 7 140 323 105 7 140 220 228 315 150 19 38 221 240 372 352 221 240 19 38 222 176 297 115 2 244 222 176 2 244 173 116 210 416 223 416 33 416 295 110 196 261 33 77 224 223 96 417 283 270 96 417 224 223 416 323 308 47 282 241 225 159 12 274 76 373 225 159 298 54 226 291 82 180 15 182 82 180 226 291 52 376 133 322 227 225 227 225 120 111 373 113 186 60 14 292 228 92 14 292 159 91 228 92 153 394 387 418 38 349 84 193 38 349 387 418 154 395 385 419 50 155 86 156 50 155 385 419 368 28 231 2 57 345 43 51 377 50 231 2 41 16 378 15 232 65 369 162 232 65 56 347 187 129 375 128 233 59 264 103 233 59 67 340 188 212 379 286 234 66 95 238 234 66 58 237 370 221 235 35 68 342 190 158 376 251 235 35 179 170 236 331 100 171 168 169 100 171 236 331 237 226 111 139 24 399 416 323 24 399 96 417 238 213 49 13 325 368 238 213 290 14 49 13 239 89 63 215 329 143 63 215 239 89 293 7 395 271 240 173 400 224 240 173 16 268 417 371 241 255 59 187 304 189 241 255 37 87 418 256 242 249 87 153 137 208 87 153 242 249 313 154 243 73 42 205 114 204 42 205 243 73 314 206 244 269 398 9 286 131 16 420 283 420 244 420 245 32 6 284 157 328 392 214 47 285 6 284 246 151 36 122 140 95 36 122 246 151 95 238 62 246 148 58 247 17 247 17 148 58 261 57 248 367 122 96 29 366 248 367 159 91 122 96 249 365 121 211 45 364 249 365 142 137 121 211 250 141 394 324 70 396 250 141 70 396 207 272 251 157 10 152 119 219 251 157 119 219 50 155 252 203 77 277 208 263 252 203 143 201 77 277 253 192 391 377 108 195 253 192 108 195 38 349 94 320 140 95 254 46 192 123 254 46 140 95 193 25 255 24 91 135 89 107 91 135 255 24 358 344 379 286 256 63 256 63 364 232 105 231 359 341 375 128 257 0 257 0 366 258 103 257 258 82 287 260 104 259 357 343 376 251 258 82 259 33 363 236 106 235 361 346 377 50 259 33 360 336 331 43 260 3 260 3 365 335 101 334 362 348 378 15 261 57 261 57 356 234 107 233 30 392 150 145 262 81 125 160 262 81 421 163 126 74 263 69 420 222 151 393 61 409 263 69 264 103 7 140 303 353 264 103 111 139 422 104 126 74 265 421 299 41 370 221 34 178 265 421 127 167 266 422 301 294 368 28 4 218 266 422 369 162 1 99 267 423 125 160 267 423 302 279 175 1 0 265 268 363 118 267 268 363 0 265 6 284 269 326 98 327 176 404 98 327 269 326 177 34 12 274 270 357 115 275 270 357 12 274 178 5 92 314 271 312 20 288 271 312 92 314 8 64 117 361 272 359 411 383 272 359 117 361 148 58 62 246 273 301 21 299 273 301 62 246 206 424 18 424 274 424 18 276 143 201 274 200 275 20 129 245 166 400 417 371 21 299 129 245 276 372 130 181 35 308 35 308 255 24 276 372 277 398 43 51 175 1 408 375 43 51 277 398 278 406 188 212 178 5 406 381 188 212 278 406 405 379 189 42 279 403 279 403 189 42 423 84 404 339 190 158 280 405 280 405 190 158 177 34 281 389 187 129 148 58 407 330 187 129 281 389 10 152 282 241 119 219 282 241 10 152 225 159 73 425 283 270 96 417 283 270 73 425 244 269 39 45 254 46 284 355 284 355 112 197 39 45 23 401 17 86 285 350 285 350 109 117 23 401 286 131 409 302 21 299 21 299 417 371 286 131 66 254 287 260 131 370 258 82 131 370 287 260 45 364 288 106 142 137 45 364 89 107 288 106 382 55 298 54 289 161 289 161 322 164 75 273 20 288 306 6 290 14 290 14 46 289 20 288 232 65 291 199 41 16 191 247 41 16 291 199 29 366 292 94 159 91 94 320 292 94 29 366 47 285 392 214 293 7 293 7 144 313 47 285 19 38 94 320 294 36 254 46 294 36 94 320 295 110 223 168 324 108 223 168 295 110 33 77 296 98 133 322 52 376 133 322 296 98 237 226 297 115 66 254 147 198 147 198 185 37 297 115 298 54 130 181 113 138 296 98 298 54 113 138 265 421 34 178 299 41 153 394 299 41 34 178 65 410 300 318 26 147 158 426 26 147 300 318 266 422 4 218 301 294 154 395 301 294 4 218 267 423 1 99 302 279 52 376 302 279 1 99 111 139 264 103 303 353 111 139 303 353 24 399 37 87 241 255 304 189 37 87 304 189 216 190 141 382 307 125 305 124 305 124 411 383 141 382 144 313 293 7 306 6 306 6 20 288 144 313 307 125 141 382 46 289 46 289 290 14 307 125 76 373 308 47 225 159 308 47 76 373 209 48 309 202 146 266 72 11 146 266 309 202 314 206 28 338 310 250 367 85 310 250 28 338 115 275 166 400 311 18 275 20 311 18 166 400 172 78 9 133 312 72 323 105 312 72 9 133 167 385 313 154 115 275 225 159 115 275 313 154 310 250 118 267 314 206 209 48 314 206 118 267 146 266 315 150 136 321 184 229 315 150 334 149 136 321 19 38 184 229 316 93 316 93 184 229 3 310 122 96 317 319 29 366 122 96 140 95 317 319 121 211 91 135 318 134 121 211 318 134 45 364 130 181 298 54 319 179 130 181 319 179 35 308 112 197 17 86 320 354 112 197 320 354 39 45 109 117 142 137 321 351 109 117 321 351 23 401 322 164 186 60 75 273 15 182 186 60 322 164 323 105 40 282 197 100 40 282 323 105 15 182 168 169 324 108 223 168 324 108 168 169 32 332 325 368 123 23 412 22 123 23 325 368 49 13 114 204 326 121 243 73 326 121 114 204 414 295 96 417 327 53 73 425 327 53 96 417 24 399 137 208 328 303 242 249 328 303 137 208 415 305 329 143 124 191 216 190 124 191 329 143 63 215 330 112 78 109 182 278 78 109 330 112 196 261 128 369 396 44 331 43 331 43 360 336 128 369 332 309 54 97 335 80 136 321 54 97 332 309 145 132 22 210 333 386 333 386 22 210 336 68 152 239 95 238 334 149 334 149 95 238 246 151 335 80 54 97 159 91 335 80 159 91 262 81 336 68 142 137 263 69 336 68 22 210 142 137 207 272 337 391 5 390 149 188 5 390 337 391 300 318 65 410 338 316 236 331 338 316 65 410 165 26 71 262 339 119 208 263 339 119 71 262 301 294 154 395 340 296 50 155 340 296 154 395 38 349 341 39 153 394 299 41 153 394 341 39 97 325 342 12 290 14 342 12 97 325 250 141 343 248 13 378 253 192 13 378 343 248 392 214 412 22 74 21 344 184 388 407 344 184 74 21 386 333 345 252 32 332 413 280 32 332 345 252 216 190 84 193 346 298 387 418 346 298 84 193 389 408 347 293 31 264 414 295 31 264 347 293 415 305 86 156 348 75 385 419 348 75 86 156 349 412 212 130 187 129 99 329 212 130 349 412 350 411 211 83 190 158 102 337 211 83 350 411 132 374 214 52 351 414 351 414 214 52 43 51 135 315 215 4 352 415 352 415 215 4 189 42 138 380 213 127 353 413 353 413 213 127 188 212 354 311 3 310 335 80 354 311 316 93 3 310 355 384 312 72 167 385 355 384 167 385 336 68 48 102 356 234 161 216 261 57 161 216 356 234 258 82 104 259 357 343 34 178 357 343 104 259 26 147 358 344 105 231 256 63 105 231 358 344 7 140 359 341 103 257 257 0 103 257 359 341 260 3 101 334 360 336 59 187 360 336 101 334 4 218 361 346 106 235 259 33 106 235 361 346 1 99 362 348 107 233 261 57 107 233 362 348 51 71 363 236 163 220 259 33 163 220 363 236 55 146 364 232 162 186 256 63 162 186 364 232 334 149 365 335 152 239 260 3 152 239 365 335 53 27 366 258 164 227 257 0 164 227 366 258 245 32 157 328 367 85 98 327 367 85 157 328 127 167 368 28 266 422 368 28 127 167 419 29 125 160 369 162 267 423 369 162 125 160 421 163 126 74 370 221 265 421 370 221 126 74 420 222 297 115 371 114 2 244 151 393 2 244 371 114 147 198 110 196 372 352 372 352 110 196 254 46 302 279 52 376 373 113 227 225 373 113 52 376 113 138 374 101 79 402 15 182 79 402 374 101 375 128 67 340 233 59 375 128 359 341 67 340 376 251 68 342 235 35 376 251 357 343 68 342 377 50 57 345 231 2 377 50 361 346 57 345 378 15 56 347 232 65 378 15 362 348 56 347 379 286 358 344 58 237 379 286 58 237 234 66 216 190 149 188 380 144 337 391 380 144 149 188 339 119 381 118 165 26 24 399 165 26 381 118 289 161 75 273 382 55 382 55 75 273 384 62 383 185 26 147 158 426 383 185 158 426 300 318 262 81 384 62 30 392 90 61 30 392 384 62 385 419 230 67 348 75 230 67 385 419 154 395 195 79 386 333 65 410 386 333 195 79 345 252 387 418 229 88 346 298 229 88 387 418 153 394 192 123 388 407 5 390 388 407 192 123 344 184 389 408 193 25 347 293 193 25 389 408 71 262 390 358 159 91 14 292 217 56 390 358 14 292 134 31 391 377 245 32 391 377 134 31 108 195 6 284 245 32 392 214 392 214 245 32 13 378 393 253 11 172 100 171 11 172 393 253 305 124 394 324 25 397 70 396 25 397 394 324 306 6 240 173 395 271 16 268 283 270 16 268 395 271 396 44 128 369 131 370 131 370 258 82 396 44 240 173 397 19 69 174 196 427 69 427 397 427 244 428 73 428 398 428 398 9 73 425 327 53 199 207 134 31 399 30 27 304 199 207 399 30 120 111 400 224 240 173 400 224 120 111 227 225 139 217 11 172 401 126 238 213 139 217 401 126 402 90 171 8 293 7 171 8 402 90 156 142 205 307 88 360 403 306 166 400 403 306 88 360 280 405 64 356 404 339 28 338 404 339 64 356 279 403 80 283 405 379 47 285 405 379 80 283 278 406 81 287 406 381 46 289 406 381 81 287 281 389 85 300 407 330 409 302 407 330 85 300 277 398 160 362 408 375 209 48 408 375 160 362 407 330 409 302 72 11 409 302 286 131 72 11 204 243 282 241 410 242 60 49 204 243 410 242 411 383 305 124 172 78 272 359 411 383 172 78 93 317 412 22 300 318 412 22 93 317 325 368 182 278 413 280 302 279 413 280 182 278 78 109 83 297 414 295 301 294 414 295 83 297 326 121 415 305 44 40 328 303 44 40 415 305 299 41 416 323 133 322 237 226 24 399 416 323 237 226 417 371 275 20 240 173 129 245 275 20 417 371 198 388 418 256 17 86 66 254 418 256 198 388 170 387 419 29 91 135 53 27 419 29 170 387 61 409 420 222 263 69 51 71 420 222 61 409 55 146 421 163 150 145 150 145 421 163 262 81 48 102 422 104 174 281 174 281 422 104 113 138 423 84 176 404 279 403 176 404 423 84 211 83</p>
        </polylist>
      </mesh>
    </geometry>
    <geometry id="bolt11Mesh_002-mesh" name="bolt11Mesh.002">
      <mesh>
        <source id="bolt11Mesh_002-mesh-positions">
          <float_array id="bolt11Mesh_002-mesh-positions-array" count="405">0.2390519 -9.331963 -2.766247 0.05777698 -9.981095 -4.550385 0.04666095 -10.86394 -3.050247 0.05777698 6.022888 7.257133 0.04666095 6.905731 8.75729 0.2390519 5.37384 9.041272 0.05777698 -6.093933 -9.779805 0.04666095 -6.976921 -8.27966 0.2390519 -5.444946 -7.995678 0.05777698 -6.022804 7.25713 0.04666095 -6.905647 8.757287 0.2390519 -5.373741 9.041268 0.05777698 10.08183 1.98835 0.04666095 10.96475 3.488495 0.2390519 9.432693 3.772472 0.239449 -0.392502 -11.31804 0.04666095 0.809052 -10.38018 0.2390519 -0.723007 -10.09618 0.05777698 -10.08167 1.988346 0.2390519 -9.432534 3.772469 0.04666095 -10.96459 3.488491 -0.707886 -0.766693 11.37592 0.04666095 1.044769 10.83185 0.2390519 -0.487366 11.11586 0.04666095 6.976929 -8.279656 0.2390519 5.444946 -7.995674 0.239449 5.775375 -9.217511 0.04666095 10.86409 -3.050243 0.2390519 9.332048 -2.766243 0.239449 9.662552 -3.988098 0.239449 -0.1568599 9.894001 -0.707703 5.658936 -9.561284 -0.707703 9.546036 -4.331852 -0.707886 9.052567 -2.506165 -0.707886 5.165558 -7.735588 -0.707886 -9.153138 4.032562 -0.707886 9.153306 4.032566 0.04655498 -8.841996 -3.501053 1.257271 10.46892 2.741688 1.257271 6.410065 8.010495 1.257271 -10.46883 2.741684 1.257271 -6.481018 -9.026463 1.257271 -6.409897 8.010491 1.257271 -10.36819 -3.797031 0.04655498 4.883789 8.306473 0.04655498 -4.883629 8.306469 0.04655498 -4.954834 -8.730484 -0.707886 -9.052491 -2.506168 -0.707886 -1.002396 -9.836091 0.04647099 0.475876 -11.3722 0.04647099 0.711594 9.83984 0.04655498 -1.212967 -10.831 -0.707703 -5.587646 7.475655 -0.707703 -5.658852 -9.561287 -0.707703 5.587738 7.475658 1.256958 6.150909 -7.804668 1.256958 10.03792 -2.575256 0.04655498 8.942658 3.03767 0.04655498 -8.942566 3.037666 -0.707703 -0.273315 9.55024 -0.707886 -5.094269 9.301365 -0.707886 -5.165474 -7.735592 -0.707886 5.094437 9.301369 -0.707741 6.713486 -9.276551 -0.707741 10.60057 -4.047138 -0.707703 9.646683 2.206863 -0.707703 -9.646592 2.20686 -0.707703 -9.545945 -4.331856 -0.707741 0.545517 -11.37707 -0.707741 0.78125 9.834973 -0.707741 10.70116 2.491611 -0.707741 6.642349 7.760387 -0.861847 5.152954 9.265554 -1.257469 5.927277 8.690011 -0.861794 5.620148 7.538124 -0.861847 9.111237 -2.541981 -1.257469 9.885499 -3.117523 -0.861794 9.578446 -4.269409 -0.861847 5.224228 -7.771393 -1.257469 5.998489 -8.346936 -0.861794 5.69136 -9.498818 -0.861847 -0.708023 11.34012 -1.257469 0.06625396 10.76459 -0.861794 -0.240906 9.612702 -0.861847 9.211899 3.996765 -0.861794 9.679093 2.269329 -1.257469 9.986161 3.421211 -0.861847 -0.943726 -9.871914 -1.257469 -0.169464 -10.44745 -0.861794 -0.476532 -11.59934 -0.861847 -9.111161 -2.541985 -0.861794 -9.578278 -4.269413 -1.257469 -9.885491 -3.117527 -0.861847 -9.211808 3.996761 -0.861794 -9.679078 2.269325 -1.257469 -9.986138 3.421207 -0.861847 -5.15287 9.265549 -0.861794 -5.620056 7.53812 -1.257469 -5.9272 8.690007 -0.861847 -5.224144 -7.771397 -0.861794 -5.691116 -9.498822 -1.257469 -5.998322 -8.34694 -0.707741 -6.713318 -9.276555 -0.707741 -6.642197 7.760384 -0.707741 -10.70106 2.491608 1.257332 -0.674484 10.41023 -0.707741 -10.60049 -4.047142 0.04647099 6.643921 -9.27166 0.04647099 10.53093 -4.042259 -0.707703 -0.508942 -11.6618 0.04655498 8.84201 -3.501049 0.04655498 4.955002 -8.730481 0.04655498 -0.977325 10.38104 1.257332 9.144913 -3.471886 1.257332 5.257751 -8.701279 1.206223 0.218719 11.30685 1.206223 -0.01698297 -9.905182 1.256958 6.079636 9.232277 1.256958 10.13858 3.963482 1.256958 -6.150742 -7.804672 1.256958 -10.03777 -2.57526 1.256958 -6.079544 9.232274 1.256958 -10.13849 3.963478 1.257332 -5.257668 -8.701284 1.257332 -5.186539 8.335652 1.257332 -9.245408 3.066868 1.257332 9.245484 3.066872 1.257332 5.18663 8.335656 0.239243 -10.18914 -2.006214 0.239243 0.134247 -9.336136 1.257332 -0.910202 -10.80181 0.239243 6.302139 -7.235619 0.239243 10.28996 4.532532 0.239243 10.18922 -2.00621 0.239243 0.369965 11.8759</float_array>
          <technique_common>
            <accessor source="#bolt11Mesh_002-mesh-positions-array" count="135" stride="3">
              <param name="X" type="float"/>
              <param name="Y" type="float"/>
              <param name="Z" type="float"/>
            </accessor>
          </technique_common>
        </source>
        <source id="bolt11Mesh_002-mesh-normals">
          <float_array id="bolt11Mesh_002-mesh-normals-array" count="615">-1 8.45406e-6 -1.02496e-4 0.4699204 0.7862742 0.4011829 0.5678693 -0.2113998 -0.795509 -1 -8.41037e-6 -1.02493e-4 -1 8.42585e-6 -1.02495e-4 0.714269 0.688755 -0.1242432 0.7311197 -0.5159589 -0.4463749 0.1632153 -0.1112415 -0.9802991 -1 8.30975e-6 -1.02494e-4 0.5678599 0.2114138 -0.795512 0.1632148 0.1112717 -0.9802957 0.7311182 0.5159882 -0.4463434 0.7142663 -0.6887524 -0.1242733 -1 -8.42573e-6 -1.02494e-4 -1 -8.42576e-6 -1.02495e-4 0.3453676 -0.6549448 0.6721373 -1 8.26694e-6 -1.02494e-4 0.7142813 0.6887363 -0.1242759 0.7310925 -0.5160222 -0.4463464 -0.7736048 0.4470923 0.4490483 0.3392991 0.01673924 -0.9405297 0.4718404 0.04995584 -0.8802676 -0.7572547 0.4759224 0.4472844 0.4718275 0.04994988 -0.8802748 -0.7572889 0.4758644 0.4472883 0.47184 0.04994881 -0.8802683 0.3640042 -0.8161273 0.4488179 -0.5931735 -0.5437932 0.5936618 -0.5180943 -0.3219168 -0.7924317 0.04571759 -0.9727354 -0.2273673 0.3393077 0.01675206 -0.9405263 0.3392922 0.01673865 -0.9405322 -0.5931429 -0.5437932 0.5936923 -0.5180869 -0.3218817 -0.7924508 0.04574805 -0.972734 -0.227367 -0.7735994 0.4470911 0.4490585 0.3641277 -0.8160626 0.4488349 -0.7735903 0.4471085 0.4490571 0.3640554 -0.8161195 0.4487901 -0.01350367 -0.7054447 0.7086364 0.01879996 0.9841606 -0.1762803 -0.6319314 0.3896391 -0.6699583 -0.5094506 0.3401016 0.7904372 -0.7736069 0.4471043 0.4490327 -0.5931726 -0.5437618 0.5936914 -0.6319314 -0.3896391 -0.6699583 0.01879948 -0.9841668 -0.1762454 0.2024616 0.9587473 -0.1995317 0.8306193 -0.3221946 -0.4541611 0.2379298 -0.07883179 -0.968078 -0.3901863 -0.2399797 -0.888912 -0.1255573 0.9425342 0.3096204 -0.2764766 0.1414715 0.9505507 -0.2764737 0.14149 0.9505487 0.7310909 0.5160516 -0.4463149 0.1632153 0.1112415 -0.9802991 -0.3072639 0.8460135 0.4357178 0.05005055 0.3492248 0.9357014 -0.3072404 -0.8460327 0.4356973 0.6086783 -0.1564117 0.7778471 -0.2764689 -0.1414831 0.9505511 -0.3072366 -0.8460527 0.4356613 -0.2764726 -0.1414886 0.9505492 -0.3072363 -0.8460214 0.4357219 0.1632148 -0.1112717 -0.9802957 0.7311066 -0.5160107 -0.4463364 -0.125526 -0.9425289 0.3096492 -0.2764608 -0.1414952 0.9505517 0.3377199 -0.666835 0.6642864 -0.5094559 -0.3400747 0.7904455 -0.6319292 -0.3896988 -0.6699255 0.0187996 -0.9841721 -0.1762158 0.3377237 0.6668342 0.6642852 -0.5230131 0.8227964 -0.222404 0.3376964 0.666812 0.6643214 -0.5230141 0.8227953 -0.2224054 0.364116 0.8160955 0.4487848 -0.773598 -0.4470926 0.4490596 -0.7736009 0.4471048 0.4490422 0.3640582 -0.8161149 0.4487962 -0.7572832 0.475889 0.4472715 0.7586451 0.482672 -0.4375905 -0.7572729 0.4759016 0.4472755 0.7586475 0.4826714 -0.437587 0.3392944 0.01674795 -0.9405313 0.04568713 -0.9727367 -0.2273676 0.8246318 -0.5150745 -0.2338389 0.3919634 -0.6139326 0.6851654 -0.3901898 -0.2399908 -0.8889074 0.1732956 0.6681828 -0.7235333 -0.3901691 -0.2400143 -0.8889101 0.173252 0.6682052 -0.7235231 0.1733101 -0.6682051 -0.7235093 -0.3901817 0.2399794 -0.888914 -0.2764875 0.141479 0.9505464 0.8157559 -0.5252712 -0.2421417 0.3910765 -0.6134108 0.6861387 -0.2764648 0.1414887 0.9505515 0.8157801 -0.5252062 -0.2422009 0.3911097 -0.6133845 0.6861433 0.3640654 -0.816075 0.448863 0.3377413 -0.666792 0.6643186 0.3377855 0.6667867 0.6643015 0.3640658 0.816106 0.4488064 -1 -8.42516e-6 -1.02495e-4 -0.5931833 -0.5437717 0.5936716 -0.5180994 -0.3218894 -0.7924395 -0.01356071 -0.7054506 0.7086294 -0.5094559 0.3400747 0.7904455 0.05005073 0.3491344 0.9357351 0.01883012 0.9841715 -0.1762157 0.3641299 0.816028 0.4488963 -0.01357775 -0.7054654 0.7086144 -0.01351052 0.705455 0.708626 0.05005162 -0.3491712 0.9357213 -1 -8.42522e-6 -1.02495e-4 0.03029 0.2605509 -0.9649848 0.03029942 0.260538 -0.9649881 -1 -8.30989e-6 -1.02496e-4 -0.390189 0.2400224 -0.8888993 0.1732957 -0.6681756 -0.7235399 0.1732532 0.6682023 -0.7235254 -0.390172 -0.2400242 -0.8889062 0.1733021 0.6682033 -0.7235128 -0.6319368 0.3896729 -0.6699335 -0.5931439 0.5438246 0.5936627 0.08923274 0.9441763 -0.3171257 0.0303055 0.2605653 -0.9649805 0.0302928 0.2605475 -0.9649857 0.0892471 0.9441745 -0.3171269 0.3437486 0.8104069 -0.4744234 -0.7572977 0.4758757 0.4472613 -0.7987807 0.01118975 0.6015183 0.3439148 0.8103747 -0.4743582 -0.8336653 -0.5331112 -0.1442037 -0.8336289 -0.5331685 -0.1442027 -0.8336424 -0.5331466 -0.144205 -0.8336554 -0.5331354 -0.1441714 0.8336272 0.5331654 0.144223 0.8336697 -0.5331094 0.1441848 -0.8336387 0.5331442 -0.1442349 -0.8336653 0.5331112 -0.1442037 0.8336324 -0.533175 0.1441578 0.3437839 -0.8103801 -0.4744439 -0.7987797 -0.01118963 0.6015195 -0.7987813 -0.01118963 0.6015175 0.3438517 -0.8103946 -0.4743698 -0.798776 -0.0111891 0.6015245 0.3438128 -0.810387 -0.4744108 0.3919552 -0.6139197 0.6851815 0.8246546 -0.5150391 -0.2338368 0.7128023 0.2672856 0.6484377 -0.757259 -0.4759125 0.4472876 0.3438562 -0.8103885 -0.474377 -0.01355028 0.9461733 0.3233768 0.7296229 0.2599627 0.6325107 0.3798497 0.5868352 -0.7150796 0.08914709 0.9442306 -0.3169881 -0.01352006 0.9461924 0.3233223 0.7296345 0.2599058 0.6325208 0.3798729 0.5867628 -0.7151267 0.08923363 0.9441805 -0.3171131 -0.5229902 -0.8228012 -0.2224396 0.3452683 -0.5377613 -0.769157 0.3453062 -0.5377269 -0.7691642 0.3709918 -0.2115288 -0.9042239 0.345274 -0.5377933 -0.7691322 0.3709973 -0.2115929 -0.9042066 0.3452771 -0.5377564 -0.7691565 0.3709894 -0.2115579 -0.904218 0.3377766 -0.6668241 0.6642685 0.7527873 0.4665613 -0.4643617 0.3377693 -0.666762 0.6643346 0.7528012 0.4665054 -0.4643953 -0.2887669 0.1393209 0.9472083 -0.006073176 0.9468746 0.3215455 0.3842377 0.5870383 -0.7125641 -0.2887602 0.1393241 0.9472098 0.7128081 0.2672572 0.6484429 0.3842391 0.5870711 -0.7125363 0.6086812 0.156382 0.7778508 1 1.27e-4 2.90571e-4 1 1.26997e-4 2.90559e-4 0.6086783 0.1564117 0.7778471 1 -1.26876e-4 2.90555e-4 0.7182711 -0.00463891 0.6957479 0.7555066 0.6324689 -0.170859 0.6086812 -0.156382 0.7778508 1 -1.27007e-4 2.90565e-4 1 -1.26998e-4 2.9056e-4 0.0187996 0.9841721 -0.1762158 0.05002027 0.3491349 0.9357365 0.3910756 -0.613379 0.6861678 0.3724377 0.6157529 0.694362 0.3585726 -0.3590609 0.861685 0.4720465 0.6256211 0.6211042 0.3723971 -0.6157377 0.6943972 0.358542 0.3590914 0.861685 0.4718452 0.0499624 -0.8802648 0.3723953 -0.6157678 0.6943715 0.3585726 0.3590609 0.861685 0.372398 -0.6157387 0.6943958 0.372441 -0.6157512 0.6943617 0.3585366 0.3590553 0.8617023 0.3723452 -0.6157189 0.6944418</float_array>
          <technique_common>
            <accessor source="#bolt11Mesh_002-mesh-normals-array" count="205" stride="3">
              <param name="X" type="float"/>
              <param name="Y" type="float"/>
              <param name="Z" type="float"/>
            </accessor>
          </technique_common>
        </source>
        <vertices id="bolt11Mesh_002-mesh-vertices">
          <input semantic="POSITION" source="#bolt11Mesh_002-mesh-positions"/>
        </vertices>
        <polylist material="mattemetal_001-material" count="180">
          <input semantic="VERTEX" source="#bolt11Mesh_002-mesh-vertices" offset="0"/>
          <input semantic="NORMAL" source="#bolt11Mesh_002-mesh-normals" offset="1"/>
          <vcount>3 3 3 3 3 3 3 3 3 3 3 3 3 3 3 3 3 3 3 3 3 3 3 3 3 3 3 3 3 3 3 3 3 3 3 3 3 3 3 3 3 3 3 3 3 3 3 3 3 3 3 3 3 3 3 3 3 3 3 3 3 3 3 3 3 3 3 3 3 3 3 3 3 3 3 3 3 3 3 3 3 3 3 3 3 3 3 3 3 3 3 3 3 3 3 3 3 3 3 3 3 3 3 3 3 3 3 3 3 3 3 3 3 3 3 3 3 3 3 3 3 3 3 3 3 3 3 3 3 3 3 3 3 3 3 3 3 3 3 3 3 3 3 3 3 3 3 3 3 3 3 3 3 3 3 3 3 3 3 3 3 3 3 3 3 3 3 3 3 3 3 3 3 3 3 3 3 3 3 3 </vcount>
          <p>47 0 67 0 106 0 120 1 37 1 0 1 3 2 39 2 127 2 62 3 71 3 54 3 53 4 102 4 61 4 123 5 41 6 6 7 52 8 103 8 60 8 124 9 42 9 9 9 12 10 38 11 126 12 70 13 65 13 36 13 68 14 109 14 48 14 116 15 17 15 130 15 35 16 66 16 104 16 125 17 40 18 18 7 69 19 21 19 134 19 50 20 30 20 59 20 107 21 114 21 26 21 131 22 24 22 63 22 108 23 113 23 29 23 133 24 27 24 64 24 50 25 105 25 30 25 112 26 23 26 21 26 34 27 31 28 111 29 107 30 26 30 31 30 108 31 29 31 32 31 33 32 32 33 110 34 64 35 33 35 133 35 110 36 28 36 33 36 63 37 34 37 131 37 111 38 25 38 34 38 19 39 35 39 104 39 58 40 66 41 35 42 70 43 36 43 132 43 36 44 65 45 57 46 37 47 43 48 1 49 1 50 106 50 67 50 38 11 12 10 13 51 118 52 13 52 14 52 117 53 4 53 5 53 39 54 3 55 4 56 19 57 20 58 122 59 20 58 18 7 40 18 8 60 7 60 119 60 7 61 6 7 41 6 11 62 10 62 121 62 10 63 9 64 42 65 2 66 1 49 43 48 0 67 2 67 120 67 5 68 127 68 117 68 62 69 54 70 44 71 121 72 124 72 11 72 45 73 52 73 60 73 119 74 123 74 8 74 46 75 53 75 61 75 47 76 0 76 37 76 128 77 47 77 106 77 68 78 48 78 129 78 51 79 17 79 48 79 129 80 16 80 68 80 49 81 116 81 130 81 134 82 22 82 69 82 50 83 115 83 105 83 49 84 15 84 109 84 51 85 130 86 17 87 9 88 103 88 52 88 52 89 45 89 9 89 6 90 102 90 53 90 53 91 46 91 6 91 3 92 44 92 54 92 54 93 71 93 3 93 55 94 24 94 25 94 114 95 25 96 111 29 56 97 27 97 28 97 113 98 28 99 110 34 57 100 14 100 36 100 14 101 126 101 118 101 122 102 125 102 19 102 35 103 19 103 58 103 69 104 59 104 21 104 21 105 59 106 112 29 11 107 60 107 103 107 60 108 11 109 45 110 61 111 8 111 46 111 8 112 61 112 102 112 71 113 62 113 5 113 44 71 5 114 62 69 63 115 31 115 34 115 31 116 63 116 107 116 32 117 64 117 108 117 64 118 32 118 33 118 65 119 70 119 12 119 12 120 57 120 65 120 66 121 58 121 18 121 18 122 104 122 66 122 67 123 37 123 1 123 37 47 67 124 47 125 16 126 49 126 68 126 109 127 68 127 49 127 59 128 69 128 50 128 22 129 50 129 69 129 13 130 12 130 70 130 132 131 13 131 70 131 5 132 4 132 71 132 4 133 3 133 71 133 73 134 74 134 72 134 76 135 77 135 75 135 79 136 80 136 78 136 82 137 83 137 81 137 85 138 86 138 84 138 88 135 89 135 87 135 91 139 90 139 92 139 93 140 94 140 95 140 96 141 97 141 98 141 100 142 99 142 101 142 102 143 6 143 7 143 102 144 7 144 8 144 103 145 10 145 11 145 103 146 9 146 10 146 104 147 20 147 19 147 104 148 18 148 20 148 23 149 105 150 115 151 105 150 23 149 112 29 106 152 2 152 128 152 106 153 1 153 2 153 24 154 55 155 107 156 24 157 107 157 63 157 27 158 56 159 108 160 27 161 108 161 64 161 48 162 109 162 51 162 15 163 51 163 109 163 29 164 110 164 32 164 113 98 110 34 29 165 26 166 111 166 31 166 114 95 111 29 26 167 30 168 112 168 59 168 105 150 112 29 30 169 28 170 113 170 56 170 108 171 56 171 113 171 25 172 114 172 55 172 107 173 55 173 114 173 115 174 22 174 23 174 22 175 115 151 50 176 116 177 16 177 17 177 16 175 116 178 49 179 4 56 117 180 39 54 39 181 117 181 127 181 38 182 118 182 126 182 13 51 118 183 38 11 119 184 41 184 123 184 41 6 119 59 7 61 43 48 120 185 2 66 120 186 43 186 37 186 42 65 121 187 10 63 121 188 42 188 124 188 40 18 122 59 20 58 122 189 40 189 125 189 46 190 8 191 123 5 6 7 46 190 123 5 45 110 11 109 124 17 9 64 45 110 124 17 58 40 19 57 125 17 18 7 58 40 125 17 126 12 57 46 12 10 126 12 14 192 57 46 127 12 5 114 44 71 127 12 44 71 3 55 47 193 128 193 0 193 128 194 2 66 0 195 17 196 129 196 48 196 17 87 16 175 129 197 130 86 51 85 15 169 49 198 130 198 15 198 25 199 131 199 34 199 25 96 24 154 131 200 14 201 132 201 36 201 14 192 13 51 132 197 28 202 133 202 33 202 28 99 27 158 133 203 23 204 134 204 21 204 23 149 22 175 134 197</p>
        </polylist>
      </mesh>
    </geometry>
    <geometry id="tire36Mesh_002-mesh" name="tire36Mesh.002">
      <mesh>
        <source id="tire36Mesh_002-mesh-positions">
          <float_array id="tire36Mesh_002-mesh-positions-array" count="657">-10.37791 16.62463 -26.26172 12.74216 30.51939 7.656769 -10.37788 -31.05452 -1.266106 0.02603095 -36.04711 -34.71125 8.602913 19.59552 46.12314 4.135628 -24.40913 43.71654 -3.166209 4.558309 -49.81681 0.02603095 49.56738 6.892906 4.135628 42.99957 -25.65491 8.602913 -48.83213 -11.25845 8.602913 -43.82263 24.30868 8.602913 -0.860138 50.10577 4.135628 46.02896 19.70681 -10.37791 30.75346 4.505044 0.02603095 21.87318 -45.01064 12.74216 -30.51783 -7.657032 -10.37789 -13.78674 27.85515 -8.028897 -24.17344 -43.77758 0.02603095 32.2233 38.28912 8.602913 50.1066 0.859222 -3.166185 -45.96918 -19.72856 -8.028892 -34.16312 36.51854 -8.028884 -49.82452 4.277799 8.602913 -4.382538 -49.92142 4.135628 36.7263 -34.034 -8.02891 4.277761 49.825 8.602913 -28.75607 -41.0419 -8.028887 -43.77492 24.17364 -8.028928 42.82499 25.82563 8.602913 11.25824 -48.83243 -8.028931 49.10633 -9.462675 8.602913 -49.91975 4.38258 -10.37789 -14.43056 -27.52761 12.74216 -10.80431 29.55109 -8.028901 -16.35835 47.25701 8.602913 -37.81093 32.88884 -3.16622 28.8556 -40.86402 -10.37791 17.23032 25.86816 -8.028922 28.61798 41.01052 -8.028927 41.01121 -28.61739 0.02603095 13.86397 48.08485 8.602913 49.19098 -9.577275 8.602913 -40.03076 -30.14704 0.02603095 -13.863 -48.085 12.74216 26.11185 -17.55652 0.02603095 -48.08591 13.86315 -3.166204 -4.557114 49.81634 8.602913 30.14787 -40.03157 -10.37789 -27.85462 -13.78781 4.135628 40.9257 28.8456 0.02603095 -49.56499 -6.89315 -8.02893 47.25862 16.35754 8.602913 32.88986 37.81116 12.74216 -2.147736 -31.39133 4.135628 -14.78702 47.83657 -10.37791 28.88593 -11.47479 -8.028916 16.35849 -47.25755 -3.166203 -5.89889 -49.67569 -10.3779 4.50587 -30.75274 -3.166191 -32.968 37.62361 0.02603095 49.9176 -3.563183 -3.166228 45.42255 -20.96178 -8.028886 -47.25661 -16.35774 -8.028891 -36.51677 -34.16487 4.135628 -25.65311 -42.99816 0.02603095 23.5587 44.15153 -8.028885 -49.10389 9.462388 -8.028896 -25.82412 42.82351 8.602913 -11.25845 48.83202 8.602913 -45.42447 -21.16509 -10.42674 35.40896 34.13037 8.602913 21.16576 -45.42469 8.602913 -47.9191 14.66608 -8.028913 9.462911 49.10485 -3.166187 -40.06976 29.94729 -10.3779 -1.265096 31.05504 8.602913 -9.576432 -49.18981 12.74216 8.629136 30.25835 -8.028902 -14.54271 -47.847 8.602913 41.0426 -28.75654 8.602913 48.83361 11.25828 8.602913 9.577988 49.18945 4.135628 -50.0652 0.718403 -13.80458 -27.03414 22.43269 -8.028932 49.62567 6.174663 -8.028924 34.16495 -36.51858 8.602913 -19.59506 -46.12374 -13.86116 -38.03078 10.69943 8.602913 -21.16391 45.42441 8.602913 -30.14475 40.03145 8.602913 46.12406 -19.59494 -13.80461 24.54248 -25.13602 -13.80458 -29.68862 -18.77951 4.135628 -43.71693 -24.41016 0.02603095 48.08591 -13.86333 -8.028918 19.4656 46.06446 -3.166185 -45.42134 20.96168 -3.166213 14.81621 -47.78068 -13.80461 35.10218 1.418742 0.02603095 3.564087 49.91646 -13.86117 -6.663508 -38.94214 8.602913 45.4256 21.16505 -8.028888 -42.82357 -25.82564 -8.028884 -49.62486 -6.174815 8.602913 4.384323 49.92105 8.602913 40.03197 30.14654 -13.86118 10.70071 38.03169 13.86118 -24.82684 -29.68617 -3.166188 -37.62397 -32.96867 -3.166199 -16.09813 -47.36358 -3.166222 33.97238 36.72066 13.86118 -26.92638 27.79452 -13.86119 33.39977 21.10388 4.135628 -47.83551 -14.78761 -3.166192 -29.9463 -40.07059 -8.028932 49.82607 -4.278016 4.135628 -42.99808 25.65453 4.135628 9.707489 -49.12028 -8.028911 6.175799 -49.62581 -8.028919 21.20867 -45.28878 13.86118 17.02234 -34.75598 -13.80461 32.64419 -12.98087 8.602913 -36.65975 -34.16618 8.602913 28.75765 41.04166 4.135628 -32.96551 37.68616 -13.80459 -15.57253 31.48927 -8.028906 -4.277463 -49.82512 -8.02893 46.06529 -19.46516 -10.37789 -28.88528 11.47458 8.602913 34.16624 -36.66106 8.602913 -50.10481 -0.859531 8.602913 0.859634 -50.1061 -13.10175 42.11561 15.5558 8.602913 25.79811 -42.9635 -3.166183 -48.78569 11.05973 -13.86116 -38.28422 -9.749979 -3.166199 -14.81384 47.78013 -3.166225 40.07074 -29.94725 -3.166229 48.78808 -11.06003 -3.166227 43.65614 24.42527 -3.166229 47.78109 14.81484 -3.166222 32.96949 -37.62398 -3.166195 -24.42566 43.65593 -13.86116 -21.9278 -32.86438 -13.8046 19.48501 29.23126 -13.86118 17.49715 -35.42275 -8.028886 -46.0644 19.46523 -3.166219 25.59482 42.98091 -3.16623 49.81778 4.557265 -3.166214 16.09969 47.36345 4.135628 -4.516869 49.86593 -10.42671 -31.64538 -37.64506 13.86118 24.82863 29.68575 -13.10171 -31.34118 32.14654 -8.028905 -6.174914 49.62557 -13.86118 5.69489 -39.09597 -8.02889 -37.79439 32.74733 -3.166196 -20.96122 -45.42126 -3.166184 -47.77988 -14.81514 -3.166224 37.62518 32.968 -3.166187 -40.86371 -28.85511 -13.86117 -1.576312 39.47673 8.602913 -34.16505 36.66046 8.602913 -24.30781 -43.82282 8.602913 -14.66551 -47.91931 8.602913 -6.091347 49.74152 8.602913 37.81236 -32.88895 8.602913 42.96419 25.79694 8.602913 -41.04148 28.75597 8.602913 47.38843 16.30096 8.602913 -42.96277 -25.79729 8.602913 -46.12367 19.59488 8.602913 -49.74026 -6.092476 8.602913 -47.38722 -16.30107 8.602913 49.92221 -4.382935 8.602913 -49.18999 9.576981 8.602913 43.82353 -24.3089 8.602913 49.74205 6.092144 8.602913 6.092758 -49.74176 8.602913 47.91969 -14.66631 8.602913 36.66154 34.16609 8.602913 14.66724 47.91917 8.602913 16.30238 -47.38815 8.602913 24.30893 43.82276 8.602913 -32.88873 -37.81109 8.602913 -25.79722 42.96291 8.602913 -16.3009 47.38786 -8.028921 25.82619 -42.82389 12.74216 -30.99429 5.417988 -8.028929 43.77856 -24.17369 -8.028903 -9.462972 -49.10509 -3.166183 -49.81718 -4.557437 13.86118 35.90544 -14.43949 -10.42673 -1.671017 49.15157 -13.10171 -35.24527 -27.80904 0.02603095 -28.04344 -41.44753 0.02603095 47.05095 17.04783 0.02603095 -49.91619 3.562958 4.135628 5.948639 49.71538 4.135628 28.84671 -40.92568 4.135628 -5.946411 -49.71543 -8.028927 39.88993 30.16007 -13.10175 43.21576 -12.16928 0.02603095 -38.28659 32.22256 0.02603095 1.674683 -50.01568 0.02603095 12.03761 -48.57461 0.02603095 -44.15172 23.55747 13.86118 -5.448151 38.31444 -13.10175 34.53085 -28.69467 -8.02892 24.17359 43.77743 -8.028899 -19.46433 -46.06469 -8.028913 11.32941 -48.70845 -10.42673 13.5992 47.26192 4.135628 25.65459 42.99785 4.135628 -37.68381 -32.96592 4.135628 19.70795 -46.02882 4.135628 49.7155 -5.948021 4.135628 49.86696 4.518311 4.135628 34.0343 36.72447</float_array>
          <technique_common>
            <accessor source="#tire36Mesh_002-mesh-positions-array" count="219" stride="3">
              <param name="X" type="float"/>
              <param name="Y" type="float"/>
              <param name="Z" type="float"/>
            </accessor>
          </technique_common>
        </source>
        <source id="tire36Mesh_002-mesh-normals">
          <float_array id="tire36Mesh_002-mesh-normals-array" count="657">0.9825083 -0.1323012 -0.1310499 0.5344257 -0.330739 -0.7778181 0.5643324 -0.2386609 -0.7902974 -0.8585677 -0.3046432 -0.4123762 -0.9301683 0.01382523 -0.3668729 -0.9951668 0.06457841 0.0739783 0.981394 -0.09442526 0.1671821 0.578734 -0.7806486 0.2359127 0.5908882 -0.7962234 0.1299215 -0.9655828 0.2023393 0.1634279 -0.9951172 -0.02099734 -0.09644144 -0.6380667 -0.4747885 -0.606174 0.9859369 -0.064547 0.1541499 0.5163274 -0.1873281 0.835652 0.5795943 -0.3044312 0.7559049 -0.6679158 0.52301 0.52948 -0.9773887 -0.1480152 -0.151006 -0.5182832 0.470398 0.7142188 -0.5289356 -0.3048605 0.7920147 -0.4563861 -0.1546415 0.8762407 -0.9978704 -0.04416054 0.04800593 0.03109848 -0.9966165 0.07608294 -0.01977646 -0.9590675 0.2824862 -0.001983702 -0.9727857 0.2316985 -0.5065618 -0.2505342 -0.8250017 -0.9941553 -0.0190438 -0.106267 -0.4898723 -0.1720703 -0.8546443 0.980506 0.0368666 -0.1930004 0.5231916 0.3657122 -0.7697567 0.5162982 0.4364287 -0.7368625 0.9850633 0.1633989 -0.05432385 0.5115135 0.7887562 -0.3409072 0.5296353 0.8110861 -0.2482455 0.9833469 0.09616476 0.1542116 0.5377845 0.6718568 0.5093098 0.5187112 0.6322137 0.5755387 -0.3822893 0.7511194 -0.5382143 -0.4365467 0.5943005 -0.675451 -0.9007398 0.3154756 -0.2985681 -0.3848119 0.9050664 -0.1810377 -0.3997724 0.8481926 -0.3474929 -0.9040622 0.4222294 -0.0662871 0.9822891 -0.1860752 -0.0220043 0.6024262 -0.7262442 -0.3311375 0.6142601 -0.6717278 -0.4140847 -0.2973777 -0.6833524 -0.6667805 -0.440024 -0.791451 -0.4242455 -0.9299906 -0.2606977 -0.2591412 -0.9875696 0.06738626 -0.1420056 -0.9931724 -0.1086468 0.04248207 -0.5188638 -0.7894811 0.3278721 0.4841629 -0.6663343 0.5670846 0.5170605 -0.6950803 0.4995117 -0.4928247 0.3875333 0.7790647 0.9884523 0.04055982 0.1460033 0.6111212 0.1513459 0.7769333 0.5780375 0.09772312 0.8101376 -0.4660896 0.7493081 0.4704234 -0.3695864 0.8767835 0.3076632 -0.9289481 0.3542992 0.107367 0.9861404 0.1589446 0.04757958 0.569643 0.7990567 0.1923937 0.5931795 0.76589 0.248094 -0.4001399 0.8008902 -0.4454917 -0.4925538 0.1929441 -0.8486245 -0.4990766 0.0913127 -0.8617334 -0.9952585 0.008087515 -0.09692865 -0.02234011 0.3889682 -0.9209803 0.5555015 0.2252891 -0.8004142 0.9878695 0.001403868 -0.1552806 -0.8077496 0.3273481 -0.4902896 -0.9010819 0.3635457 -0.2364023 -0.4765654 -0.4154649 -0.7747737 -0.02078372 -0.2835261 -0.9587393 -0.01196342 0.3174592 0.9481965 -0.7128449 0.1741139 0.679365 0.5162332 0.4956327 0.6984637 0.5733591 0.3590857 0.7364217 0.005310356 0.9761381 -0.2170857 -0.008240163 0.9586406 -0.2845005 -0.02465963 0.9948087 0.09873008 -0.04699897 0.9157176 0.3990643 -0.0190438 -0.8741844 -0.4852206 -4.88297e-4 -0.9961567 -0.08758831 -0.5377758 -0.8332916 -0.1281494 -0.5136994 -0.8166027 -0.2631977 -0.9843423 0.131447 -0.1174386 -0.914978 -0.2927442 0.277698 -0.5027099 -0.4127397 0.7595583 0.556823 -0.4616946 0.6904972 0.5232866 -0.5855463 0.6191177 -0.4962406 -0.8495908 0.1787198 0.5701982 0.0227676 -0.8211917 0.5952737 0.08380526 -0.7991408 0.01293987 -0.1162453 -0.9931363 -0.02639901 -0.08859705 -0.9957177 0.01141405 0.664368 -0.7473186 -0.01361161 0.7932296 -0.6087704 -0.01904392 0.7316054 -0.6814624 0.5376076 0.6791282 -0.499763 0.5278366 0.7447395 -0.4083523 -0.01986777 -0.2962466 0.9549048 -0.01779246 -0.09442538 0.995373 -0.01782315 -0.08447688 0.9962661 -0.03979688 0.262098 0.9642204 8.24016e-4 0.07254391 0.9973649 -0.02349972 0.1154844 0.9930314 0.5277167 -0.6186045 -0.5821028 0.4818393 -0.5698876 -0.6656268 0.01519834 -0.5615471 -0.8273053 0.005951225 -0.6951072 -0.7188817 -0.03528016 -0.6143822 -0.7882195 -0.01690751 -0.6615614 0.7497004 0.03024488 -0.7636607 0.6449091 -0.02447599 -0.8543114 0.519185 -0.008758962 0.959061 0.2830641 0.002533078 0.8813937 0.4723758 0.01541203 0.9420898 0.3350066 -0.02859669 0.7497414 0.6611128 -0.01989871 0.8201208 0.5718444 -0.02310305 0.1754553 -0.9842163 0.4551675 -0.1702072 -0.8739864 -0.01260429 0.2387804 -0.9709919 -0.505162 0.8598924 0.07346087 -0.5054951 0.8627873 -0.008545458 -0.9817682 -0.1619647 0.09949219 -0.02349978 0.9930348 -0.1154543 0.5514168 0.8341447 0.0119329 -0.5147969 -0.8557261 0.05212664 0.9838039 -0.1788401 -0.01208543 0.6109704 -0.7913408 -0.02224868 0.5717121 -0.8135751 -0.1060229 -0.9937071 0.03054976 -0.1077635 -0.5017685 0.2872785 -0.8159042 -0.02127164 -0.48754 0.8728415 -0.0140388 -0.4827837 0.8756272 -0.008575797 -0.3028083 0.953013 -0.3864067 -0.7099738 0.5887506 0.002472043 -0.8069058 0.5906749 -0.01409995 -0.645395 0.763719 -0.3775212 -0.61615 0.6912575 -0.4886447 0.4564774 -0.7435421 -0.4955457 0.3708124 -0.7854508 0.002594113 0.4407303 -0.8976359 -0.009247362 0.5757788 -0.8175534 -0.01782286 0.5794876 -0.8147862 -0.9112203 -0.4084423 0.05340909 -0.9970612 0.06659281 0.03787428 0.01327586 0.5177589 0.8554237 -0.03344893 0.6828048 0.7298348 -0.01953208 0.8613954 -0.5075595 0.02029526 0.9063308 -0.4220815 -0.02505612 0.5112252 0.8590816 0.5458639 0.8356118 -0.06152641 0.5360711 0.8292088 -0.1582424 -0.01471036 -0.7445538 -0.6674005 0.5667388 -0.6833521 -0.4602578 0.01327568 -0.3167858 -0.9484042 0.07504671 -0.4297409 -0.8998283 0.5964934 0.7934018 0.1212824 0.003662228 -0.8871279 0.4615092 0.01141417 -0.9135317 0.4066075 -0.4495507 0.1270217 0.8841775 -0.6779648 -0.1064527 0.7273457 0.5335389 0.5173332 -0.6691058 0.5371125 0.5731865 -0.6188437 -0.9894097 -0.1439907 0.01831161 0.6107562 0.7140342 0.3422456 0.5765039 0.7185088 0.3890867 0.1326362 -0.9854022 -0.1067254 -0.01083439 -0.9613016 -0.2752854 -0.01825028 -0.9579578 -0.2863283 0.007629811 0.9864796 0.1637062 -0.01236027 0.680762 0.7324005 0.9932846 -0.08249396 0.08112055 0.6003371 -0.3312826 0.7279061 0.6107816 -0.4150617 0.6742921 0.01611405 0.298019 -0.9544239 0.004882991 0.1003455 -0.9949406 -0.5060762 -0.05084562 -0.8609888 0.002777218 0.9979482 -0.0639683 -0.00915569 -0.8209331 -0.5709512 0.009155809 -0.9155529 -0.4020937 -0.004577815 -0.7425271 -0.6698004 -0.04516774 -0.5070694 -0.8607209 0.5085467 -0.5038467 -0.6982255 0.5335695 -0.4009019 -0.7447022 0.5984519 0.3190177 0.7349035 0.5187653 -0.004699945 0.8549038 0.5231856 -0.1099291 0.845099 0.592476 -0.7883199 -0.1659042 0.6087659 -0.7475671 -0.2656083 -0.433526 0.7454329 0.506345 0.6142282 0.1861667 -0.7668544 0.5488319 -0.7693658 0.3268942 0.5459302 -0.7382632 0.3961412 -0.4333485 0.124337 0.8926083 -0.537963 -0.7451583 0.3941257 0.5769712 -0.1519261 -0.8025103 0.6012593 -0.05176055 -0.7973758 -0.5165115 -0.3287252 -0.7906679 0.5601482 0.6328752 -0.5345121 0.6122038 0.2335286 0.7554277 0.5934343 -0.8004115 0.08471959 -0.06686657 -0.9975666 -0.01974558 -7.01929e-4 0.9961592 0.08755797 -0.9174702 0.3976966 0.00927782 -0.8924652 -0.3093705 0.3283227 -0.7819039 -0.5780656 0.2333809 -0.9686627 -0.1940743 0.1550092 -0.8557947 0.4056029 0.3210947 -0.9275055 0.2030435 0.3138582 -0.555114 0.3951628 0.7319118 -0.9301766 -0.05209696 0.363397 -0.01205492 0.6267651 0.7791152 0.9859456 -0.130499 0.1043138 -0.9654093 -0.2435115 0.09320515 0.5231224 0.5545263 0.6471813 0.006073236 0.4485965 0.8937138</float_array>
          <technique_common>
            <accessor source="#tire36Mesh_002-mesh-normals-array" count="219" stride="3">
              <param name="X" type="float"/>
              <param name="Y" type="float"/>
              <param name="Z" type="float"/>
            </accessor>
          </technique_common>
        </source>
        <vertices id="tire36Mesh_002-mesh-vertices">
          <input semantic="POSITION" source="#tire36Mesh_002-mesh-positions"/>
        </vertices>
        <polylist material="tire_001-material" count="420">
          <input semantic="VERTEX" source="#tire36Mesh_002-mesh-vertices" offset="0"/>
          <input semantic="NORMAL" source="#tire36Mesh_002-mesh-normals" offset="1"/>
          <vcount>3 3 3 3 3 3 3 3 3 3 3 3 3 3 3 3 3 3 3 3 3 3 3 3 3 3 3 3 3 3 3 3 3 3 3 3 3 3 3 3 3 3 3 3 3 3 3 3 3 3 3 3 3 3 3 3 3 3 3 3 3 3 3 3 3 3 3 3 3 3 3 3 3 3 3 3 3 3 3 3 3 3 3 3 3 3 3 3 3 3 3 3 3 3 3 3 3 3 3 3 3 3 3 3 3 3 3 3 3 3 3 3 3 3 3 3 3 3 3 3 3 3 3 3 3 3 3 3 3 3 3 3 3 3 3 3 3 3 3 3 3 3 3 3 3 3 3 3 3 3 3 3 3 3 3 3 3 3 3 3 3 3 3 3 3 3 3 3 3 3 3 3 3 3 3 3 3 3 3 3 3 3 3 3 3 3 3 3 3 3 3 3 3 3 3 3 3 3 3 3 3 3 3 3 3 3 3 3 3 3 3 3 3 3 3 3 3 3 3 3 3 3 3 3 3 3 3 3 3 3 3 3 3 3 3 3 3 3 3 3 3 3 3 3 3 3 3 3 3 3 3 3 3 3 3 3 3 3 3 3 3 3 3 3 3 3 3 3 3 3 3 3 3 3 3 3 3 3 3 3 3 3 3 3 3 3 3 3 3 3 3 3 3 3 3 3 3 3 3 3 3 3 3 3 3 3 3 3 3 3 3 3 3 3 3 3 3 3 3 3 3 3 3 3 3 3 3 3 3 3 3 3 3 3 3 3 3 3 3 3 3 3 3 3 3 3 3 3 3 3 3 3 3 3 3 3 3 3 3 3 3 3 3 3 3 3 3 3 3 3 3 3 3 3 3 3 3 3 3 3 3 3 3 3 3 3 3 3 3 3 3 3 3 3 3 3 3 3 3 3 3 3 3 3 3 3 3 3 3 3 3 3 3 3 3 3 3 3 3 3 </vcount>
          <p>107 0 86 1 164 2 37 3 75 4 106 5 111 6 72 7 175 8 92 9 143 10 151 11 207 12 68 13 186 14 70 15 144 16 38 17 34 18 154 19 161 20 197 21 45 22 134 23 78 24 100 25 190 26 120 27 71 28 133 29 192 30 90 31 179 32 152 33 105 34 180 35 39 36 85 37 208 38 30 39 127 40 202 41 15 42 69 43 170 44 63 45 102 46 194 47 83 48 87 49 146 50 111 6 35 51 168 52 144 16 106 5 95 53 77 54 81 55 104 56 28 57 51 58 132 59 1 60 80 61 169 62 208 38 202 41 189 63 211 64 118 65 155 66 133 29 71 28 215 67 182 68 120 27 53 69 104 56 207 12 77 54 16 70 128 71 83 48 151 11 143 10 17 72 164 2 86 1 43 73 149 74 95 53 212 75 152 33 123 76 183 77 127 40 138 78 94 79 217 80 12 81 80 61 170 44 69 43 93 82 191 83 103 84 62 85 125 86 153 87 67 88 111 6 89 89 162 90 66 91 146 50 87 49 62 85 103 84 87 49 53 69 131 92 178 93 43 73 57 94 200 95 141 96 137 97 24 98 192 30 79 99 176 100 54 101 150 102 46 103 40 104 99 105 198 106 107 0 122 107 184 108 195 109 3 110 114 111 124 112 203 113 116 114 175 8 72 7 45 22 140 115 139 116 196 117 139 116 159 118 49 119 117 120 200 95 57 94 204 121 205 122 117 120 84 123 115 124 98 125 216 126 217 80 19 127 22 128 191 83 197 21 188 129 130 130 172 131 155 66 145 132 56 133 175 8 188 129 111 6 124 112 5 134 142 135 154 19 136 136 54 101 156 137 74 138 59 139 21 140 59 139 142 135 187 141 119 142 145 132 14 143 36 144 199 145 13 146 37 3 112 147 38 17 147 148 110 149 110 149 70 15 38 17 8 150 24 98 137 97 8 150 61 151 94 79 40 104 198 106 81 55 183 77 123 76 213 152 174 153 41 154 216 126 192 30 41 154 174 153 93 82 214 155 42 156 184 108 122 107 214 155 109 157 78 24 190 26 114 111 157 158 195 109 177 159 1 60 192 30 203 113 206 160 116 114 96 161 146 50 66 91 149 74 73 162 99 105 193 163 161 20 154 19 120 27 47 164 129 165 24 98 199 145 36 144 87 49 135 166 62 85 49 119 196 117 139 116 1 60 101 167 167 168 50 169 158 170 113 171 197 21 50 169 113 171 196 117 7 172 140 115 51 58 84 123 132 59 218 173 213 152 123 76 49 119 218 173 180 35 42 156 107 0 15 42 33 174 88 175 185 176 5 134 54 101 136 136 202 41 98 125 115 124 211 64 97 177 6 178 119 142 36 144 14 143 118 65 126 179 100 25 57 94 204 121 117 120 143 10 100 25 78 24 124 112 116 114 35 51 162 90 89 89 124 112 60 180 94 79 138 78 115 124 30 39 202 41 189 63 39 36 208 38 137 97 61 151 8 150 62 85 158 170 191 83 102 46 160 181 20 182 151 11 114 111 108 183 160 181 102 46 63 45 214 155 64 184 184 108 107 0 26 185 163 186 95 53 149 74 147 148 213 152 40 104 4 187 22 128 66 91 87 49 134 23 22 128 197 21 136 136 142 135 5 134 67 88 34 18 125 86 150 102 54 101 68 13 207 12 11 188 165 189 15 42 9 190 173 191 113 171 93 82 69 43 201 192 159 118 139 116 132 59 112 147 28 57 117 120 215 67 182 68 53 69 29 193 182 68 116 114 45 22 171 194 111 6 10 195 171 194 193 163 106 5 161 20 73 162 25 196 99 105 74 138 156 137 27 197 27 197 96 161 74 138 161 20 125 86 34 18 43 73 200 95 76 198 107 0 76 198 23 199 183 77 77 54 152 33 210 200 17 72 143 10 157 158 17 72 210 200 24 98 8 150 79 99 120 27 129 165 166 201 192 30 19 127 177 159 177 159 19 127 217 80 77 54 4 187 181 202 181 202 4 187 40 104 188 129 31 203 130 130 45 22 82 204 175 8 27 197 156 137 153 87 21 140 67 88 153 87 84 123 148 205 115 124 148 205 84 123 51 58 24 98 36 144 141 96 85 37 187 141 145 132 64 184 43 73 86 1 163 186 26 185 64 184 2 206 135 166 87 49 87 49 83 48 128 71 54 101 5 134 88 175 186 14 68 13 54 101 5 134 124 112 89 89 185 176 88 175 5 134 8 150 94 79 90 31 176 100 79 99 8 150 0 207 55 208 91 209 145 132 208 38 85 37 48 210 32 211 92 9 135 166 194 47 102 46 93 82 113 171 158 170 20 182 160 181 93 82 94 79 216 126 41 154 179 32 90 31 94 79 209 212 38 17 144 16 147 148 38 17 209 212 96 161 134 23 45 22 45 22 116 114 206 160 215 67 117 120 205 122 97 177 119 142 14 143 55 208 13 146 98 125 112 147 132 59 13 146 99 105 46 103 150 102 46 103 99 105 25 196 32 211 58 213 100 25 100 25 155 66 118 65 169 62 80 61 12 81 167 168 101 167 12 81 102 46 62 85 135 166 20 182 62 85 102 46 103 84 191 83 22 128 103 84 22 128 87 49 150 102 198 106 99 105 207 12 104 56 11 188 12 81 49 119 167 168 180 35 105 34 49 119 25 196 73 162 106 5 212 75 95 53 106 5 53 69 15 42 107 0 23 199 53 69 107 0 93 82 160 181 214 155 108 183 114 111 3 110 109 157 57 94 43 73 195 109 157 158 43 73 110 149 147 148 18 214 49 119 159 118 218 173 111 6 188 129 33 174 89 89 111 6 33 174 201 192 28 57 112 147 144 16 70 15 112 147 82 204 113 171 172 131 173 191 9 190 113 171 114 111 151 11 17 72 17 72 157 158 114 111 115 124 148 205 60 180 138 78 115 124 60 180 171 194 10 195 116 114 168 52 35 51 116 114 182 68 29 193 117 120 178 93 131 92 117 120 6 178 118 65 211 64 118 65 6 178 126 179 56 133 145 132 119 142 97 177 56 133 119 142 120 27 44 215 53 69 79 99 192 30 120 27 121 216 91 209 55 208 98 125 121 216 55 208 122 107 42 156 214 155 107 0 42 156 122 107 123 76 52 217 218 173 152 33 52 217 123 76 142 135 59 139 124 112 203 113 124 112 59 139 125 86 161 20 16 70 83 48 125 86 16 70 190 26 57 94 109 157 204 121 57 94 126 179 189 63 61 151 137 97 94 79 61 151 127 40 128 71 2 206 87 49 166 201 129 165 24 98 199 145 24 98 129 165 172 131 130 130 82 204 130 130 31 203 82 204 53 69 23 199 131 92 200 95 117 120 131 92 132 59 98 125 13 146 98 125 132 59 84 123 120 27 133 29 47 164 215 67 199 145 133 29 134 23 66 91 22 128 66 91 134 23 96 161 92 9 135 166 48 210 2 206 48 210 135 166 136 136 34 18 67 88 34 18 136 136 154 19 137 97 39 36 189 63 39 36 137 97 141 96 138 78 30 39 115 124 30 39 138 78 127 40 139 116 28 57 201 192 28 57 139 116 140 115 140 115 51 58 28 57 51 58 140 115 148 205 141 96 85 37 39 36 85 37 141 96 36 144 142 135 67 88 21 140 67 88 142 135 136 136 143 10 92 9 32 211 100 25 143 10 32 211 144 16 112 147 37 3 106 5 144 16 37 3 91 209 145 132 0 207 145 132 155 66 0 207 146 50 27 197 83 48 96 161 27 197 146 50 65 218 18 214 147 148 147 148 149 74 65 218 148 205 140 115 7 172 7 172 60 180 148 205 149 74 99 105 40 104 40 104 65 218 149 74 165 189 11 188 150 102 198 106 150 102 11 188 151 11 63 45 194 47 108 183 63 45 151 11 167 168 152 33 1 60 152 33 77 54 1 60 27 197 153 87 83 48 125 86 83 48 153 87 54 101 46 103 154 19 46 103 193 163 154 19 155 66 100 25 58 213 58 213 0 207 155 66 156 137 21 140 153 87 59 139 21 140 156 137 43 73 157 158 109 157 210 200 109 157 157 158 62 85 20 182 158 170 93 82 158 170 20 182 18 214 159 118 110 149 70 15 110 149 159 118 3 110 160 181 108 183 63 45 108 183 160 181 75 4 16 70 161 20 161 20 106 5 75 4 111 6 162 90 35 51 35 51 162 90 124 112 107 0 163 186 86 1 86 1 163 186 64 184 76 198 164 2 43 73 107 0 164 2 76 198 207 12 165 189 68 13 68 13 165 189 150 102 120 27 166 201 79 99 79 99 166 201 24 98 152 33 167 168 105 34 105 34 167 168 49 119 111 6 168 52 10 195 10 195 168 52 116 114 101 167 169 62 12 81 1 60 169 62 101 167 15 42 170 44 42 156 42 156 170 44 93 82 72 7 171 194 45 22 111 6 171 194 72 7 9 190 172 131 113 171 15 42 172 131 9 190 15 42 173 191 69 43 69 43 173 191 113 171 192 30 174 153 19 127 19 127 174 153 216 126 188 129 175 8 31 203 31 203 175 8 82 204 192 30 176 100 90 31 90 31 176 100 8 150 1 60 177 159 80 61 80 61 177 159 217 80 29 193 178 93 117 120 53 69 178 93 29 193 41 154 179 32 94 79 192 30 179 32 41 154 52 217 180 35 218 173 152 33 180 35 52 217 77 54 181 202 81 55 81 55 181 202 40 104 120 27 182 68 71 28 71 28 182 68 215 67 77 54 183 77 4 187 4 187 183 77 213 152 107 0 184 108 26 185 26 185 184 108 64 184 89 89 185 176 5 134 33 174 185 176 89 89 33 174 186 14 88 175 88 175 186 14 54 101 187 141 36 144 119 142 36 144 187 141 85 37 172 131 15 42 188 129 127 40 189 63 202 41 61 151 189 63 127 40 126 179 190 26 100 25 57 94 190 26 126 179 191 83 158 170 50 169 50 169 197 21 191 83 192 30 1 60 44 215 44 215 120 27 192 30 193 163 46 103 25 196 193 163 25 196 106 5 151 11 194 47 92 9 135 166 92 9 194 47 3 110 195 109 64 184 43 73 64 184 195 109 49 119 12 81 196 117 7 172 196 117 12 81 45 22 197 21 82 204 113 171 82 204 197 21 11 188 104 56 198 106 104 56 81 55 198 106 129 165 47 164 199 145 47 164 133 29 199 145 131 92 23 199 200 95 23 199 76 198 200 95 70 15 201 192 112 147 159 118 201 192 70 15 98 125 202 41 121 216 91 209 121 216 202 41 206 160 203 113 74 138 59 139 74 138 203 113 205 122 204 121 6 178 126 179 6 178 204 121 14 143 205 122 97 177 6 178 97 177 205 122 45 22 206 160 96 161 74 138 96 161 206 160 186 14 33 174 207 12 207 12 33 174 77 54 145 132 91 209 208 38 202 41 208 38 91 209 144 16 95 53 209 212 147 148 209 212 95 53 143 10 78 24 210 200 109 157 210 200 78 24 155 66 56 133 211 64 97 177 211 64 56 133 212 75 106 5 73 162 149 74 212 75 73 162 40 104 213 152 65 218 18 214 65 218 213 152 64 184 214 155 3 110 160 181 3 110 214 155 199 145 215 67 14 143 205 122 14 143 215 67 217 80 216 126 60 180 94 79 60 180 216 126 60 180 7 172 217 80 12 81 217 80 7 172 159 118 18 214 218 173 213 152 218 173 18 214</p>
        </polylist>
      </mesh>
    </geometry>
    <geometry id="bolt12Mesh_002-mesh" name="bolt12Mesh.002">
      <mesh>
        <source id="bolt12Mesh_002-mesh-positions">
          <float_array id="bolt12Mesh_002-mesh-positions-array" count="243">0.346825 13.46219 -8.934362 0.06759595 15.20265 -7.575859 0.346291 12.98351 -7.16449 0.08370995 13.8593 6.08606 0.06759595 15.13829 8.25906 0.346291 12.91913 8.67043 0.08370995 -13.92381 -9.748867 0.346291 -12.98364 -7.164494 0.06759595 -15.2028 -7.575863 0.08370995 -13.85936 6.086056 0.346291 -12.91911 8.670426 0.06759595 -15.13827 8.259057 0.06759595 1.500397 16.1382 0.346291 -0.718704 16.54957 0.346825 -0.240082 14.7797 0.06759595 1.500397 -15.48393 0.346291 -0.718704 -15.07256 0.346825 -0.240082 -16.84244 -1.025406 -12.51437 9.04715 -1.025406 -12.57882 -6.787746 -1.025406 -1.123596 -14.69581 -1.025406 -1.123596 16.9263 -1.025406 12.51431 9.047154 -1.025146 -0.408813 14.28172 -1.025146 -0.408813 -17.3404 1.821213 -14.48454 -8.657597 1.821213 -14.42008 7.177299 1.821213 14.42001 7.177303 -1.025406 12.57875 -6.787743 0.06731396 14.72018 -9.012825 0.06741297 12.27362 -8.228867 1.82077 0.303741 -14.79588 1.82077 0.303741 16.82624 0.06741297 -12.27368 -8.228871 0.06741297 -12.20923 7.606026 0.06741297 12.20924 7.60603 -1.025223 1.118698 14.69416 -1.025223 1.118698 -16.92795 -1.025146 13.229 6.402584 -1.025146 -13.29352 -9.432343 -1.025146 -13.22914 6.40258 -1.248421 -1.038589 16.87441 -1.821472 0.08308398 16.04072 -1.248344 -0.361938 14.3722 -1.248421 -1.038589 -14.74769 -1.821472 0.08308398 -15.58137 -1.248344 -0.361938 -17.24992 -1.248421 12.5993 8.995278 -1.248344 13.27588 6.493069 -1.821472 13.7209 8.161587 -1.248421 12.66368 -6.839622 -1.821472 13.78535 -7.673294 -1.248344 13.34033 -9.341855 -1.248421 -12.59929 8.995274 -1.248344 -13.27594 6.493065 -1.821472 -13.72096 8.161583 -1.248421 -12.66382 -6.839626 -1.248344 -13.34039 -9.341858 -1.821472 -13.78542 -7.673298 -1.025223 14.82106 -9.019898 -1.025223 14.75653 6.815006 0.06731396 1.017838 14.70123 0.06731396 1.017838 -16.9209 -1.025223 -14.82104 -9.019902 -1.025223 -14.75667 6.815002 -1.025146 13.2934 -9.432339 1.82077 14.00609 -6.887806 0.06741297 -1.428574 15.48516 0.06741297 -1.428574 -16.13694 1.821297 -0.989929 -16.09467 1.821297 -0.989929 15.52745 1.82077 13.94156 8.947079 1.82077 -13.94162 8.947075 1.82077 -14.00607 -6.88781 1.821297 -12.71248 -8.186589 1.821297 -12.64802 7.648308 1.821297 12.64796 7.648312 0.346542 14.22525 -6.063526 1.821297 12.71234 -8.186585 0.346542 14.16072 9.771374 0.346542 0.522903 -13.9716</float_array>
          <technique_common>
            <accessor source="#bolt12Mesh_002-mesh-positions-array" count="81" stride="3">
              <param name="X" type="float"/>
              <param name="Y" type="float"/>
              <param name="Z" type="float"/>
            </accessor>
          </technique_common>
        </source>
        <source id="bolt12Mesh_002-mesh-normals">
          <float_array id="bolt12Mesh_002-mesh-normals-array" count="357">-1 -2.23304e-5 -1.04323e-4 0.3377622 -0.6667737 0.6643264 0.5678535 -0.2114202 -0.7955149 -1 -2.24425e-5 -1.04325e-4 -1 2.24147e-5 -1.04324e-4 0.5678626 0.2114166 -0.7955093 -1 2.24148e-5 -1.04326e-4 0.5678541 0.2114183 -0.795515 0.4718065 0.04992467 -0.8802875 -0.7987691 0.01119345 0.6015337 0.4718245 0.04993516 -0.8802773 -0.7572581 0.4759168 0.4472845 -0.01353085 -0.7054359 0.7086446 -0.5230533 0.8227642 -0.2224283 -0.0135653 -0.7054486 0.7086313 -0.5230321 0.8227832 -0.2224076 -0.7736017 0.4470876 0.4490579 0.04574835 -0.9727407 -0.227338 0.3911015 -0.6133717 0.6861596 -0.5931331 -0.5438147 0.5936825 -0.01360273 0.7054356 0.7086435 0.04574805 -0.972734 -0.227367 0.05002117 -0.3491717 0.9357227 -0.5094349 -0.3401421 0.7904299 -0.7735934 0.4471032 0.4490568 -0.5931429 -0.5437932 0.5936923 -0.6319239 -0.389665 -0.6699504 0.01883 -0.9841662 -0.1762453 0.3393203 0.01672792 -0.9405223 -0.5180646 -0.3218867 -0.7924633 -0.5180869 -0.3218817 -0.7924508 0.3393052 0.01673215 -0.9405276 -0.2764756 -0.1414829 0.9505493 -0.3072324 -0.8460414 0.4356859 0.163245 -0.111241 -0.9802942 0.7311182 -0.5159882 -0.4463434 -0.2764639 -0.1414856 0.9505523 -0.3072363 -0.8460214 0.4357219 -0.2764571 0.1414864 0.9505541 0.7311182 0.5159882 -0.4463434 0.163245 0.111241 -0.9802942 -0.125526 0.9425289 0.3096492 -0.7736029 0.4470868 0.4490568 0.3640866 -0.8160596 0.4488739 -0.7572296 0.4759665 0.4472801 0.7527946 0.4665122 -0.4643994 0.04571789 -0.9727421 -0.2273383 0.8157731 -0.5252321 -0.2421683 0.3910756 -0.613379 0.6861678 0.3393186 0.01673007 -0.9405228 -0.2764776 0.1414867 0.9505482 -0.2764738 0.1414875 0.9505491 -0.5094559 0.3400747 0.7904455 0.05005073 0.3491344 0.9357351 0.01883012 0.9841715 -0.1762157 0.3377313 0.6668205 0.6642951 0.3377721 0.6668047 0.6642903 0.05005162 0.3491712 0.9357213 0.01879948 0.9841668 -0.1762454 0.3641104 -0.8160579 0.4488579 0.3377425 -0.6668145 0.6642955 0.03030157 0.2605531 -0.9649839 -1 -2.23324e-5 -1.04326e-4 0.03028708 0.2605577 -0.9649831 -1 -2.23323e-5 -1.04325e-4 -0.3901562 0.2399837 -0.8889241 0.173285 -0.6681956 -0.7235241 -0.3901604 -0.2399936 -0.8889196 0.1732758 0.6681863 -0.7235349 0.1732262 0.6681852 -0.7235476 -0.3901413 -0.2399856 -0.8889301 -0.8336918 -0.5330781 -0.1441724 0.8336722 0.5331087 0.1441735 -0.8336918 0.5330781 -0.1441724 0.8336744 -0.5331056 0.1441712 0.08923232 0.9442057 -0.3170384 0.03030163 0.2605314 -0.9649898 0.3438136 0.8103781 -0.4744256 -0.7572854 0.4758716 0.4472863 -0.1730148 0.861137 0.4780262 0.7296288 0.2599342 0.6325158 0.3798729 0.5867628 -0.7151267 0.08921766 0.9441889 -0.3170926 -0.01352006 0.9461924 0.3233223 0.08921319 0.9441894 -0.3170924 0.3438071 -0.810381 -0.4744255 -0.79877 -0.01119297 0.6015325 -0.7987722 -0.01119226 0.6015295 0.3438864 -0.8103688 -0.4743884 0.3710157 -0.2115556 -0.9042078 -0.518072 -0.3219219 -0.7924442 -0.5931528 -0.5437717 0.5937021 -0.2764899 0.1414816 0.9505453 0.7296229 0.2599627 0.6325107 0.3798744 0.5867956 -0.715099 0.3453088 -0.5377382 -0.7691551 0.3709894 -0.2115579 -0.904218 0.3453003 -0.5377502 -0.7691505 0.3377249 -0.6668043 0.6643148 0.752789 0.4665319 -0.4643886 0.337728 -0.6668044 0.664313 0.7527882 0.4665331 -0.4643886 0.6086975 0.1564088 0.7778326 1 1.227e-4 2.83497e-4 0.6086975 -0.1564088 0.7778326 1 -1.22617e-4 2.83498e-4 1 -1.22698e-4 2.83496e-4 0.6086812 -0.156382 0.7778508 0.7142813 0.6887363 -0.1242759 0.7142963 0.6887214 -0.1242732 0.1842483 0.6668878 -0.7220202 0.7142663 -0.6887524 -0.1242733 0.3724094 -0.6157382 0.6943901 0.3585459 0.3590648 0.8616944 0.4718233 0.04992878 -0.8802783 0.3724238 -0.6157715 0.694353 0.3585405 0.3590288 0.8617118 0.3724638 -0.6157606 0.6943413 0.3585366 0.3590553 0.8617023</float_array>
          <technique_common>
            <accessor source="#bolt12Mesh_002-mesh-normals-array" count="119" stride="3">
              <param name="X" type="float"/>
              <param name="Y" type="float"/>
              <param name="Z" type="float"/>
            </accessor>
          </technique_common>
        </source>
        <vertices id="bolt12Mesh_002-mesh-vertices">
          <input semantic="POSITION" source="#bolt12Mesh_002-mesh-positions"/>
        </vertices>
        <polylist material="mattemetal_001-material" count="108">
          <input semantic="VERTEX" source="#bolt12Mesh_002-mesh-vertices" offset="0"/>
          <input semantic="NORMAL" source="#bolt12Mesh_002-mesh-normals" offset="1"/>
          <vcount>3 3 3 3 3 3 3 3 3 3 3 3 3 3 3 3 3 3 3 3 3 3 3 3 3 3 3 3 3 3 3 3 3 3 3 3 3 3 3 3 3 3 3 3 3 3 3 3 3 3 3 3 3 3 3 3 3 3 3 3 3 3 3 3 3 3 3 3 3 3 3 3 3 3 3 3 3 3 3 3 3 3 3 3 3 3 3 3 3 3 3 3 3 3 3 3 3 3 3 3 3 3 3 3 3 3 3 3 </vcount>
          <p>59 0 65 0 28 0 66 1 2 1 78 1 3 2 27 2 76 2 60 3 38 3 22 3 19 4 39 4 63 4 74 5 25 5 6 5 18 6 40 6 64 6 75 7 26 7 9 7 61 8 70 8 14 8 13 9 12 9 36 9 62 10 69 10 17 10 80 11 15 11 37 11 10 12 18 12 64 12 34 13 40 13 18 13 7 14 19 14 63 14 33 15 39 15 19 15 37 16 20 16 80 16 68 17 16 18 20 19 36 20 21 20 13 20 67 21 13 22 21 23 60 24 22 24 79 24 22 25 38 26 35 27 61 28 14 28 23 28 21 23 23 29 67 21 20 19 24 30 68 17 62 31 17 31 24 31 7 32 8 32 73 32 8 33 6 34 25 35 10 36 11 36 72 36 11 37 9 34 26 35 71 38 4 38 5 38 27 39 3 40 4 41 59 42 28 42 77 42 30 43 2 43 28 43 77 44 1 44 59 44 29 45 66 45 78 45 30 46 78 47 2 48 29 49 0 49 65 49 31 50 15 50 16 50 69 47 16 18 68 17 32 51 12 51 13 51 70 47 13 22 67 21 19 52 7 53 33 54 73 55 74 55 7 55 72 56 75 56 10 56 18 52 10 57 34 58 35 59 5 59 22 59 5 60 76 60 71 60 23 61 36 61 61 61 36 62 23 62 21 62 24 63 37 63 62 63 37 64 24 64 20 64 38 65 60 65 3 65 3 66 35 66 38 66 6 67 63 67 39 67 39 68 33 68 6 68 40 69 34 69 9 69 9 70 64 70 40 70 42 71 43 71 41 71 45 71 46 71 44 71 48 72 49 72 47 72 51 71 52 71 50 71 53 73 54 73 55 73 57 74 56 74 58 74 1 75 29 75 59 75 65 76 59 76 29 76 4 77 3 77 60 77 79 78 4 78 60 78 12 79 32 80 61 81 12 82 61 82 36 82 15 83 31 80 62 81 15 84 62 84 37 84 63 85 6 85 8 85 63 86 8 86 7 86 64 87 11 87 10 87 64 88 9 88 11 88 0 89 30 46 65 90 28 91 65 90 30 46 66 92 1 92 2 92 1 83 66 93 29 94 14 95 67 95 23 95 70 47 67 21 14 96 17 97 68 97 24 97 69 47 68 17 17 96 16 98 69 98 31 98 62 99 31 99 69 99 13 100 70 100 32 100 61 101 32 101 70 101 4 41 71 102 27 39 27 103 71 103 76 103 26 35 72 104 11 37 72 105 26 105 75 105 73 106 25 106 74 106 25 35 73 107 8 33 33 54 7 53 74 108 6 34 33 54 74 108 34 58 10 57 75 109 9 110 34 110 75 110 76 111 5 18 35 27 76 111 35 27 3 40 2 112 77 112 28 112 2 48 1 83 77 113 29 114 78 114 0 114 78 47 30 46 0 89 5 115 79 115 22 115 5 18 4 41 79 116 16 117 80 117 20 117 16 18 15 83 80 118</p>
        </polylist>
      </mesh>
    </geometry>
    <geometry id="Plane-mesh" name="Plane">
      <mesh>
        <source id="Plane-mesh-positions">
          <float_array id="Plane-mesh-positions-array" count="12">-1 -1 0 1 -1 0 -1 1 0 1 1 0</float_array>
          <technique_common>
            <accessor source="#Plane-mesh-positions-array" count="4" stride="3">
              <param name="X" type="float"/>
              <param name="Y" type="float"/>
              <param name="Z" type="float"/>
            </accessor>
          </technique_common>
        </source>
        <source id="Plane-mesh-normals">
          <float_array id="Plane-mesh-normals-array" count="3">0 0 1</float_array>
          <technique_common>
            <accessor source="#Plane-mesh-normals-array" count="1" stride="3">
              <param name="X" type="float"/>
              <param name="Y" type="float"/>
              <param name="Z" type="float"/>
            </accessor>
          </technique_common>
        </source>
        <source id="Plane-mesh-map-0">
          <float_array id="Plane-mesh-map-0-array" count="12">1.000805 0.01057022 0.8050244 0.998192 0.8050245 0.01057022 1.000805 0.01057022 1.000805 0.998192 0.8050244 0.998192</float_array>
          <technique_common>
            <accessor source="#Plane-mesh-map-0-array" count="6" stride="2">
              <param name="S" type="float"/>
              <param name="T" type="float"/>
            </accessor>
          </technique_common>
        </source>
        <vertices id="Plane-mesh-vertices">
          <input semantic="POSITION" source="#Plane-mesh-positions"/>
        </vertices>
        <polylist material="Material-material" count="2">
          <input semantic="VERTEX" source="#Plane-mesh-vertices" offset="0"/>
          <input semantic="NORMAL" source="#Plane-mesh-normals" offset="1"/>
          <input semantic="TEXCOORD" source="#Plane-mesh-map-0" offset="2" set="0"/>
          <vcount>3 3 </vcount>
          <p>1 0 0 2 0 1 0 0 2 1 0 3 3 0 4 2 0 5</p>
        </polylist>
      </mesh>
    </geometry>
    <geometry id="Plane_002-mesh" name="Plane.002">
      <mesh>
        <source id="Plane_002-mesh-positions">
          <float_array id="Plane_002-mesh-positions-array" count="12">2 -0.07692372 3.5 0 -0.07692277 3.5 2 -2.076924 3.5 0 -2.076923 3.5</float_array>
          <technique_common>
            <accessor source="#Plane_002-mesh-positions-array" count="4" stride="3">
              <param name="X" type="float"/>
              <param name="Y" type="float"/>
              <param name="Z" type="float"/>
            </accessor>
          </technique_common>
        </source>
        <source id="Plane_002-mesh-normals">
          <float_array id="Plane_002-mesh-normals-array" count="6">2.38419e-7 0 1 -2.38419e-7 0 1</float_array>
          <technique_common>
            <accessor source="#Plane_002-mesh-normals-array" count="2" stride="3">
              <param name="X" type="float"/>
              <param name="Y" type="float"/>
              <param name="Z" type="float"/>
            </accessor>
          </technique_common>
        </source>
        <source id="Plane_002-mesh-map-0">
          <float_array id="Plane_002-mesh-map-0-array" count="12">9.00434e-5 0.7448873 0.8029611 0.99991 8.99902e-5 0.99991 9.00434e-5 0.7448873 0.8029612 0.7448873 0.8029611 0.99991</float_array>
          <technique_common>
            <accessor source="#Plane_002-mesh-map-0-array" count="6" stride="2">
              <param name="S" type="float"/>
              <param name="T" type="float"/>
            </accessor>
          </technique_common>
        </source>
        <vertices id="Plane_002-mesh-vertices">
          <input semantic="POSITION" source="#Plane_002-mesh-positions"/>
        </vertices>
        <polylist material="Material_002-material" count="2">
          <input semantic="VERTEX" source="#Plane_002-mesh-vertices" offset="0"/>
          <input semantic="NORMAL" source="#Plane_002-mesh-normals" offset="1"/>
          <input semantic="TEXCOORD" source="#Plane_002-mesh-map-0" offset="2" set="0"/>
          <vcount>3 3 </vcount>
          <p>0 0 0 3 0 1 2 0 2 0 1 3 1 1 4 3 1 5</p>
        </polylist>
      </mesh>
    </geometry>
    <geometry id="Plane_003-mesh" name="Plane.003">
      <mesh>
        <source id="Plane_003-mesh-positions">
          <float_array id="Plane_003-mesh-positions-array" count="12">2 -0.07692372 3.5 0 -0.07692277 3.5 2 -2.076924 3.5 0 -2.076923 3.5</float_array>
          <technique_common>
            <accessor source="#Plane_003-mesh-positions-array" count="4" stride="3">
              <param name="X" type="float"/>
              <param name="Y" type="float"/>
              <param name="Z" type="float"/>
            </accessor>
          </technique_common>
        </source>
        <source id="Plane_003-mesh-normals">
          <float_array id="Plane_003-mesh-normals-array" count="6">2.38419e-7 0 1 -2.38419e-7 0 1</float_array>
          <technique_common>
            <accessor source="#Plane_003-mesh-normals-array" count="2" stride="3">
              <param name="X" type="float"/>
              <param name="Y" type="float"/>
              <param name="Z" type="float"/>
            </accessor>
          </technique_common>
        </source>
        <source id="Plane_003-mesh-map-0">
          <float_array id="Plane_003-mesh-map-0-array" count="12">9.00434e-5 0.7448873 0.8029611 0.99991 8.99902e-5 0.99991 9.00434e-5 0.7448873 0.8029612 0.7448873 0.8029611 0.99991</float_array>
          <technique_common>
            <accessor source="#Plane_003-mesh-map-0-array" count="6" stride="2">
              <param name="S" type="float"/>
              <param name="T" type="float"/>
            </accessor>
          </technique_common>
        </source>
        <vertices id="Plane_003-mesh-vertices">
          <input semantic="POSITION" source="#Plane_003-mesh-positions"/>
        </vertices>
        <polylist material="Material_002-material" count="2">
          <input semantic="VERTEX" source="#Plane_003-mesh-vertices" offset="0"/>
          <input semantic="NORMAL" source="#Plane_003-mesh-normals" offset="1"/>
          <input semantic="TEXCOORD" source="#Plane_003-mesh-map-0" offset="2" set="0"/>
          <vcount>3 3 </vcount>
          <p>0 0 0 3 0 1 2 0 2 0 1 3 1 1 4 3 1 5</p>
        </polylist>
      </mesh>
    </geometry>
    <geometry id="Plane_004-mesh" name="Plane.004">
      <mesh>
        <source id="Plane_004-mesh-positions">
          <float_array id="Plane_004-mesh-positions-array" count="0"/>
          <technique_common>
            <accessor source="#Plane_004-mesh-positions-array" count="0" stride="3">
              <param name="X" type="float"/>
              <param name="Y" type="float"/>
              <param name="Z" type="float"/>
            </accessor>
          </technique_common>
        </source>
        <source id="Plane_004-mesh-normals">
          <float_array id="Plane_004-mesh-normals-array" count="0"/>
          <technique_common>
            <accessor source="#Plane_004-mesh-normals-array" count="0" stride="3">
              <param name="X" type="float"/>
              <param name="Y" type="float"/>
              <param name="Z" type="float"/>
            </accessor>
          </technique_common>
        </source>
        <vertices id="Plane_004-mesh-vertices">
          <input semantic="POSITION" source="#Plane_004-mesh-positions"/>
        </vertices>
      </mesh>
    </geometry>
    <geometry id="Plane_013-mesh" name="Plane.013">
      <mesh>
        <source id="Plane_013-mesh-positions">
          <float_array id="Plane_013-mesh-positions-array" count="12">-1 0 -1 1 0 -1 -1 0 1 1 0 1</float_array>
          <technique_common>
            <accessor source="#Plane_013-mesh-positions-array" count="4" stride="3">
              <param name="X" type="float"/>
              <param name="Y" type="float"/>
              <param name="Z" type="float"/>
            </accessor>
          </technique_common>
        </source>
        <source id="Plane_013-mesh-normals">
          <float_array id="Plane_013-mesh-normals-array" count="3">0 -1 0</float_array>
          <technique_common>
            <accessor source="#Plane_013-mesh-normals-array" count="1" stride="3">
              <param name="X" type="float"/>
              <param name="Y" type="float"/>
              <param name="Z" type="float"/>
            </accessor>
          </technique_common>
        </source>
        <source id="Plane_013-mesh-map-0">
          <float_array id="Plane_013-mesh-map-0-array" count="12">0.2214763 0.1634795 0.002906978 0.4891743 0.002907037 0.1634795 0.2214763 0.1634795 0.2214763 0.4891743 0.002906978 0.4891743</float_array>
          <technique_common>
            <accessor source="#Plane_013-mesh-map-0-array" count="6" stride="2">
              <param name="S" type="float"/>
              <param name="T" type="float"/>
            </accessor>
          </technique_common>
        </source>
        <vertices id="Plane_013-mesh-vertices">
          <input semantic="POSITION" source="#Plane_013-mesh-positions"/>
        </vertices>
        <polylist material="Material_004-material" count="2">
          <input semantic="VERTEX" source="#Plane_013-mesh-vertices" offset="0"/>
          <input semantic="NORMAL" source="#Plane_013-mesh-normals" offset="1"/>
          <input semantic="TEXCOORD" source="#Plane_013-mesh-map-0" offset="2" set="0"/>
          <vcount>3 3 </vcount>
          <p>1 0 0 2 0 1 0 0 2 1 0 3 3 0 4 2 0 5</p>
        </polylist>
      </mesh>
    </geometry>
    <geometry id="Plane_014-mesh" name="Plane.014">
      <mesh>
        <source id="Plane_014-mesh-positions">
          <float_array id="Plane_014-mesh-positions-array" count="12">-1 0 -1 1 0 -1 -1 0 1 1 0 1</float_array>
          <technique_common>
            <accessor source="#Plane_014-mesh-positions-array" count="4" stride="3">
              <param name="X" type="float"/>
              <param name="Y" type="float"/>
              <param name="Z" type="float"/>
            </accessor>
          </technique_common>
        </source>
        <source id="Plane_014-mesh-normals">
          <float_array id="Plane_014-mesh-normals-array" count="3">0 -1 0</float_array>
          <technique_common>
            <accessor source="#Plane_014-mesh-normals-array" count="1" stride="3">
              <param name="X" type="float"/>
              <param name="Y" type="float"/>
              <param name="Z" type="float"/>
            </accessor>
          </technique_common>
        </source>
        <source id="Plane_014-mesh-map-0">
          <float_array id="Plane_014-mesh-map-0-array" count="12">0.2214763 0.1634795 0.002906978 0.4891743 0.002907037 0.1634795 0.2214763 0.1634795 0.2214763 0.4891743 0.002906978 0.4891743</float_array>
          <technique_common>
            <accessor source="#Plane_014-mesh-map-0-array" count="6" stride="2">
              <param name="S" type="float"/>
              <param name="T" type="float"/>
            </accessor>
          </technique_common>
        </source>
        <vertices id="Plane_014-mesh-vertices">
          <input semantic="POSITION" source="#Plane_014-mesh-positions"/>
        </vertices>
        <polylist material="Material_004-material" count="2">
          <input semantic="VERTEX" source="#Plane_014-mesh-vertices" offset="0"/>
          <input semantic="NORMAL" source="#Plane_014-mesh-normals" offset="1"/>
          <input semantic="TEXCOORD" source="#Plane_014-mesh-map-0" offset="2" set="0"/>
          <vcount>3 3 </vcount>
          <p>1 0 0 2 0 1 0 0 2 1 0 3 3 0 4 2 0 5</p>
        </polylist>
      </mesh>
    </geometry>
    <geometry id="Plane_015-mesh" name="Plane.015">
      <mesh>
        <source id="Plane_015-mesh-positions">
          <float_array id="Plane_015-mesh-positions-array" count="12">-1 0 -1 1 0 -1 -1 0 1 1 0 1</float_array>
          <technique_common>
            <accessor source="#Plane_015-mesh-positions-array" count="4" stride="3">
              <param name="X" type="float"/>
              <param name="Y" type="float"/>
              <param name="Z" type="float"/>
            </accessor>
          </technique_common>
        </source>
        <source id="Plane_015-mesh-normals">
          <float_array id="Plane_015-mesh-normals-array" count="3">0 -1 0</float_array>
          <technique_common>
            <accessor source="#Plane_015-mesh-normals-array" count="1" stride="3">
              <param name="X" type="float"/>
              <param name="Y" type="float"/>
              <param name="Z" type="float"/>
            </accessor>
          </technique_common>
        </source>
        <source id="Plane_015-mesh-map-0">
          <float_array id="Plane_015-mesh-map-0-array" count="12">0.2214763 0.1634795 0.002906978 0.4891743 0.002907037 0.1634795 0.2214763 0.1634795 0.2214763 0.4891743 0.002906978 0.4891743</float_array>
          <technique_common>
            <accessor source="#Plane_015-mesh-map-0-array" count="6" stride="2">
              <param name="S" type="float"/>
              <param name="T" type="float"/>
            </accessor>
          </technique_common>
        </source>
        <vertices id="Plane_015-mesh-vertices">
          <input semantic="POSITION" source="#Plane_015-mesh-positions"/>
        </vertices>
        <polylist material="Material_004-material" count="2">
          <input semantic="VERTEX" source="#Plane_015-mesh-vertices" offset="0"/>
          <input semantic="NORMAL" source="#Plane_015-mesh-normals" offset="1"/>
          <input semantic="TEXCOORD" source="#Plane_015-mesh-map-0" offset="2" set="0"/>
          <vcount>3 3 </vcount>
          <p>1 0 0 2 0 1 0 0 2 1 0 3 3 0 4 2 0 5</p>
        </polylist>
      </mesh>
    </geometry>
    <geometry id="Cube_001-mesh" name="Cube.001">
      <mesh>
        <source id="Cube_001-mesh-positions">
          <float_array id="Cube_001-mesh-positions-array" count="24">1 1 -1 1 -1 -1 -1 -0.9999998 -1 -0.9999997 1 -1 1 0.9999995 1 0.9999994 -1.000001 1 -1 -0.9999997 1 -1 1 1</float_array>
          <technique_common>
            <accessor source="#Cube_001-mesh-positions-array" count="8" stride="3">
              <param name="X" type="float"/>
              <param name="Y" type="float"/>
              <param name="Z" type="float"/>
            </accessor>
          </technique_common>
        </source>
        <source id="Cube_001-mesh-normals">
          <float_array id="Cube_001-mesh-normals-array" count="36">0 0 -1 0 0 1 1 0 0 0 -1 -4.76837e-7 -1 1.19209e-7 -1.49012e-7 2.38419e-7 1 2.38419e-7 0 0 -1 0 0 1 1 -2.98023e-7 2.98023e-7 -6.25849e-7 -1 0 -1 0 0 0 1 0</float_array>
          <technique_common>
            <accessor source="#Cube_001-mesh-normals-array" count="12" stride="3">
              <param name="X" type="float"/>
              <param name="Y" type="float"/>
              <param name="Z" type="float"/>
            </accessor>
          </technique_common>
        </source>
        <vertices id="Cube_001-mesh-vertices">
          <input semantic="POSITION" source="#Cube_001-mesh-positions"/>
        </vertices>
        <polylist material="Material_001_001-material" count="12">
          <input semantic="VERTEX" source="#Cube_001-mesh-vertices" offset="0"/>
          <input semantic="NORMAL" source="#Cube_001-mesh-normals" offset="1"/>
          <vcount>3 3 3 3 3 3 3 3 3 3 3 3 </vcount>
          <p>0 0 2 0 3 0 7 1 5 1 4 1 4 2 1 2 0 2 5 3 2 3 1 3 2 4 7 4 3 4 0 5 7 5 4 5 0 6 1 6 2 6 7 7 6 7 5 7 4 8 5 8 1 8 5 9 6 9 2 9 2 10 6 10 7 10 0 11 3 11 7 11</p>
        </polylist>
      </mesh>
    </geometry>
    <geometry id="Cube_002-mesh" name="Cube.002">
      <mesh>
        <source id="Cube_002-mesh-positions">
          <float_array id="Cube_002-mesh-positions-array" count="132">1 1 -1 1 -1 -1 -1 -0.9999998 -1 -0.9999997 1 -1 1 0.9999995 1 0.9999994 -1.000001 1 -1 -0.9999997 1 -1 1 1 0.1999999 -0.5000001 -1 0.4924999 -0.5000002 -1 0.5074999 -0.5000002 0.9999924 0.4999991 -0.5000002 1 0.1999999 -0.5000001 1 0.8 -0.5000002 -1 0.8 -0.3375002 -1 0.8 -0.5000002 0.9999924 0.8 -0.3291669 0.9999924 0.1999999 -0.3375002 -1 0.1999999 -0.3291668 1 0.8 -0.1666668 -1 0.8 -0.1666668 0.9999924 0.2 -0.1666668 -1 0.5075 -0.1666668 -1 0.2 -0.1666668 0.9999924 0.4925001 -0.1666668 0.9999924 0.1999999 -0.2000008 1 -0.8 -0.5000001 1 -0.4925001 -0.5000002 1 -0.8000001 -0.5000001 -1.000002 -0.5075001 -0.5000002 -1.000002 -0.1999999 -0.3291668 1 -0.1999999 -0.3375002 -1.000002 -0.2000001 -0.5000002 -0.9999943 -0.2000001 -0.5000002 1.000004 -0.8 -0.3291668 1 -0.8000001 -0.3375002 -1.000002 -0.1999999 -0.1666668 1 -0.1999999 -0.1666668 -1.000002 -0.1999999 -0.1999998 -1 -0.8 -0.1666668 1 -0.5075 -0.1666668 1 -0.8 -0.1666668 -1.000002 -0.4925 -0.1666668 -1.000002 -0.5000004 -0.5000002 -1</float_array>
          <technique_common>
            <accessor source="#Cube_002-mesh-positions-array" count="44" stride="3">
              <param name="X" type="float"/>
              <param name="Y" type="float"/>
              <param name="Z" type="float"/>
            </accessor>
          </technique_common>
        </source>
        <source id="Cube_002-mesh-normals">
          <float_array id="Cube_002-mesh-normals-array" count="198">-1.04672e-5 0 -1 -4.03479e-5 0 1 1 0 0 0 -1 -4.76837e-7 -1 1.19209e-7 -1.49012e-7 2.38419e-7 1 2.38419e-7 0 0 -1 1.66145e-7 0 1 1 -2.98023e-7 2.98023e-7 -6.25849e-7 -1 0 -1 0 0 0 1 0 3.97366e-7 1 0 -1.52832e-7 -1 0 0 -1 0 0 1 0 -1 6.97813e-7 0 1 4.61458e-7 0 3.87673e-7 1 0 -1.52832e-7 -1 0 -1 -1.78816e-6 0 0 -1 0 0 1 0 -1 4.18685e-7 0 1 0 0 1 -6.9781e-7 0 9.53672e-6 1.52587e-5 1 5.5321e-5 -5.72209e-5 -1 0 1.63487e-6 -1 2.54324e-4 -2.54323e-4 -1 0 -3.8147e-6 -1 2.61999e-7 1.63487e-6 -1 0 1.63487e-6 -1 -7.33596e-6 0 -1 -9.83477e-6 0 -1 2.24629e-4 2.28876e-4 1 0 -6.53948e-6 1 0.001017093 0.001017093 0.9999991 0 1.52588e-5 1 2.49216e-7 -6.53948e-6 1 -3.83796e-5 0 1 -3.7849e-5 0 1 -8.72264e-7 0 -1 4.87673e-6 1.38716e-5 -1 1.90735e-5 -1.90735e-5 -1 4.58497e-6 -4.69501e-5 -1 -4.36664e-7 0 -1 -5.44958e-5 9.80925e-5 -1 0 0 1 1.83399e-6 0 1 4.07553e-7 1 0 -1.45377e-7 -1 0 0 -1 0 0 1 0 1 -3.48905e-7 0 1 -1.78811e-6 0 4.07553e-7 1 0 0 -1 0 -1 0 0 -1 4.33487e-7 0 0 -1 0 -1 5.50197e-7 0 1 -7.33595e-7 0 9.59489e-6 2.23299e-5 1 0 -7.62939e-6 1 -1.30417e-5 1.32373e-5 1</float_array>
          <technique_common>
            <accessor source="#Cube_002-mesh-normals-array" count="66" stride="3">
              <param name="X" type="float"/>
              <param name="Y" type="float"/>
              <param name="Z" type="float"/>
            </accessor>
          </technique_common>
        </source>
        <vertices id="Cube_002-mesh-vertices">
          <input semantic="POSITION" source="#Cube_002-mesh-positions"/>
        </vertices>
        <polylist material="Material_001_001-material" count="92">
          <input semantic="VERTEX" source="#Cube_002-mesh-vertices" offset="0"/>
          <input semantic="NORMAL" source="#Cube_002-mesh-normals" offset="1"/>
          <vcount>3 3 3 3 3 3 3 3 3 3 3 3 3 3 3 3 3 3 3 3 3 3 3 3 3 3 3 3 3 3 3 3 3 3 3 3 3 3 3 3 3 3 3 3 3 3 3 3 3 3 3 3 3 3 3 3 3 3 3 3 3 3 3 3 3 3 3 3 3 3 3 3 3 3 3 3 3 3 3 3 3 3 3 3 3 3 3 3 3 3 3 3 </vcount>
          <p>35 0 2 0 41 0 16 1 5 1 20 1 4 2 1 2 0 2 5 3 2 3 1 3 2 4 7 4 3 4 0 5 7 5 4 5 21 6 17 6 38 6 7 7 40 7 36 7 4 8 5 8 1 8 5 9 6 9 2 9 2 10 6 10 7 10 0 11 3 11 7 11 9 6 13 6 1 6 9 12 12 12 11 12 20 13 22 13 19 13 19 10 16 10 20 10 24 14 21 14 22 14 13 15 10 15 15 15 14 16 15 16 16 16 17 2 12 2 8 2 25 17 18 17 17 17 29 18 26 18 27 18 36 19 42 19 37 19 37 20 38 20 36 20 40 21 41 21 42 21 32 22 43 22 27 22 31 23 33 23 30 23 35 24 26 24 28 24 41 25 34 25 35 25 33 26 5 26 12 26 0 27 38 27 37 27 0 28 37 28 3 28 29 29 43 29 2 29 28 30 29 30 2 30 3 31 37 31 42 31 3 32 42 32 41 32 28 33 2 33 35 33 3 34 41 34 2 34 7 35 25 35 23 35 7 36 23 36 4 36 10 37 11 37 5 37 15 38 10 38 5 38 4 36 23 36 24 36 4 39 24 39 20 39 15 40 5 40 16 40 4 41 20 41 5 41 0 6 1 6 19 6 1 42 14 42 19 42 31 43 38 43 17 43 2 44 43 44 32 44 32 45 31 45 17 45 0 46 19 46 22 46 0 6 22 6 21 6 17 47 2 47 32 47 38 6 0 6 21 6 7 48 6 48 39 48 6 49 34 49 39 49 18 48 25 48 30 48 36 48 30 48 25 48 7 48 39 48 40 48 36 48 25 48 7 48 2 6 17 6 8 6 2 6 8 6 1 6 13 6 14 6 1 6 8 6 9 6 1 6 11 15 10 15 9 15 9 50 8 50 12 50 20 51 24 51 22 51 19 10 14 10 16 10 24 52 23 52 21 52 13 53 9 53 10 53 14 10 13 10 15 10 17 2 18 2 12 2 17 54 21 54 25 54 23 55 25 55 21 55 29 56 28 56 26 56 36 57 40 57 42 57 30 58 36 58 38 58 38 59 31 59 30 59 40 60 39 60 41 60 27 15 33 15 32 15 43 15 29 15 27 15 31 61 32 61 33 61 35 24 34 24 26 24 41 62 39 62 34 62 12 48 18 48 30 48 12 63 30 63 33 63 5 48 11 48 12 48 26 48 34 48 6 48 27 48 26 48 6 48 6 64 5 64 33 64 33 65 27 65 6 65</p>
        </polylist>
      </mesh>
    </geometry>
    <geometry id="Cube_005-mesh" name="Cube.005">
      <mesh>
        <source id="Cube_005-mesh-positions">
          <float_array id="Cube_005-mesh-positions-array" count="132">1 1 -1 1 -1 -1 -1 -0.9999998 -1 -0.9999997 1 -1 1 0.9999995 1 0.9999994 -1.000001 1 -1 -0.9999997 1 -1 1 1 0.1999999 -0.5000001 -1 0.4924999 -0.5000002 -1 0.5074999 -0.5000002 0.9999924 0.4999991 -0.5000002 1 0.1999999 -0.5000001 1 0.8 -0.5000002 -1 0.8 -0.3375002 -1 0.8 -0.5000002 0.9999924 0.8 -0.3291669 0.9999924 0.1999999 -0.3375002 -1 0.1999999 -0.3291668 1 0.8 -0.1666668 -1 0.8 -0.1666668 0.9999924 0.2 -0.1666668 -1 0.5075 -0.1666668 -1 0.2 -0.1666668 0.9999924 0.4925001 -0.1666668 0.9999924 0.1999999 -0.2000008 1 -0.8 -0.5000001 1 -0.4925001 -0.5000002 1 -0.8000001 -0.5000001 -1.000002 -0.5075001 -0.5000002 -1.000002 -0.1999999 -0.3291668 1 -0.1999999 -0.3375002 -1.000002 -0.2000001 -0.5000002 -0.9999943 -0.2000001 -0.5000002 1.000004 -0.8 -0.3291668 1 -0.8000001 -0.3375002 -1.000002 -0.1999999 -0.1666668 1 -0.1999999 -0.1666668 -1.000002 -0.1999999 -0.1999998 -1 -0.8 -0.1666668 1 -0.5075 -0.1666668 1 -0.8 -0.1666668 -1.000002 -0.4925 -0.1666668 -1.000002 -0.5000004 -0.5000002 -1</float_array>
          <technique_common>
            <accessor source="#Cube_005-mesh-positions-array" count="44" stride="3">
              <param name="X" type="float"/>
              <param name="Y" type="float"/>
              <param name="Z" type="float"/>
            </accessor>
          </technique_common>
        </source>
        <source id="Cube_005-mesh-normals">
          <float_array id="Cube_005-mesh-normals-array" count="198">-1.04672e-5 0 -1 -4.03479e-5 0 1 1 0 0 0 -1 -4.76837e-7 -1 1.19209e-7 -1.49012e-7 2.38419e-7 1 2.38419e-7 0 0 -1 1.66145e-7 0 1 1 -2.98023e-7 2.98023e-7 -6.25849e-7 -1 0 -1 0 0 0 1 0 3.97366e-7 1 0 -1.52832e-7 -1 0 0 -1 0 0 1 0 -1 6.97813e-7 0 1 4.61458e-7 0 3.87673e-7 1 0 -1.52832e-7 -1 0 -1 -1.78816e-6 0 0 -1 0 0 1 0 -1 4.18685e-7 0 1 0 0 1 -6.9781e-7 0 9.53672e-6 1.52587e-5 1 5.5321e-5 -5.72209e-5 -1 0 1.63487e-6 -1 2.54324e-4 -2.54323e-4 -1 0 -3.8147e-6 -1 2.61999e-7 1.63487e-6 -1 0 1.63487e-6 -1 -7.33596e-6 0 -1 -9.83477e-6 0 -1 2.24629e-4 2.28876e-4 1 0 -6.53948e-6 1 0.001017093 0.001017093 0.9999991 0 1.52588e-5 1 2.49216e-7 -6.53948e-6 1 -3.83796e-5 0 1 -3.7849e-5 0 1 -8.72264e-7 0 -1 4.87673e-6 1.38716e-5 -1 1.90735e-5 -1.90735e-5 -1 4.58497e-6 -4.69501e-5 -1 -4.36664e-7 0 -1 -5.44958e-5 9.80925e-5 -1 0 0 1 1.83399e-6 0 1 4.07553e-7 1 0 -1.45377e-7 -1 0 0 -1 0 0 1 0 1 -3.48905e-7 0 1 -1.78811e-6 0 4.07553e-7 1 0 0 -1 0 -1 0 0 -1 4.33487e-7 0 0 -1 0 -1 5.50197e-7 0 1 -7.33595e-7 0 9.59489e-6 2.23299e-5 1 0 -7.62939e-6 1 -1.30417e-5 1.32373e-5 1</float_array>
          <technique_common>
            <accessor source="#Cube_005-mesh-normals-array" count="66" stride="3">
              <param name="X" type="float"/>
              <param name="Y" type="float"/>
              <param name="Z" type="float"/>
            </accessor>
          </technique_common>
        </source>
        <vertices id="Cube_005-mesh-vertices">
          <input semantic="POSITION" source="#Cube_005-mesh-positions"/>
        </vertices>
        <polylist material="Material_001_001-material" count="92">
          <input semantic="VERTEX" source="#Cube_005-mesh-vertices" offset="0"/>
          <input semantic="NORMAL" source="#Cube_005-mesh-normals" offset="1"/>
          <vcount>3 3 3 3 3 3 3 3 3 3 3 3 3 3 3 3 3 3 3 3 3 3 3 3 3 3 3 3 3 3 3 3 3 3 3 3 3 3 3 3 3 3 3 3 3 3 3 3 3 3 3 3 3 3 3 3 3 3 3 3 3 3 3 3 3 3 3 3 3 3 3 3 3 3 3 3 3 3 3 3 3 3 3 3 3 3 3 3 3 3 3 3 </vcount>
          <p>35 0 2 0 41 0 16 1 5 1 20 1 4 2 1 2 0 2 5 3 2 3 1 3 2 4 7 4 3 4 0 5 7 5 4 5 21 6 17 6 38 6 7 7 40 7 36 7 4 8 5 8 1 8 5 9 6 9 2 9 2 10 6 10 7 10 0 11 3 11 7 11 9 6 13 6 1 6 9 12 12 12 11 12 20 13 22 13 19 13 19 10 16 10 20 10 24 14 21 14 22 14 13 15 10 15 15 15 14 16 15 16 16 16 17 2 12 2 8 2 25 17 18 17 17 17 29 18 26 18 27 18 36 19 42 19 37 19 37 20 38 20 36 20 40 21 41 21 42 21 32 22 43 22 27 22 31 23 33 23 30 23 35 24 26 24 28 24 41 25 34 25 35 25 33 26 5 26 12 26 0 27 38 27 37 27 0 28 37 28 3 28 29 29 43 29 2 29 28 30 29 30 2 30 3 31 37 31 42 31 3 32 42 32 41 32 28 33 2 33 35 33 3 34 41 34 2 34 7 35 25 35 23 35 7 36 23 36 4 36 10 37 11 37 5 37 15 38 10 38 5 38 4 36 23 36 24 36 4 39 24 39 20 39 15 40 5 40 16 40 4 41 20 41 5 41 0 6 1 6 19 6 1 42 14 42 19 42 31 43 38 43 17 43 2 44 43 44 32 44 32 45 31 45 17 45 0 46 19 46 22 46 0 6 22 6 21 6 17 47 2 47 32 47 38 6 0 6 21 6 7 48 6 48 39 48 6 49 34 49 39 49 18 48 25 48 30 48 36 48 30 48 25 48 7 48 39 48 40 48 36 48 25 48 7 48 2 6 17 6 8 6 2 6 8 6 1 6 13 6 14 6 1 6 8 6 9 6 1 6 11 15 10 15 9 15 9 50 8 50 12 50 20 51 24 51 22 51 19 10 14 10 16 10 24 52 23 52 21 52 13 53 9 53 10 53 14 10 13 10 15 10 17 2 18 2 12 2 17 54 21 54 25 54 23 55 25 55 21 55 29 56 28 56 26 56 36 57 40 57 42 57 30 58 36 58 38 58 38 59 31 59 30 59 40 60 39 60 41 60 27 15 33 15 32 15 43 15 29 15 27 15 31 61 32 61 33 61 35 24 34 24 26 24 41 62 39 62 34 62 12 48 18 48 30 48 12 63 30 63 33 63 5 48 11 48 12 48 26 48 34 48 6 48 27 48 26 48 6 48 6 64 5 64 33 64 33 65 27 65 6 65</p>
        </polylist>
      </mesh>
    </geometry>
    <geometry id="Cube_008-mesh" name="Cube.008">
      <mesh>
        <source id="Cube_008-mesh-positions">
          <float_array id="Cube_008-mesh-positions-array" count="132">1 1 -1 1 -1 -1 -1 -0.9999998 -1 -0.9999997 1 -1 1 0.9999995 1 0.9999994 -1.000001 1 -1 -0.9999997 1 -1 1 1 0.1999999 -0.5000006 -0.9999981 0.4924999 -0.5000007 -0.9999981 0.5074999 -0.5000007 0.9999981 0.4999995 -0.5000007 1 0.1999999 -0.5000006 1.000004 0.8 -0.5000007 -0.9999981 0.8000001 -0.3375007 -0.9999981 0.8 -0.5000007 0.9999981 0.8 -0.3291674 0.9999981 0.1999999 -0.3375006 -0.9999981 0.1999999 -0.3291673 1.000004 0.8000001 -0.1666673 -0.9999981 0.8 -0.1666674 0.9999981 0.2 -0.1666673 -0.9999981 0.5075001 -0.1666673 -0.9999981 0.2 -0.1666673 0.9999981 0.4925001 -0.1666673 0.9999981 0.2 -0.200001 1 -0.8 -0.5000006 1.000004 -0.4925001 -0.5000007 1.000004 -0.8 -0.5000006 -1 -0.5075001 -0.5000007 -1 -0.2000001 -0.5000007 0.9999924 -0.1999999 -0.3291674 1.000004 -0.1999999 -0.3375007 -0.9999981 -0.2000001 -0.5000007 -1.000002 -0.8 -0.3291673 1.000004 -0.8 -0.3375006 -1 -0.1999999 -0.1666673 1.000004 -0.1999999 -0.1999998 -1 -0.1999999 -0.1666673 -1 -0.8 -0.1666673 1.000004 -0.5075 -0.1666673 1.000004 -0.8 -0.1666673 -1 -0.4925 -0.1666673 -1 -0.5000008 -0.5000007 -1</float_array>
          <technique_common>
            <accessor source="#Cube_008-mesh-positions-array" count="44" stride="3">
              <param name="X" type="float"/>
              <param name="Y" type="float"/>
              <param name="Z" type="float"/>
            </accessor>
          </technique_common>
        </source>
        <source id="Cube_008-mesh-normals">
          <float_array id="Cube_008-mesh-normals-array" count="231">-5.96047e-7 0 -1 -1.1004e-5 0 1 1 0 0 0 -1 -4.76837e-7 -1 1.19209e-7 -1.49012e-7 2.38419e-7 1 2.38419e-7 4.79745e-6 0 -1 1.66146e-7 3.26974e-6 1 1 -2.98023e-7 2.98023e-7 -6.25849e-7 -1 0 -1 0 0 0 1 0 0 3.8147e-6 -1 3.97365e-7 1 0 0 -1 0 -1 0 0 0 -1 0 0 1 0 -1 6.97812e-7 0 1 -4.61456e-7 0 3.87673e-7 1 0 0 -1 0 -1 4.33485e-7 0 0 -1 0 0 1 0 -1 4.88469e-7 0 1 -6.97809e-7 0 -2.86102e-5 -5.34057e-5 1 0 0 -1 1.74666e-7 0 -1 5.383e-5 5.72199e-5 1 0 -1.63487e-6 1 2.54299e-4 2.54299e-4 1 0 3.8147e-6 1 0 -1.63487e-6 1 2.49218e-7 -1.63487e-6 1 -1.04672e-5 0 1 -9.23873e-6 0 1 -9.23872e-6 0 -1 -1.22117e-5 0 -1 0 -1.38715e-5 -1 -6.35782e-6 6.35781e-6 -1 0 2.34751e-5 -1 1.74665e-7 -1.63487e-6 -1 0 -1.63487e-6 -1 3.2357e-5 -5.44959e-5 -1 4.87673e-6 -5.20185e-6 -1 -1.93715e-5 0 1 -1.46719e-5 0 1 0 2.95332e-5 1 9.62844e-6 0 1 0 3.26974e-6 1 1.08372e-5 1.04037e-5 1 1.37549e-6 0 -1 0 3.8147e-6 -1 -7.33594e-6 0 -1 0 3.8147e-6 -1 4.07553e-7 1 0 -1.45377e-7 -1 0 -1 0 0 0 -1 0 0 1 0 -1 7.33597e-7 0 1 -3.48906e-7 0 1 8.94062e-7 0 4.07553e-7 1 0 0 -1 0 -1 0 0 -1 -1.78818e-6 0 -1 5.50198e-7 0 0 0 1 -2.87847e-5 -6.69898e-5 1 1.27157e-5 1.27157e-5 1 -2.09343e-5 0 1 0 -7.6294e-6 1 0 1.52588e-5 1 3.91252e-5 -4.73415e-5 1</float_array>
          <technique_common>
            <accessor source="#Cube_008-mesh-normals-array" count="77" stride="3">
              <param name="X" type="float"/>
              <param name="Y" type="float"/>
              <param name="Z" type="float"/>
            </accessor>
          </technique_common>
        </source>
        <vertices id="Cube_008-mesh-vertices">
          <input semantic="POSITION" source="#Cube_008-mesh-positions"/>
        </vertices>
        <polylist material="Material_001_001-material" count="92">
          <input semantic="VERTEX" source="#Cube_008-mesh-vertices" offset="0"/>
          <input semantic="NORMAL" source="#Cube_008-mesh-normals" offset="1"/>
          <vcount>3 3 3 3 3 3 3 3 3 3 3 3 3 3 3 3 3 3 3 3 3 3 3 3 3 3 3 3 3 3 3 3 3 3 3 3 3 3 3 3 3 3 3 3 3 3 3 3 3 3 3 3 3 3 3 3 3 3 3 3 3 3 3 3 3 3 3 3 3 3 3 3 3 3 3 3 3 3 3 3 3 3 3 3 3 3 3 3 3 3 3 3 </vcount>
          <p>41 0 2 0 3 0 16 1 5 1 20 1 4 2 1 2 0 2 5 3 2 3 1 3 2 4 7 4 3 4 0 5 7 5 4 5 21 6 17 6 37 6 7 7 40 7 36 7 4 8 5 8 1 8 5 9 6 9 2 9 2 10 6 10 7 10 0 11 3 11 7 11 9 12 13 12 1 12 9 13 12 13 11 13 20 14 22 14 19 14 19 15 16 15 20 15 24 16 21 16 22 16 13 17 10 17 15 17 14 18 15 18 16 18 17 2 12 2 8 2 25 19 18 19 17 19 29 20 26 20 27 20 36 21 42 21 38 21 37 22 32 22 31 22 40 23 41 23 42 23 33 24 43 24 27 24 32 25 30 25 31 25 35 2 26 2 28 2 41 26 34 26 35 26 30 27 5 27 12 27 0 28 37 28 38 28 0 28 38 28 3 28 29 28 43 28 2 28 41 28 35 28 2 28 28 28 29 28 2 28 3 29 38 29 42 29 35 28 28 28 2 28 3 28 42 28 41 28 7 30 25 30 23 30 7 31 23 31 4 31 10 32 11 32 5 32 15 33 10 33 5 33 4 34 23 34 24 34 4 35 24 35 20 35 15 36 5 36 16 36 4 37 20 37 5 37 0 38 1 38 19 38 1 39 14 39 19 39 32 40 37 40 17 40 2 41 43 41 33 41 33 42 32 42 17 42 0 43 19 43 22 43 0 44 22 44 21 44 17 45 2 45 33 45 37 46 0 46 21 46 7 47 6 47 39 47 6 48 34 48 39 48 18 49 25 49 31 49 36 50 31 50 25 50 7 51 39 51 40 51 36 52 25 52 7 52 2 53 17 53 8 53 2 54 8 54 1 54 13 55 14 55 1 55 8 56 9 56 1 56 11 17 10 17 9 17 9 57 8 57 12 57 20 58 24 58 22 58 19 59 14 59 16 59 24 60 23 60 21 60 13 61 9 61 10 61 14 62 13 62 15 62 17 2 18 2 12 2 17 63 21 63 25 63 23 64 25 64 21 64 29 65 28 65 26 65 36 66 40 66 42 66 31 67 36 67 37 67 38 68 37 68 36 68 40 16 39 16 41 16 27 17 30 17 33 17 43 17 29 17 27 17 32 69 33 69 30 69 35 2 34 2 26 2 41 2 39 2 34 2 12 70 18 70 31 70 12 71 31 71 30 71 5 72 11 72 12 72 26 73 34 73 6 73 27 74 26 74 6 74 6 75 5 75 30 75 30 76 27 76 6 76</p>
        </polylist>
      </mesh>
    </geometry>
    <geometry id="Cube_009-mesh" name="Cube.009">
      <mesh>
        <source id="Cube_009-mesh-positions">
          <float_array id="Cube_009-mesh-positions-array" count="24">1 1 -1 1 -1 -1 -1 -0.9999998 -1 -0.9999997 1 -1 1 0.9999995 1 0.9999994 -1.000001 1 -1 -0.9999997 1 -1 1 1</float_array>
          <technique_common>
            <accessor source="#Cube_009-mesh-positions-array" count="8" stride="3">
              <param name="X" type="float"/>
              <param name="Y" type="float"/>
              <param name="Z" type="float"/>
            </accessor>
          </technique_common>
        </source>
        <source id="Cube_009-mesh-normals">
          <float_array id="Cube_009-mesh-normals-array" count="36">0 0 -1 0 0 1 1 0 0 0 -1 -4.76837e-7 -1 1.19209e-7 -1.49012e-7 2.38419e-7 1 2.38419e-7 0 0 -1 0 0 1 1 -2.98023e-7 2.98023e-7 -6.25849e-7 -1 0 -1 0 0 0 1 0</float_array>
          <technique_common>
            <accessor source="#Cube_009-mesh-normals-array" count="12" stride="3">
              <param name="X" type="float"/>
              <param name="Y" type="float"/>
              <param name="Z" type="float"/>
            </accessor>
          </technique_common>
        </source>
        <vertices id="Cube_009-mesh-vertices">
          <input semantic="POSITION" source="#Cube_009-mesh-positions"/>
        </vertices>
        <polylist material="Material_001_001-material" count="12">
          <input semantic="VERTEX" source="#Cube_009-mesh-vertices" offset="0"/>
          <input semantic="NORMAL" source="#Cube_009-mesh-normals" offset="1"/>
          <vcount>3 3 3 3 3 3 3 3 3 3 3 3 </vcount>
          <p>0 0 2 0 3 0 7 1 5 1 4 1 4 2 1 2 0 2 5 3 2 3 1 3 2 4 7 4 3 4 0 5 7 5 4 5 0 6 1 6 2 6 7 7 6 7 5 7 4 8 5 8 1 8 5 9 6 9 2 9 2 10 6 10 7 10 0 11 3 11 7 11</p>
        </polylist>
      </mesh>
    </geometry>
    <geometry id="Cube_010-mesh" name="Cube.010">
      <mesh>
        <source id="Cube_010-mesh-positions">
          <float_array id="Cube_010-mesh-positions-array" count="24">1 1 -1 1 -1 -1 -1 -0.9999998 -1 -0.9999997 1 -1 1 0.9999995 1 0.9999994 -1.000001 1 -1 -0.9999997 1 -1 1 1</float_array>
          <technique_common>
            <accessor source="#Cube_010-mesh-positions-array" count="8" stride="3">
              <param name="X" type="float"/>
              <param name="Y" type="float"/>
              <param name="Z" type="float"/>
            </accessor>
          </technique_common>
        </source>
        <source id="Cube_010-mesh-normals">
          <float_array id="Cube_010-mesh-normals-array" count="36">0 0 -1 0 0 1 1 0 0 0 -1 -4.76837e-7 -1 1.19209e-7 -1.49012e-7 2.38419e-7 1 2.38419e-7 0 0 -1 0 0 1 1 -2.98023e-7 2.98023e-7 -6.25849e-7 -1 0 -1 0 0 0 1 0</float_array>
          <technique_common>
            <accessor source="#Cube_010-mesh-normals-array" count="12" stride="3">
              <param name="X" type="float"/>
              <param name="Y" type="float"/>
              <param name="Z" type="float"/>
            </accessor>
          </technique_common>
        </source>
        <vertices id="Cube_010-mesh-vertices">
          <input semantic="POSITION" source="#Cube_010-mesh-positions"/>
        </vertices>
        <polylist material="Material_001_001-material" count="12">
          <input semantic="VERTEX" source="#Cube_010-mesh-vertices" offset="0"/>
          <input semantic="NORMAL" source="#Cube_010-mesh-normals" offset="1"/>
          <vcount>3 3 3 3 3 3 3 3 3 3 3 3 </vcount>
          <p>0 0 2 0 3 0 7 1 5 1 4 1 4 2 1 2 0 2 5 3 2 3 1 3 2 4 7 4 3 4 0 5 7 5 4 5 0 6 1 6 2 6 7 7 6 7 5 7 4 8 5 8 1 8 5 9 6 9 2 9 2 10 6 10 7 10 0 11 3 11 7 11</p>
        </polylist>
      </mesh>
    </geometry>
  </library_geometries>
  <library_controllers/>
  <library_visual_scenes>
    <visual_scene id="Scene" name="Scene">
      <node id="___DUMMY_Mitsubishi" name="___DUMMY_Mitsubishi" type="NODE">
        <matrix sid="transform">0.015 0 0 -2.09022e-4 0 0.015 0 -0.5170226 0 0 0.015 -0.1505338 0 0 0 1</matrix>
      </node>
      <node id="Camera" name="Camera" type="NODE">
        <matrix sid="transform">0.6859207 -0.3240134 0.6515582 7.481132 0.7276763 0.3054208 -0.6141704 -6.50764 -4.01133e-9 0.8953956 0.4452714 5.343665 0 0 0 1</matrix>
        <instance_camera url="#Camera-camera"/>
      </node>
      <node id="Lamp" name="Lamp" type="NODE">
        <matrix sid="transform">-0.5817293 1.542202 1.132787 0.1804376 1.910342 0.3997667 0.4367824 5.153594 -0.1103781 -1.20905 1.589345 5.782031 0 0 0 1</matrix>
        <instance_light url="#Lamp-light"/>
      </node>
      <node id="Cube" name="Cube" type="NODE">
        <matrix sid="transform">6 0 0 0 0 1.2 0 0 0 0 1.3 0 0 0 0 1</matrix>
        <instance_geometry url="#Cube-mesh" name="Cube">
          <bind_material>
            <technique_common>
              <instance_material symbol="Material_001-material" target="#Material_001-material"/>
            </technique_common>
          </bind_material>
        </instance_geometry>
      </node>
      <node id="Hino_700__2845__Tractor_Truck_3axle_2009" name="Hino_700__2845__Tractor_Truck_3axle_2009" type="NODE">
        <matrix sid="transform">-4.37114e-10 0.01000001 0 3.053723 -0.01000001 -4.37114e-10 0 0.9566584 0 0 0.01000001 -2.484836 0 0 0 1</matrix>
        <node id="bolt17" name="bolt17" type="NODE">
          <matrix sid="transform">1 5.5644e-9 0 -4.57764e-5 3.55271e-15 1 0 -264.255 -2.27374e-15 0 1 259.6629 0 0 0 1</matrix>
          <instance_geometry url="#bolt17Mesh-mesh" name="bolt17">
            <bind_material>
              <technique_common>
                <instance_material symbol="black_001-material" target="#black_001-material"/>
              </technique_common>
            </bind_material>
          </instance_geometry>
        </node>
        <node id="bolt12" name="bolt12" type="NODE">
          <matrix sid="transform">1 5.5644e-9 0 -10.20097 3.55271e-15 1 0 129.6436 -2.27374e-15 0 1 52.49452 0 0 0 1</matrix>
          <instance_geometry url="#bolt12Mesh-mesh" name="bolt12">
            <bind_material>
              <technique_common>
                <instance_material symbol="mattemetal_001-material" target="#mattemetal_001-material"/>
              </technique_common>
            </bind_material>
          </instance_geometry>
        </node>
        <node id="tire36" name="tire36" type="NODE">
          <matrix sid="transform">1 5.5644e-9 0 6.629547 3.55271e-15 1 0 129.6437 -2.27374e-15 0 1 52.47357 0 0 0 1</matrix>
          <instance_geometry url="#tire36Mesh-mesh" name="tire36">
            <bind_material>
              <technique_common>
                <instance_material symbol="tire_001-material" target="#tire_001-material"/>
              </technique_common>
            </bind_material>
          </instance_geometry>
        </node>
        <node id="bolt11" name="bolt11" type="NODE">
          <matrix sid="transform">1 5.5644e-9 0 -17.81722 3.55271e-15 1 0 129.6436 -2.27374e-15 0 1 52.46262 0 0 0 1</matrix>
          <instance_geometry url="#bolt11Mesh-mesh" name="bolt11">
            <bind_material>
              <technique_common>
                <instance_material symbol="mattemetal_001-material" target="#mattemetal_001-material"/>
              </technique_common>
            </bind_material>
          </instance_geometry>
        </node>
        <node id="rim14" name="rim14" type="NODE">
          <matrix sid="transform">1 5.5644e-9 0 -7.587807 3.55271e-15 1 0 129.6436 -2.27374e-15 0 1 52.47356 0 0 0 1</matrix>
          <instance_geometry url="#rim14Mesh-mesh" name="rim14">
            <bind_material>
              <technique_common>
                <instance_material symbol="rim_001-material" target="#rim_001-material"/>
              </technique_common>
            </bind_material>
          </instance_geometry>
        </node>
        <node id="tire35" name="tire35" type="NODE">
          <matrix sid="transform">1 5.5644e-9 0 -22.19045 3.55271e-15 1 0 129.6437 -2.27374e-15 0 1 52.47356 0 0 0 1</matrix>
          <instance_geometry url="#tire35Mesh-mesh" name="tire35">
            <bind_material>
              <technique_common>
                <instance_material symbol="tire_001-material" target="#tire_001-material"/>
              </technique_common>
            </bind_material>
          </instance_geometry>
        </node>
        <node id="rim_detail3" name="rim_detail3" type="NODE">
          <matrix sid="transform">1 5.5644e-9 0 -15.77508 3.55271e-15 1 0 129.6436 -2.27374e-15 0 1 52.47357 0 0 0 1</matrix>
          <instance_geometry url="#rim_detail3Mesh-mesh" name="rim_detail3">
            <bind_material>
              <technique_common>
                <instance_material symbol="black_001-material" target="#black_001-material"/>
              </technique_common>
            </bind_material>
          </instance_geometry>
        </node>
        <node id="bolt8" name="bolt8" type="NODE">
          <matrix sid="transform">1 5.5644e-9 0 190.2009 3.55271e-15 1 0 129.6436 -2.27374e-15 0 1 52.49452 0 0 0 1</matrix>
          <instance_geometry url="#bolt8Mesh-mesh" name="bolt8">
            <bind_material>
              <technique_common>
                <instance_material symbol="mattemetal_001-material" target="#mattemetal_001-material"/>
              </technique_common>
            </bind_material>
          </instance_geometry>
        </node>
        <node id="tire26" name="tire26" type="NODE">
          <matrix sid="transform">1 5.5644e-9 0 173.3704 3.55271e-15 1 0 129.6437 -2.27374e-15 0 1 52.47357 0 0 0 1</matrix>
          <instance_geometry url="#tire26Mesh-mesh" name="tire26">
            <bind_material>
              <technique_common>
                <instance_material symbol="tire_001-material" target="#tire_001-material"/>
              </technique_common>
            </bind_material>
          </instance_geometry>
        </node>
        <node id="bolt3" name="bolt3" type="NODE">
          <matrix sid="transform">1 5.5644e-9 0 197.8171 3.55271e-15 1 0 129.6436 -2.27374e-15 0 1 52.46262 0 0 0 1</matrix>
          <instance_geometry url="#bolt3Mesh-mesh" name="bolt3">
            <bind_material>
              <technique_common>
                <instance_material symbol="mattemetal_001-material" target="#mattemetal_001-material"/>
              </technique_common>
            </bind_material>
          </instance_geometry>
        </node>
        <node id="rim3" name="rim3" type="NODE">
          <matrix sid="transform">1 5.5644e-9 0 187.5877 3.55271e-15 1 0 129.6436 -2.27374e-15 0 1 52.47356 0 0 0 1</matrix>
          <instance_geometry url="#rim3Mesh-mesh" name="rim3">
            <bind_material>
              <technique_common>
                <instance_material symbol="rim_001-material" target="#rim_001-material"/>
              </technique_common>
            </bind_material>
          </instance_geometry>
        </node>
        <node id="tire25" name="tire25" type="NODE">
          <matrix sid="transform">1 5.5644e-9 0 202.1904 3.55271e-15 1 0 129.6437 -2.27374e-15 0 1 52.47356 0 0 0 1</matrix>
          <instance_geometry url="#tire25Mesh-mesh" name="tire25">
            <bind_material>
              <technique_common>
                <instance_material symbol="tire_001-material" target="#tire_001-material"/>
              </technique_common>
            </bind_material>
          </instance_geometry>
        </node>
        <node id="rim_detail1" name="rim_detail1" type="NODE">
          <matrix sid="transform">1 5.5644e-9 0 195.775 3.55271e-15 1 0 129.6436 -2.27374e-15 0 1 52.47357 0 0 0 1</matrix>
          <instance_geometry url="#rim_detail1Mesh-mesh" name="rim_detail1">
            <bind_material>
              <technique_common>
                <instance_material symbol="black_001-material" target="#black_001-material"/>
              </technique_common>
            </bind_material>
          </instance_geometry>
        </node>
      </node>
      <node id="Hino_700__2845__Tractor_Truck_3axle_2009_001" name="Hino_700__2845__Tractor_Truck_3axle_2009_001" type="NODE">
        <matrix sid="transform">-4.37114e-10 0.01000001 0 0.5537233 -0.01000001 -4.37114e-10 0 0.9566584 0 0 0.01000001 -2.284836 0 0 0 1</matrix>
        <node id="rim_detail1_001" name="rim_detail1_001" type="NODE">
          <matrix sid="transform">1 4.37114e-8 3.8147e-8 195.775 2.22976e-8 1 0 229.6436 -2.72374e-7 -1.19058e-14 1 32.47354 0 0 0 1</matrix>
          <instance_geometry url="#rim_detail1Mesh_001-mesh" name="rim_detail1_001">
            <bind_material>
              <technique_common>
                <instance_material symbol="black_001-material" target="#black_001-material"/>
              </technique_common>
            </bind_material>
          </instance_geometry>
        </node>
        <node id="tire25_001" name="tire25_001" type="NODE">
          <matrix sid="transform">1 4.37114e-8 3.8147e-8 202.1904 2.22976e-8 1 0 229.6436 -2.72374e-7 -1.19058e-14 1 32.47353 0 0 0 1</matrix>
          <instance_geometry url="#tire25Mesh_001-mesh" name="tire25_001">
            <bind_material>
              <technique_common>
                <instance_material symbol="tire_001-material" target="#tire_001-material"/>
              </technique_common>
            </bind_material>
          </instance_geometry>
        </node>
        <node id="rim3_001" name="rim3_001" type="NODE">
          <matrix sid="transform">1 4.37114e-8 3.8147e-8 187.5877 2.22976e-8 1 0 229.6436 -2.72374e-7 -1.19058e-14 1 32.47353 0 0 0 1</matrix>
          <instance_geometry url="#rim3Mesh_001-mesh" name="rim3_001">
            <bind_material>
              <technique_common>
                <instance_material symbol="rim_001-material" target="#rim_001-material"/>
              </technique_common>
            </bind_material>
          </instance_geometry>
        </node>
        <node id="bolt3_001" name="bolt3_001" type="NODE">
          <matrix sid="transform">1 4.37114e-8 3.8147e-8 197.8171 2.22976e-8 1 0 229.6435 -2.72374e-7 -1.19058e-14 1 32.46257 0 0 0 1</matrix>
          <instance_geometry url="#bolt3Mesh_001-mesh" name="bolt3_001">
            <bind_material>
              <technique_common>
                <instance_material symbol="mattemetal_001-material" target="#mattemetal_001-material"/>
              </technique_common>
            </bind_material>
          </instance_geometry>
        </node>
        <node id="tire26_001" name="tire26_001" type="NODE">
          <matrix sid="transform">1 4.37114e-8 3.8147e-8 173.3704 2.22976e-8 1 0 229.6436 -2.72374e-7 -1.19058e-14 1 32.47356 0 0 0 1</matrix>
          <instance_geometry url="#tire26Mesh_001-mesh" name="tire26_001">
            <bind_material>
              <technique_common>
                <instance_material symbol="tire_001-material" target="#tire_001-material"/>
              </technique_common>
            </bind_material>
          </instance_geometry>
        </node>
        <node id="bolt8_001" name="bolt8_001" type="NODE">
          <matrix sid="transform">1 4.37114e-8 3.8147e-8 190.2009 2.22976e-8 1 0 229.6435 -2.72374e-7 -1.19058e-14 1 32.49448 0 0 0 1</matrix>
          <instance_geometry url="#bolt8Mesh_001-mesh" name="bolt8_001">
            <bind_material>
              <technique_common>
                <instance_material symbol="mattemetal_001-material" target="#mattemetal_001-material"/>
              </technique_common>
            </bind_material>
          </instance_geometry>
        </node>
        <node id="rim_detail3_001" name="rim_detail3_001" type="NODE">
          <matrix sid="transform">1 4.37114e-8 3.8147e-8 -15.77509 2.22976e-8 1 0 229.6436 -2.72374e-7 -1.19058e-14 1 32.4736 0 0 0 1</matrix>
          <instance_geometry url="#rim_detail3Mesh_002-mesh" name="rim_detail3_001">
            <bind_material>
              <technique_common>
                <instance_material symbol="black_001-material" target="#black_001-material"/>
              </technique_common>
            </bind_material>
          </instance_geometry>
        </node>
        <node id="tire35_001" name="tire35_001" type="NODE">
          <matrix sid="transform">1 4.37114e-8 3.8147e-8 -22.19046 2.22976e-8 1 0 229.6436 -2.72374e-7 -1.19058e-14 1 32.47359 0 0 0 1</matrix>
          <instance_geometry url="#tire35Mesh_002-mesh" name="tire35_001">
            <bind_material>
              <technique_common>
                <instance_material symbol="tire_001-material" target="#tire_001-material"/>
              </technique_common>
            </bind_material>
          </instance_geometry>
        </node>
        <node id="rim14_001" name="rim14_001" type="NODE">
          <matrix sid="transform">1 4.37114e-8 3.8147e-8 -7.58783 2.22976e-8 1 0 229.6436 -2.72374e-7 -1.19058e-14 1 32.47359 0 0 0 1</matrix>
          <instance_geometry url="#rim14Mesh_002-mesh" name="rim14_001">
            <bind_material>
              <technique_common>
                <instance_material symbol="rim_001-material" target="#rim_001-material"/>
              </technique_common>
            </bind_material>
          </instance_geometry>
        </node>
        <node id="bolt11_001" name="bolt11_001" type="NODE">
          <matrix sid="transform">1 4.37114e-8 3.8147e-8 -17.81723 2.22976e-8 1 0 229.6435 -2.72374e-7 -1.19058e-14 1 32.46263 0 0 0 1</matrix>
          <instance_geometry url="#bolt11Mesh_002-mesh" name="bolt11_001">
            <bind_material>
              <technique_common>
                <instance_material symbol="mattemetal_001-material" target="#mattemetal_001-material"/>
              </technique_common>
            </bind_material>
          </instance_geometry>
        </node>
        <node id="tire36_001" name="tire36_001" type="NODE">
          <matrix sid="transform">1 4.37114e-8 3.8147e-8 6.629539 2.22976e-8 1 0 229.6436 -2.72374e-7 -1.19058e-14 1 32.4736 0 0 0 1</matrix>
          <instance_geometry url="#tire36Mesh_002-mesh" name="tire36_001">
            <bind_material>
              <technique_common>
                <instance_material symbol="tire_001-material" target="#tire_001-material"/>
              </technique_common>
            </bind_material>
          </instance_geometry>
        </node>
        <node id="bolt12_001" name="bolt12_001" type="NODE">
          <matrix sid="transform">1 4.37114e-8 3.8147e-8 -10.20098 2.22976e-8 1 0 229.6435 -2.72374e-7 -1.19058e-14 1 32.49454 0 0 0 1</matrix>
          <instance_geometry url="#bolt12Mesh_002-mesh" name="bolt12_001">
            <bind_material>
              <technique_common>
                <instance_material symbol="mattemetal_001-material" target="#mattemetal_001-material"/>
              </technique_common>
            </bind_material>
          </instance_geometry>
        </node>
      </node>
      <node id="Plane" name="Plane" type="NODE">
        <matrix sid="transform">-5.24537e-8 -6 0 -0.001157284 1.2 -2.62268e-7 0 -0.006952763 0 0 1 1.303064 0 0 0 1</matrix>
        <instance_geometry url="#Plane-mesh" name="Plane">
          <bind_material>
            <technique_common>
              <instance_material symbol="Material-material" target="#Material-material">
                <bind_vertex_input semantic="UVMap" input_semantic="TEXCOORD" input_set="0"/>
              </instance_material>
            </technique_common>
          </bind_material>
        </instance_geometry>
      </node>
      <node id="Plane_001" name="Plane_001" type="NODE">
        <matrix sid="transform">-6 8.58031e-15 -1.50996e-7 6.016957 9.05975e-7 5.68248e-8 -1 2.295556 0 -1.3 -4.37114e-8 -1.396769 0 0 0 1</matrix>
        <instance_geometry url="#Plane_002-mesh" name="Plane_001">
          <bind_material>
            <technique_common>
              <instance_material symbol="Material_002-material" target="#Material_002-material">
                <bind_vertex_input semantic="UVMap" input_semantic="TEXCOORD" input_set="0"/>
              </instance_material>
            </technique_common>
          </bind_material>
        </instance_geometry>
      </node>
      <node id="Lamp_001" name="Lamp_001" type="NODE">
        <matrix sid="transform">-0.5817293 1.542202 1.132787 0.1804376 1.910342 0.3997667 0.4367824 -4.846406 -0.1103781 -1.20905 1.589345 5.782031 0 0 0 1</matrix>
        <instance_light url="#Lamp_001-light"/>
      </node>
      <node id="Plane_002" name="Plane_002" type="NODE">
        <matrix sid="transform">6 0 0 -5.983043 0 -5.68248e-8 1 -2.284444 0 -1.3 -4.37114e-8 -1.396769 0 0 0 1</matrix>
        <instance_geometry url="#Plane_003-mesh" name="Plane_002">
          <bind_material>
            <technique_common>
              <instance_material symbol="Material_002-material" target="#Material_002-material">
                <bind_vertex_input semantic="UVMap" input_semantic="TEXCOORD" input_set="0"/>
              </instance_material>
            </technique_common>
          </bind_material>
        </instance_geometry>
      </node>
      <node id="Plane_003" name="Plane_003" type="NODE">
        <matrix sid="transform">1.2 0 0 -5.983043 0 1.3 0 -4.784444 0 0 1 -1.396769 0 0 0 1</matrix>
        <instance_geometry url="#Plane_004-mesh" name="Plane_003">
          <bind_material>
            <technique_common>
              <instance_material symbol="Material_003-material" target="#Material_003-material"/>
            </technique_common>
          </bind_material>
        </instance_geometry>
      </node>
      <node id="Plane_012" name="Plane_012" type="NODE">
        <matrix sid="transform">-5.24537e-8 -1 0 6.016957 1.2 -4.37114e-8 0 0.01555568 0 0 1.3 0.003231168 0 0 0 1</matrix>
        <instance_geometry url="#Plane_013-mesh" name="Plane_012">
          <bind_material>
            <technique_common>
              <instance_material symbol="Material_004-material" target="#Material_004-material">
                <bind_vertex_input semantic="UVMap" input_semantic="TEXCOORD" input_set="0"/>
              </instance_material>
            </technique_common>
          </bind_material>
        </instance_geometry>
      </node>
      <node id="Lamp_002" name="Lamp_002" type="NODE">
        <matrix sid="transform">-0.5817293 1.542202 1.132787 8.530628 1.910342 0.3997667 0.4367824 0.1074262 -0.1103781 -1.20905 1.589345 -0.01279831 0 0 0 1</matrix>
        <instance_light url="#Lamp_002-light"/>
      </node>
      <node id="Plane_004" name="Plane_004" type="NODE">
        <matrix sid="transform">-5.24537e-8 -1 0 -5.983043 1.2 -4.37114e-8 0 0.01555568 0 0 1.3 0.003231168 0 0 0 1</matrix>
        <instance_geometry url="#Plane_014-mesh" name="Plane_004">
          <bind_material>
            <technique_common>
              <instance_material symbol="Material_004-material" target="#Material_004-material">
                <bind_vertex_input semantic="UVMap" input_semantic="TEXCOORD" input_set="0"/>
              </instance_material>
            </technique_common>
          </bind_material>
        </instance_geometry>
      </node>
      <node id="Lamp_003" name="Lamp_003" type="NODE">
        <matrix sid="transform">-0.5817293 1.542202 1.132787 -9.469372 1.910342 0.3997667 0.4367824 0.1074262 -0.1103781 -1.20905 1.589345 -0.01279831 0 0 0 1</matrix>
        <instance_light url="#Lamp_003-light"/>
      </node>
      <node id="Plane_005" name="Plane_005" type="NODE">
        <matrix sid="transform">-5.24537e-8 1 0 -6.003043 -1.2 -4.37114e-8 0 0.01555568 0 0 1.3 0.003231168 0 0 0 1</matrix>
        <instance_geometry url="#Plane_015-mesh" name="Plane_005">
          <bind_material>
            <technique_common>
              <instance_material symbol="Material_004-material" target="#Material_004-material">
                <bind_vertex_input semantic="UVMap" input_semantic="TEXCOORD" input_set="0"/>
              </instance_material>
            </technique_common>
          </bind_material>
        </instance_geometry>
      </node>
      <node id="Cube_001" name="Cube_001" type="NODE">
        <matrix sid="transform">6 0 0 0 0 1.2 0 0 0 0 0.025 -1.34 0 0 0 1</matrix>
        <instance_geometry url="#Cube_001-mesh" name="Cube_001">
          <bind_material>
            <technique_common>
              <instance_material symbol="Material_001_001-material" target="#Material_001_001-material"/>
            </technique_common>
          </bind_material>
        </instance_geometry>
      </node>
      <node id="Cube_002" name="Cube_002" type="NODE">
        <matrix sid="transform">2 0 0 0.06024086 0 -1.31134e-8 -0.025 1.097833 0 0.2999999 -1.09278e-9 -1.941489 0 0 0 1</matrix>
        <instance_geometry url="#Cube_002-mesh" name="Cube_002">
          <bind_material>
            <technique_common>
              <instance_material symbol="Material_001_001-material" target="#Material_001_001-material"/>
            </technique_common>
          </bind_material>
        </instance_geometry>
      </node>
      <node id="Cube_005" name="Cube_005" type="NODE">
        <matrix sid="transform">2 0 0 0.06024086 0 -1.31134e-8 -0.025 1.097833 0 0.2999999 -1.09278e-9 -1.941489 0 0 0 1</matrix>
        <instance_geometry url="#Cube_005-mesh" name="Cube_005">
          <bind_material>
            <technique_common>
              <instance_material symbol="Material_001_001-material" target="#Material_001_001-material"/>
            </technique_common>
          </bind_material>
        </instance_geometry>
      </node>
      <node id="Cube_008" name="Cube_008" type="NODE">
        <matrix sid="transform">2 0 0 0.06024086 0 -1.31134e-8 -0.025 -1.002167 0 0.2999999 -1.09278e-9 -1.941489 0 0 0 1</matrix>
        <instance_geometry url="#Cube_008-mesh" name="Cube_008">
          <bind_material>
            <technique_common>
              <instance_material symbol="Material_001_001-material" target="#Material_001_001-material"/>
            </technique_common>
          </bind_material>
        </instance_geometry>
      </node>
      <node id="Cube_009" name="Cube_009" type="NODE">
        <matrix sid="transform">0.5 0 0 0.06024086 0 0.2121319 -0.01767767 -0.8021672 0 0.2121319 0.01767767 -1.441489 0 0 0 1</matrix>
        <instance_geometry url="#Cube_009-mesh" name="Cube_009">
          <bind_material>
            <technique_common>
              <instance_material symbol="Material_001_001-material" target="#Material_001_001-material"/>
            </technique_common>
          </bind_material>
        </instance_geometry>
      </node>
      <node id="Cube_010" name="Cube_010" type="NODE">
        <matrix sid="transform">0.5 0 0 0.06024086 0 0.2121319 0.01767767 0.8978328 0 -0.2121319 0.01767767 -1.441489 0 0 0 1</matrix>
        <instance_geometry url="#Cube_010-mesh" name="Cube_010">
          <bind_material>
            <technique_common>
              <instance_material symbol="Material_001_001-material" target="#Material_001_001-material"/>
            </technique_common>
          </bind_material>
        </instance_geometry>
      </node>
    </visual_scene>
  </library_visual_scenes>
  <scene>
    <instance_visual_scene url="#Scene"/>
  </scene>
</COLLADA>